timestamp_local,ZON_NORR,ZON_MITT,ZON_SYDVÄST,ZON_EXTERN,total_mw,temp_north,temp_mid,temp_south
2025-01-01 01:00:00,617.0,3146.3,617.2,1253.1,5633.6,-9.1,-0.6,5.5
2025-01-01 02:00:00,587.8,3067.8,607.4,1223.6,5486.6,-11.6,0.2,5.9
2025-01-01 03:00:00,593.7,2995.5,598.5,1219.3,5407.0,-12.2,0.6,6.0
2025-01-01 04:00:00,655.1,2970.7,597.6,1219.8,5443.2,-12.5,1.2,6.3
2025-01-01 05:00:00,656.5,3007.2,587.8,1236.1,5487.6,-12.6,1.5,6.7
2025-01-01 06:00:00,667.9,3079.2,590.7,1243.1,5580.9,-14.0,1.0,7.1
2025-01-01 07:00:00,691.2,3122.5,578.1,1249.8,5641.6,-13.8,0.7,7.3
2025-01-01 08:00:00,720.1,3171.7,618.6,1251.2,5761.6,-13.4,0.2,7.7
2025-01-01 09:00:00,684.1,3266.8,635.0,1260.2,5846.1,-13.2,-0.1,7.8
2025-01-01 10:00:00,728.2,3388.7,667.5,1267.9,6052.3,-13.5,-0.3,7.8
2025-01-01 11:00:00,743.2,3487.0,691.9,1274.1,6196.2,-14.2,-0.4,7.6
2025-01-01 12:00:00,747.9,3565.9,700.6,1278.5,6292.9,-15.1,-0.3,7.3
2025-01-01 13:00:00,768.5,3646.0,724.7,,5139.2,-15.4,-0.5,7.2
2025-01-01 14:00:00,686.8,3734.3,826.5,1304.7,6552.3,-17.3,-1.0,7.2
2025-01-01 15:00:00,636.9,3855.8,847.2,1328.4,6668.3,-17.3,-1.2,7.1
2025-01-01 16:00:00,652.7,3917.7,832.9,1331.5,6734.8,-16.6,-1.1,7.1
2025-01-01 17:00:00,705.9,3927.5,828.3,1328.9,6790.6,-15.9,-1.2,7.1
2025-01-01 18:00:00,709.9,3864.9,757.8,1324.3,6656.9,-15.6,-1.7,7.1
2025-01-01 19:00:00,699.8,3822.3,723.3,1306.3,6551.7,-15.4,-2.1,6.7
2025-01-01 20:00:00,637.9,3795.9,667.8,1278.8,6380.4,-14.8,-2.4,6.4
2025-01-01 21:00:00,638.7,3764.3,640.5,1303.7,6347.2,-14.7,-2.6,6.2
2025-01-01 22:00:00,739.5,3677.0,633.8,1285.0,6335.3,-14.6,-3.2,6.0
2025-01-01 23:00:00,721.1,3562.6,661.5,1268.8,6214.0,-14.4,-3.9,5.6
2025-01-02 00:00:00,718.6,3486.4,740.5,1259.9,6205.4,-14.5,-5.0,5.1
2025-01-02 01:00:00,656.8,3428.7,754.1,1253.6,6093.2,-13.9,-5.6,4.4
2025-01-02 02:00:00,736.5,3406.3,752.6,1253.0,6148.4,-16.0,-6.1,3.0
2025-01-02 03:00:00,716.4,3417.3,740.5,1254.6,6128.8,-16.2,-6.7,2.6
2025-01-02 04:00:00,754.9,3462.6,767.6,1273.5,6258.6,-16.2,-6.9,1.8
2025-01-02 05:00:00,741.8,3606.9,789.1,1324.0,6461.8,-16.4,-6.8,1.9
2025-01-02 06:00:00,785.4,3842.1,850.4,1352.0,6829.9,-16.5,-6.4,1.3
2025-01-02 07:00:00,746.4,4067.2,932.6,1375.8,7122.0,-16.9,-6.3,0.9
2025-01-02 08:00:00,752.9,4142.5,959.1,1363.8,7218.3,-17.1,-6.6,0.5
2025-01-02 09:00:00,791.5,4159.4,956.8,1372.4,7280.1,-17.1,-6.8,0.4
2025-01-02 10:00:00,782.3,4237.9,954.5,1380.5,7355.2,-17.0,-6.3,0.7
2025-01-02 11:00:00,830.8,4228.5,947.9,1385.4,7392.6,-16.7,-5.6,1.1
2025-01-02 12:00:00,840.2,4205.4,939.5,1389.4,7374.5,-16.9,-5.5,1.4
2025-01-02 13:00:00,799.2,4163.0,925.5,1376.1,7263.8,-17.2,-5.5,1.4
2025-01-02 14:00:00,775.4,4161.7,924.9,1393.6,7255.6,-17.9,-5.5,1.9
2025-01-02 15:00:00,819.9,4302.8,989.3,1393.3,7505.3,-17.5,-5.4,1.8
2025-01-02 16:00:00,881.6,4334.7,1001.1,1396.1,7613.5,-16.8,-5.5,1.5
2025-01-02 17:00:00,915.4,4354.2,952.5,1393.9,7616.0,-16.7,-5.7,1.4
2025-01-02 18:00:00,859.4,4375.7,924.9,1393.3,7553.3,-16.9,-6.0,1.5
2025-01-02 19:00:00,820.1,4360.1,913.4,1370.1,7463.7,-16.8,-6.3,1.7
2025-01-02 20:00:00,790.0,4227.9,886.6,1332.6,7237.1,-16.6,-6.7,1.6
2025-01-02 21:00:00,736.3,4107.6,863.0,1352.5,7059.4,-16.7,-6.9,1.5
2025-01-02 22:00:00,759.2,4002.7,855.0,1341.9,6958.8,-16.9,-7.1,1.6
2025-01-02 23:00:00,748.5,3906.0,844.9,1316.2,6815.6,-17.6,-7.2,1.6
2025-01-03 00:00:00,733.2,3843.4,829.1,1296.6,6702.3,-17.8,-7.3,1.5
2025-01-03 01:00:00,664.9,3801.1,853.0,1282.5,6601.5,-17.8,-7.3,1.4
2025-01-03 02:00:00,697.7,3743.8,832.9,1283.7,6558.1,-15.3,-6.3,1.2
2025-01-03 03:00:00,722.1,3679.6,815.3,1294.8,6511.8,-15.3,-6.3,1.1
2025-01-03 04:00:00,727.4,3675.3,828.0,1308.4,6539.1,-15.3,-6.8,1.1
2025-01-03 05:00:00,764.7,3784.5,826.2,1352.8,6728.2,-15.4,-7.4,0.8
2025-01-03 06:00:00,781.9,3987.4,876.9,1379.9,7026.1,-15.2,-7.5,1.0
2025-01-03 07:00:00,735.3,4236.0,927.2,1400.8,7299.3,-15.0,-7.6,1.5
2025-01-03 08:00:00,765.7,4415.8,932.4,1397.3,7511.2,-15.5,-8.2,1.8
2025-01-03 09:00:00,776.3,4507.7,920.0,1408.0,7612.0,-15.5,-10.5,1.4
2025-01-03 10:00:00,796.9,4608.4,978.4,1424.7,7808.4,-15.3,-10.6,1.7
2025-01-03 11:00:00,745.2,4630.2,976.6,1442.5,7794.5,-14.9,-9.9,2.0
2025-01-03 12:00:00,778.3,4613.9,1049.4,1444.0,7885.6,-14.6,-10.1,1.0
2025-01-03 13:00:00,797.1,4562.1,1020.6,1436.3,7816.1,-14.6,-9.5,-0.2
2025-01-03 14:00:00,747.9,4533.1,,1450.0,6731.0,-16.0,-9.5,0.1
2025-01-03 15:00:00,696.1,4499.2,1012.0,1463.4,7670.7,-15.3,-11.0,0.3
2025-01-03 16:00:00,805.9,4562.4,1079.6,1465.3,7913.2,-15.6,-11.4,0.4
2025-01-03 17:00:00,772.6,4596.9,1077.9,1464.3,7911.7,-16.0,-10.8,1.0
2025-01-03 18:00:00,830.6,4542.9,1053.4,1464.8,7891.7,-14.3,-10.9,1.4
2025-01-03 19:00:00,850.9,4440.3,994.2,1444.7,7730.1,-14.4,-10.8,1.8
2025-01-03 20:00:00,802.6,4327.9,950.2,1414.0,7494.7,-13.7,-10.8,1.4
2025-01-03 21:00:00,775.8,4222.3,882.9,1423.0,7304.0,-13.6,-10.4,0.8
2025-01-03 22:00:00,726.3,4196.9,886.1,1404.2,7213.5,-13.4,-10.5,0.2
2025-01-03 23:00:00,665.3,4108.9,890.1,1379.9,7044.2,-13.7,-10.3,-1.2
2025-01-04 00:00:00,686.6,4085.8,880.3,1381.9,7034.6,-14.1,-10.3,-1.8
2025-01-04 01:00:00,677.0,3993.6,868.5,1373.2,6912.3,-14.4,-9.5,-1.6
2025-01-04 02:00:00,679.5,3928.8,872.0,1355.4,6835.7,-18.1,-9.7,-2.0
2025-01-04 03:00:00,660.6,3910.9,889.5,1339.3,6800.3,-18.5,-9.3,-2.3
2025-01-04 04:00:00,656.6,3890.0,931.2,1345.2,6823.0,-18.5,-8.9,-2.0
2025-01-04 05:00:00,642.3,3915.1,939.3,1363.1,6859.8,-18.6,-8.6,-1.5
2025-01-04 06:00:00,658.2,3945.7,942.1,1366.8,6912.8,-18.9,-8.9,-1.2
2025-01-04 07:00:00,663.7,3950.3,928.9,1378.9,6921.8,-18.5,-9.2,-1.0
2025-01-04 08:00:00,743.8,4034.0,919.4,1374.4,7071.6,-18.2,-8.9,-0.5
2025-01-04 09:00:00,782.3,4145.1,943.6,1388.2,7259.2,-18.0,-8.7,0.1
2025-01-04 10:00:00,828.4,4283.9,928.0,1392.2,7432.5,-17.9,-8.4,0.7
2025-01-04 11:00:00,818.5,4297.6,906.2,1382.5,7404.8,-17.2,-7.9,1.2
2025-01-04 12:00:00,869.2,4250.3,914.1,1375.5,7409.1,-16.6,-7.0,1.7
2025-01-04 13:00:00,814.0,4214.8,922.0,1373.1,7323.9,-16.2,-6.2,2.0
2025-01-04 14:00:00,794.1,4219.1,937.0,1387.8,7338.0,-15.5,-7.1,2.0
2025-01-04 15:00:00,773.4,4316.1,930.1,1402.9,7422.5,-15.5,-7.3,1.8
2025-01-04 16:00:00,772.6,4439.6,985.6,1407.6,7605.4,-15.7,-7.6,1.6
2025-01-04 17:00:00,758.0,,1011.2,1417.2,3186.4,-15.9,-7.8,1.6
2025-01-04 18:00:00,743.6,4474.1,997.6,1401.0,7616.3,-16.1,-8.0,1.5
2025-01-04 19:00:00,761.8,4380.3,964.6,1365.7,7472.4,-15.9,-8.4,1.5
2025-01-04 20:00:00,788.4,4258.1,910.2,1321.0,7277.7,-15.6,-8.8,1.6
2025-01-04 21:00:00,772.2,4149.3,878.9,1340.0,7140.4,-15.9,-9.3,1.5
2025-01-04 22:00:00,737.5,4031.4,878.6,1339.0,6986.5,-16.7,-9.7,1.4
2025-01-04 23:00:00,740.1,4006.7,875.7,1317.4,6939.9,-17.3,-9.9,1.3
2025-01-05 00:00:00,767.3,3964.3,847.5,1308.9,6888.0,-17.3,-10.1,1.1
2025-01-05 01:00:00,749.1,3924.9,820.2,1285.9,6780.1,-17.0,-10.1,1.0
2025-01-05 02:00:00,732.4,3884.2,813.6,1272.0,6702.2,-18.4,-10.8,1.0
2025-01-05 03:00:00,746.0,3889.7,812.4,1265.0,6713.1,-18.6,-11.2,0.9
2025-01-05 04:00:00,766.7,3888.1,804.4,1276.0,6735.2,-19.1,-11.6,0.9
2025-01-05 05:00:00,759.2,3925.5,822.2,1288.6,6795.5,-19.5,-12.1,0.8
2025-01-05 06:00:00,751.5,3981.9,847.5,1296.8,6877.7,-19.7,-12.4,1.0
2025-01-05 07:00:00,762.7,4092.7,868.2,1333.4,7057.0,-20.5,-12.6,1.0
2025-01-05 08:00:00,785.6,4207.3,892.4,1341.7,7227.0,-20.0,-12.7,1.2
2025-01-05 09:00:00,757.8,4301.5,919.4,1365.9,7344.6,-20.8,-12.9,1.5
2025-01-05 10:00:00,784.2,4370.9,928.9,1383.3,7467.3,-20.4,-12.6,2.1
2025-01-05 11:00:00,890.9,4379.7,932.9,1386.6,7590.1,-19.4,-12.2,2.5
2025-01-05 12:00:00,904.7,4356.5,940.1,1392.8,7594.1,-18.5,-11.9,2.7
2025-01-05 13:00:00,846.3,4325.6,940.4,1400.9,7513.2,-17.1,-11.7,2.5
2025-01-05 14:00:00,817.6,4350.7,945.9,1423.4,7537.6,-17.9,-10.4,1.6
2025-01-05 15:00:00,811.8,4457.2,958.0,1453.5,7680.5,-18.0,-11.0,1.4
2025-01-05 16:00:00,867.4,4587.2,1007.7,1466.4,7928.7,-18.2,-11.3,1.2
2025-01-05 17:00:00,854.8,4615.8,1021.8,1474.8,7967.2,-18.3,-11.7,1.4
2025-01-05 18:00:00,,,997.6,1475.3,2472.9,-18.6,-12.9,1.6
2025-01-05 19:00:00,820.7,4498.6,972.0,1472.7,7764.0,-19.3,-13.8,1.6
2025-01-05 20:00:00,783.0,4407.3,970.0,1457.8,7618.1,-20.4,-14.1,1.6
2025-01-05 21:00:00,785.4,4279.0,924.6,1476.2,7465.2,-20.7,-14.3,1.5
2025-01-05 22:00:00,767.3,4155.5,892.4,1456.8,7272.0,-20.9,-13.9,1.4
2025-01-05 23:00:00,752.7,4035.0,881.7,1411.7,7081.1,-21.2,-13.5,1.2
2025-01-06 00:00:00,726.8,3917.1,830.8,1368.6,6843.3,-21.6,-13.0,1.2
2025-01-06 01:00:00,774.6,3849.6,813.3,,5437.5,-22.1,-11.8,1.2
2025-01-06 02:00:00,777.7,3842.5,823.1,1340.8,6784.1,-23.1,-10.9,1.3
2025-01-06 03:00:00,782.5,3811.8,821.1,1335.0,6750.4,-23.4,-10.9,1.3
2025-01-06 04:00:00,800.0,3786.8,808.1,1341.0,6735.9,-23.6,-10.2,1.1
2025-01-06 05:00:00,757.0,3802.1,857.6,1333.0,6749.7,-23.7,-8.1,1.3
2025-01-06 06:00:00,816.8,3837.9,869.1,1332.6,6856.4,-23.5,-7.5,1.6
2025-01-06 07:00:00,874.0,3901.8,875.1,1355.0,7005.9,-22.9,-5.9,2.1
2025-01-06 08:00:00,902.2,3960.4,897.0,1372.7,7132.3,-22.5,-4.4,2.4
2025-01-06 09:00:00,899.6,,903.9,1384.7,3188.2,-21.3,-2.4,2.9
2025-01-06 10:00:00,871.8,4134.7,931.5,1382.6,7320.6,-20.5,-0.7,3.5
2025-01-06 11:00:00,875.5,4194.3,972.6,1378.4,7420.8,-19.0,0.0,4.3
2025-01-06 12:00:00,848.9,4219.1,986.1,1366.2,7420.3,-17.9,0.6,6.3
2025-01-06 13:00:00,840.8,4190.4,960.5,1366.7,7358.4,-16.4,0.8,7.3
2025-01-06 14:00:00,,4178.0,963.1,1380.4,6521.5,-14.1,0.3,7.2
2025-01-06 15:00:00,826.6,4256.2,961.7,1400.1,7444.6,-13.0,0.1,7.1
2025-01-06 16:00:00,861.5,4342.8,978.7,1401.3,7584.3,-12.4,0.1,7.1
2025-01-06 17:00:00,928.2,4343.8,974.1,1402.6,7648.7,-11.9,0.1,7.5
2025-01-06 18:00:00,914.6,4238.9,975.5,1404.8,7533.8,-11.7,0.2,7.5
2025-01-06 19:00:00,923.8,4143.5,931.8,1393.7,7392.8,-11.7,0.4,7.7
2025-01-06 20:00:00,941.4,4039.9,898.4,1380.0,7259.7,-11.5,0.5,7.5
2025-01-06 21:00:00,933.3,3810.5,811.3,1406.5,6961.6,-11.4,0.6,8.6
2025-01-06 22:00:00,973.9,3693.3,779.1,1393.8,6840.1,-11.3,0.4,7.4
2025-01-06 23:00:00,981.4,3548.9,,1368.5,5898.8,-11.2,0.4,6.5
2025-01-07 00:00:00,970.0,3467.8,761.0,1358.2,6557.0,-11.0,0.4,5.7
2025-01-07 01:00:00,988.3,3430.0,773.9,1344.1,6536.3,-10.8,0.6,5.3
2025-01-07 02:00:00,969.6,3409.8,762.1,1345.0,6486.5,-10.4,0.4,5.8
2025-01-07 03:00:00,945.7,3350.6,760.4,1361.4,6418.1,-10.2,0.7,5.4
2025-01-07 04:00:00,992.5,3392.9,765.8,1385.6,6536.8,-10.5,0.8,5.2
2025-01-07 05:00:00,988.9,3529.1,791.4,1448.5,6757.9,-10.8,1.3,5.1
2025-01-07 06:00:00,1028.9,3794.9,867.1,1475.9,7166.8,-10.8,2.8,5.1
2025-01-07 07:00:00,1024.8,4066.3,955.9,1520.8,7567.8,-10.5,2.8,5.0
2025-01-07 08:00:00,954.6,4222.3,987.3,1513.0,7677.2,-10.2,2.3,4.9
2025-01-07 09:00:00,897.2,4266.9,997.1,1523.4,7684.6,-10.1,2.1,4.7
2025-01-07 10:00:00,943.1,4309.6,1016.6,1517.5,7786.8,-10.0,2.1,4.7
2025-01-07 11:00:00,920.1,4300.8,1006.3,1518.4,7745.6,-9.7,2.4,4.8
2025-01-07 12:00:00,,4295.6,993.3,1515.9,6804.8,-9.6,2.6,5.0
2025-01-07 13:00:00,844.4,4262.4,995.1,1499.2,7601.1,-9.6,2.9,5.0
2025-01-07 14:00:00,872.2,4224.6,988.1,1501.5,7586.4,-10.4,3.0,5.4
2025-01-07 15:00:00,831.2,4301.1,1014.0,1514.5,7660.8,-10.6,2.9,5.2
2025-01-07 16:00:00,849.9,4338.0,1032.4,1515.2,7735.5,-10.8,2.8,5.0
2025-01-07 17:00:00,878.3,4394.0,1041.6,1497.7,7811.6,-11.0,2.8,4.6
2025-01-07 18:00:00,887.0,4303.8,1029.0,1505.0,7724.8,-11.2,2.6,4.3
2025-01-07 19:00:00,916.9,4224.6,997.9,1486.6,7626.0,-11.3,2.4,4.1
2025-01-07 20:00:00,871.6,4089.4,965.1,1437.6,7363.7,-11.5,2.2,3.9
2025-01-07 21:00:00,850.3,3957.5,942.7,1431.2,7181.7,-11.6,2.0,3.8
2025-01-07 22:00:00,827.2,3763.3,,1401.6,5992.1,-11.4,1.9,3.5
2025-01-07 23:00:00,770.8,3589.7,857.0,1352.4,6569.9,-11.2,1.6,3.4
2025-01-08 00:00:00,783.0,3491.0,837.5,1324.6,6436.1,-11.0,1.3,3.2
2025-01-08 01:00:00,785.8,3451.2,809.0,1296.0,6342.0,-10.6,0.9,3.0
2025-01-08 02:00:00,769.8,3410.2,788.3,1276.5,6244.8,-10.0,1.8,3.3
2025-01-08 03:00:00,768.9,3400.1,775.0,1260.4,6204.4,-9.3,1.7,3.5
2025-01-08 04:00:00,,3421.9,781.7,1290.7,5494.3,-8.9,1.5,3.4
2025-01-08 05:00:00,835.1,3528.1,816.2,1364.6,6544.0,-8.4,1.2,3.3
2025-01-08 06:00:00,945.7,3832.4,905.3,1398.8,7082.2,-7.9,1.0,3.2
2025-01-08 07:00:00,987.3,4105.4,999.4,1413.4,7505.5,-7.5,0.9,3.4
2025-01-08 08:00:00,958.4,4177.4,1018.1,1405.1,7559.0,-7.3,0.9,3.4
2025-01-08 09:00:00,938.2,4194.6,1018.6,1389.7,7541.1,-7.0,1.0,3.6
2025-01-08 10:00:00,942.8,4225.6,1017.5,1385.2,7571.1,-6.7,1.4,3.9
2025-01-08 11:00:00,943.6,4241.5,1005.4,1392.9,7583.4,-6.5,1.1,4.1
2025-01-08 12:00:00,969.6,4233.1,993.3,1380.0,7576.0,-6.3,1.2,4.5
2025-01-08 13:00:00,966.8,4186.5,983.0,1383.5,7519.8,-6.2,1.4,4.5
2025-01-08 14:00:00,1020.1,4209.6,960.5,1387.1,7577.3,-6.8,1.4,4.9
2025-01-08 15:00:00,1008.6,4273.5,962.8,1398.4,7643.3,-6.4,0.9,4.5
2025-01-08 16:00:00,1028.6,4355.6,1000.5,1385.0,7769.7,-6.1,1.2,4.3
2025-01-08 17:00:00,1051.0,4391.4,993.3,1377.4,7813.1,-5.9,0.9,4.2
2025-01-08 18:00:00,1048.9,4340.6,980.7,1366.0,7736.2,-5.7,-0.1,4.7
2025-01-08 19:00:00,1049.9,4211.9,959.7,1346.4,7567.9,-5.5,-0.7,4.7
2025-01-08 20:00:00,988.7,4142.2,939.3,1308.4,7378.6,-5.5,0.3,4.6
2025-01-08 21:00:00,992.9,3992.0,895.0,1317.9,7197.8,-5.7,0.1,4.5
2025-01-08 22:00:00,963.5,3832.4,830.8,1300.3,6927.0,-5.8,-1.3,4.3
2025-01-08 23:00:00,965.8,3681.5,788.3,1286.8,6722.4,-5.9,-2.4,4.2
2025-01-09 00:00:00,962.3,3605.0,762.7,1279.5,6609.5,-5.9,-3.5,4.1
2025-01-09 01:00:00,961.3,3542.1,798.9,1264.9,6567.2,-6.2,-3.7,4.0
2025-01-09 02:00:00,925.6,3514.7,774.2,1263.9,6478.4,-6.9,-2.7,4.1
2025-01-09 03:00:00,916.4,3484.4,760.7,1257.2,6418.7,-7.2,-3.3,3.8
2025-01-09 04:00:00,933.7,3502.4,775.6,1285.7,6497.4,-7.4,-4.1,3.5
2025-01-09 05:00:00,944.4,3647.0,791.2,1360.2,6742.8,-7.6,-5.3,3.2
2025-01-09 06:00:00,983.0,3989.7,870.8,1391.9,7235.4,-7.9,-5.9,3.1
2025-01-09 07:00:00,1005.5,4277.4,946.4,1393.7,7623.0,-8.2,-6.1,3.1
2025-01-09 08:00:00,992.5,4385.5,977.2,1395.7,7750.9,-8.6,-5.6,3.0
2025-01-09 09:00:00,956.0,4355.6,953.6,1388.0,7653.2,-9.4,-5.8,2.9
2025-01-09 10:00:00,935.3,4341.2,952.8,1392.0,7621.3,-9.6,-5.1,3.1
2025-01-09 11:00:00,870.2,4343.2,951.1,1394.5,7559.0,-10.0,-5.8,3.2
2025-01-09 12:00:00,849.5,4328.2,960.3,1391.4,7529.4,-10.8,-5.7,3.3
2025-01-09 13:00:00,862.9,4278.0,966.3,1390.7,7497.9,-11.6,-6.1,3.2
2025-01-09 14:00:00,880.6,4285.2,961.7,1401.2,7528.7,-11.2,-2.7,3.4
2025-01-09 15:00:00,883.6,4348.4,987.0,1414.2,7633.2,-11.8,-4.1,3.2
2025-01-09 16:00:00,898.8,4426.9,1014.0,1416.2,7755.9,-11.8,-4.7,3.0
2025-01-09 17:00:00,907.9,4477.7,1019.5,1407.5,7812.6,-11.9,-4.7,2.8
2025-01-09 18:00:00,875.3,4440.3,997.9,1399.5,7713.0,-12.1,-4.9,2.6
2025-01-09 19:00:00,840.8,4384.2,978.9,1377.5,7581.4,-12.3,-5.0,2.4
2025-01-09 20:00:00,814.2,4237.6,953.9,1348.2,7353.9,-12.6,-5.7,2.8
2025-01-09 21:00:00,811.4,4070.8,904.2,1356.8,7143.2,-12.7,-5.9,2.6
2025-01-09 22:00:00,823.1,3965.9,854.4,1328.6,6972.0,-12.9,-5.8,2.6
2025-01-09 23:00:00,812.0,3828.1,841.8,1301.5,6783.4,-12.8,-5.8,2.5
2025-01-10 00:00:00,813.0,3673.1,804.1,1285.3,6575.5,-13.0,-5.4,2.3
2025-01-10 01:00:00,818.0,3627.1,796.9,1282.9,6524.9,-13.3,-5.5,2.1
2025-01-10 02:00:00,803.0,3602.4,801.2,1278.1,6484.7,-14.5,-2.1,2.2
2025-01-10 03:00:00,783.2,3605.0,792.0,1288.2,6468.4,-15.4,-2.1,2.3
2025-01-10 04:00:00,798.4,3590.3,787.4,1318.4,6494.5,-15.0,-2.7,2.1
2025-01-10 05:00:00,817.4,3713.8,823.6,1374.3,6729.1,-15.3,-3.0,1.8
2025-01-10 06:00:00,859.6,4042.2,930.1,1397.8,7229.7,-15.3,-1.9,1.8
2025-01-10 07:00:00,885.6,4365.0,1037.0,1426.9,7714.5,-15.1,-0.4,1.5
2025-01-10 08:00:00,889.9,4490.4,1064.9,1426.5,7871.7,-14.9,-0.2,1.3
2025-01-10 09:00:00,876.7,4521.7,1064.1,1422.5,7885.0,-14.6,-0.3,1.0
2025-01-10 10:00:00,836.9,4561.8,1051.1,1436.0,7885.8,-13.9,-0.8,0.9
2025-01-10 11:00:00,801.8,4589.8,1013.2,1441.0,7845.8,-13.4,-1.1,0.5
2025-01-10 12:00:00,764.1,4548.4,1010.9,1427.7,7751.1,-13.2,-0.9,0.2
2025-01-10 13:00:00,798.6,4502.1,1019.8,1426.1,7746.6,-13.0,-0.7,1.5
2025-01-10 14:00:00,801.4,4474.8,1018.9,1437.1,7732.2,-12.8,-1.2,1.5
2025-01-10 15:00:00,807.7,4468.9,1024.1,1456.4,7757.1,-12.9,-1.2,1.4
2025-01-10 16:00:00,747.9,4540.6,1043.1,1449.1,7780.7,-13.0,-1.2,1.4
2025-01-10 17:00:00,725.1,4560.5,1055.7,1439.0,7780.3,-13.0,-1.1,1.2
2025-01-10 18:00:00,769.0,4450.4,1037.3,1435.3,7692.0,-13.0,-0.9,1.2
2025-01-10 19:00:00,774.8,4331.4,1011.4,1415.8,7533.4,-13.2,-0.8,1.1
2025-01-10 20:00:00,797.2,4163.0,960.5,1407.0,7327.7,-13.3,-0.7,0.9
2025-01-10 21:00:00,767.5,4025.5,920.6,1420.9,7134.5,-13.4,-0.5,0.5
2025-01-10 22:00:00,746.0,3911.2,890.1,1406.6,6953.9,-13.5,-0.7,0.0
2025-01-10 23:00:00,737.3,3790.7,867.4,1375.0,6770.4,-13.6,-0.7,-0.1
2025-01-11 00:00:00,734.9,3745.1,858.4,1359.1,6697.5,-13.8,-0.7,-0.0
2025-01-11 01:00:00,663.6,3718.3,857.6,1349.5,6589.0,-13.9,-0.6,-0.4
2025-01-11 02:00:00,629.2,3665.9,853.8,1331.9,6480.8,-14.2,-0.6,0.4
2025-01-11 03:00:00,605.0,3663.0,848.7,1337.6,6454.3,-14.7,-0.8,0.6
2025-01-11 04:00:00,609.1,3619.3,842.6,1340.1,6411.1,-15.8,-0.8,0.4
2025-01-11 05:00:00,685.2,3664.6,850.4,1349.7,6549.9,-16.2,-0.8,0.6
2025-01-11 06:00:00,710.9,3691.6,865.1,1358.9,6626.5,-16.1,-1.1,0.4
2025-01-11 07:00:00,682.9,3803.0,896.7,1377.4,6760.0,-15.5,-1.3,0.3
2025-01-11 08:00:00,632.4,3916.1,922.0,1385.6,6856.1,-15.4,-1.3,0.0
2025-01-11 09:00:00,682.7,4015.8,956.2,1416.0,7070.7,-16.7,-1.4,-0.2
2025-01-11 10:00:00,736.1,4106.3,982.4,1439.7,7264.5,-17.4,-1.9,-0.2
2025-01-11 11:00:00,663.4,4110.2,1002.2,1439.1,7214.9,-18.1,-2.2,-0.3
2025-01-11 12:00:00,771.6,4106.3,983.0,1440.8,7301.7,-18.4,-2.2,-0.1
2025-01-11 13:00:00,783.2,4078.0,960.8,1440.9,7262.9,-17.9,-2.2,0.1
2025-01-11 14:00:00,664.7,4097.5,952.8,1453.7,7168.7,-18.1,-1.3,1.0
2025-01-11 15:00:00,709.7,4130.8,954.5,1485.8,7280.8,-17.0,-1.3,1.1
2025-01-11 16:00:00,842.0,4233.1,1006.3,1508.4,7589.8,-16.3,-1.7,1.0
2025-01-11 17:00:00,878.5,4299.5,1014.3,1505.8,7698.1,-15.8,-2.1,0.8
2025-01-11 18:00:00,815.8,4280.3,999.1,1496.1,7591.3,-16.4,-2.3,0.7
2025-01-11 19:00:00,739.1,4183.2,964.9,1470.0,7357.2,-17.6,-2.5,0.4
2025-01-11 20:00:00,739.9,4047.4,929.5,1428.1,7144.9,-18.8,-2.1,0.2
2025-01-11 21:00:00,778.5,3921.3,909.1,1429.4,7038.3,-19.0,-1.2,-0.0
2025-01-11 22:00:00,711.9,3785.1,880.6,1420.0,6797.6,-19.4,-1.6,-0.2
2025-01-11 23:00:00,667.5,3672.7,871.4,1400.6,6612.2,-18.6,-1.6,-0.4
2025-01-12 00:00:00,722.7,3595.9,867.7,1392.9,6579.2,-16.4,-1.8,-0.5
2025-01-12 01:00:00,755.0,3550.2,869.1,1381.3,6555.6,-14.9,-2.0,-0.6
2025-01-12 02:00:00,785.4,3519.0,859.0,,5163.4,-16.3,-1.2,-0.7
2025-01-12 03:00:00,719.2,3503.7,852.4,1357.8,6433.1,-14.6,-1.4,-0.9
2025-01-12 04:00:00,758.0,3507.2,853.8,1343.4,6462.4,-11.8,-1.4,-0.9
2025-01-12 05:00:00,773.0,3548.0,877.7,1325.4,6524.1,-9.7,-1.5,-0.9
2025-01-12 06:00:00,759.6,3687.4,900.7,1318.9,6666.6,-7.5,-2.4,-1.0
2025-01-12 07:00:00,774.0,3816.4,934.4,1348.9,6873.7,-6.2,-2.8,-1.0
2025-01-12 08:00:00,785.4,3960.4,969.5,1359.5,7074.8,-5.3,-3.3,-1.2
2025-01-12 09:00:00,797.1,4101.1,983.8,1372.0,7254.0,-4.0,-3.8,-1.4
2025-01-12 10:00:00,806.7,4207.7,981.2,1380.9,7376.5,-3.2,-4.1,-1.3
2025-01-12 11:00:00,790.1,4236.3,978.9,1376.6,7381.9,-2.8,-4.2,-1.0
2025-01-12 12:00:00,765.1,4173.4,979.2,1369.2,7286.9,-2.2,-4.7,-0.7
2025-01-12 13:00:00,750.9,4133.7,973.2,1361.1,7218.9,-1.5,-5.1,-0.4
2025-01-12 14:00:00,739.5,4125.9,969.5,1372.6,7207.5,-1.5,-4.7,0.0
2025-01-12 15:00:00,795.1,4232.7,988.1,1405.1,7421.0,-0.8,-5.5,0.0
2025-01-12 16:00:00,861.9,4475.4,1037.9,1435.1,7810.3,-0.4,-6.2,-0.4
2025-01-12 17:00:00,842.2,4580.3,1058.3,1433.4,7914.2,-0.2,-6.8,-0.7
2025-01-12 18:00:00,846.9,4611.0,1046.0,1433.7,7937.6,-0.1,-7.5,-0.9
2025-01-12 19:00:00,828.8,4588.2,1042.5,1409.0,7868.5,-0.1,-7.9,-1.2
2025-01-12 20:00:00,815.8,4436.0,1014.3,1373.8,7639.9,0.3,-8.2,-1.4
2025-01-12 21:00:00,757.4,4269.2,998.2,1383.6,7408.4,0.3,-8.4,-1.9
2025-01-12 22:00:00,716.8,4103.4,1009.1,1371.1,7200.4,0.1,-8.5,-2.2
2025-01-12 23:00:00,747.9,4021.0,1019.2,1350.3,7138.4,0.1,-8.7,-2.5
2025-01-13 00:00:00,755.2,3970.8,,1345.8,6071.8,-0.3,-8.9,-2.7
2025-01-13 01:00:00,685.0,3969.2,1004.0,1330.0,6988.2,-0.6,-8.7,-3.1
2025-01-13 02:00:00,577.2,3978.3,978.1,1313.5,6847.1,-2.0,-6.8,-3.8
2025-01-13 03:00:00,561.2,3921.6,989.0,1314.5,6786.3,-2.2,-6.9,-3.4
2025-01-13 04:00:00,573.6,3950.6,999.9,1341.1,6865.2,-2.8,-6.9,-1.3
2025-01-13 05:00:00,627.1,4062.4,1041.1,1422.4,7153.0,-3.0,-6.8,-1.1
2025-01-13 06:00:00,639.7,4406.4,1135.1,1475.8,7657.0,-3.1,-6.0,-1.2
2025-01-13 07:00:00,703.2,4613.2,1212.2,1490.0,8018.6,-3.3,-5.9,-1.5
2025-01-13 08:00:00,852.1,4671.2,1219.1,1494.8,8237.2,-3.4,-5.4,-1.3
2025-01-13 09:00:00,936.3,4642.6,1204.4,1504.3,8287.6,-2.7,-4.2,-0.8
2025-01-13 10:00:00,908.9,4647.4,1232.9,1509.9,8299.1,-2.9,-3.3,0.1
2025-01-13 11:00:00,907.1,4617.1,1200.7,1501.4,8226.3,-2.4,-2.3,0.7
2025-01-13 12:00:00,955.0,4577.4,1156.4,1493.8,8182.6,-2.0,-1.2,1.3
2025-01-13 13:00:00,960.3,4539.0,1141.7,1490.0,8131.0,-1.5,-0.1,1.6
2025-01-13 14:00:00,782.9,4509.0,1109.2,1497.0,7898.1,-0.3,1.9,2.1
2025-01-13 15:00:00,736.3,4528.9,1116.7,1497.5,7879.4,0.2,2.3,2.1
2025-01-13 16:00:00,752.5,4536.4,1142.9,1490.6,7922.4,0.5,2.5,2.2
2025-01-13 17:00:00,758.2,4548.1,1152.9,1472.5,7931.7,0.6,2.7,2.4
2025-01-13 18:00:00,756.4,4414.5,1108.9,1461.0,7740.8,0.5,3.0,2.4
2025-01-13 18:00:00,756.4,4414.5,1108.9,1461.0,7740.8,0.5,3.0,2.4
2025-01-13 19:00:00,763.1,4323.6,1084.5,1437.0,7608.2,1.8,3.4,2.8
2025-01-13 20:00:00,763.1,4196.6,1047.7,1388.0,7395.4,3.5,3.4,3.1
2025-01-13 21:00:00,723.3,4001.1,1021.8,1382.2,7128.4,3.8,3.5,3.2
2025-01-13 22:00:00,714.4,3810.2,972.3,1357.5,6854.4,5.0,3.4,3.2
2025-01-13 23:00:00,652.3,3578.3,913.7,1302.9,6447.2,6.1,3.4,3.2
2025-01-14 00:00:00,633.0,3468.8,880.0,1262.8,6244.6,5.9,3.5,3.1
2025-01-14 01:00:00,622.7,3423.5,863.3,1239.4,6148.9,5.9,3.5,3.1
2025-01-14 02:00:00,569.3,3372.4,863.9,1226.9,6032.5,3.9,3.7,3.4
2025-01-14 03:00:00,561.6,3300.1,855.0,,4716.7,3.5,3.7,3.4
2025-01-14 04:00:00,595.3,3262.9,848.7,1243.8,5950.7,3.9,3.7,3.5
2025-01-14 05:00:00,600.6,3427.8,876.9,1319.7,6225.0,4.1,3.6,3.5
2025-01-14 06:00:00,689.2,3759.7,966.9,1377.7,6793.5,4.2,3.5,3.9
2025-01-14 07:00:00,720.3,4088.7,1063.5,1412.0,7284.5,4.3,3.3,4.2
2025-01-14 08:00:00,698.3,4124.3,1078.2,1404.1,7304.9,4.3,3.2,4.5
2025-01-14 09:00:00,718.0,4111.6,1063.8,1384.6,7278.0,4.2,3.1,4.7
2025-01-14 10:00:00,698.8,4184.8,1044.8,1391.8,7320.2,4.0,3.1,4.9
2025-01-14 11:00:00,665.1,4188.4,1054.0,1387.7,7295.2,3.6,3.1,5.1
2025-01-14 12:00:00,689.6,4126.2,1056.0,1374.7,7246.5,3.4,3.0,5.2
2025-01-14 13:00:00,737.1,4066.6,1041.4,1374.6,7219.7,3.5,2.6,5.3
2025-01-14 14:00:00,683.7,4081.9,1037.6,1379.3,7182.5,2.6,2.8,5.1
2025-01-14 15:00:00,571.7,4106.3,1026.1,1385.6,7089.7,1.4,2.3,5.4
2025-01-14 16:00:00,740.7,4186.5,1061.5,1383.7,7372.4,0.2,1.9,5.7
2025-01-14 17:00:00,615.6,4237.6,1073.9,1396.8,7323.9,-0.1,1.7,5.9
2025-01-14 18:00:00,664.5,4132.1,1032.4,1395.3,7224.3,-0.3,1.5,6.1
2025-01-14 19:00:00,656.1,4049.7,1003.1,1373.9,7082.8,-1.8,1.4,6.4
2025-01-14 20:00:00,661.8,3950.6,968.0,1339.4,6919.8,-2.5,1.1,6.7
2025-01-14 21:00:00,624.9,3826.5,947.0,1343.4,6741.8,-3.2,1.4,6.7
2025-01-14 22:00:00,637.7,3613.4,897.3,1308.2,6456.6,-3.8,1.8,6.4
2025-01-14 23:00:00,716.2,3410.8,830.8,1265.1,6222.9,-4.6,1.6,6.0
2025-01-15 00:00:00,667.7,3301.7,816.7,1229.5,6015.6,-5.1,1.7,5.4
2025-01-15 01:00:00,696.3,3210.8,769.0,1214.2,5890.3,-6.2,1.3,4.9
2025-01-15 02:00:00,720.7,3187.3,771.6,1199.4,5879.0,-8.8,1.1,5.1
2025-01-15 03:00:00,744.6,3230.7,723.6,1191.9,5890.8,-9.6,0.7,4.7
2025-01-15 04:00:00,704.0,3326.8,752.3,1215.8,5998.9,-9.9,0.0,4.5
2025-01-15 05:00:00,654.9,3534.6,803.5,1269.9,6262.9,-7.1,-0.8,4.2
2025-01-15 06:00:00,665.3,3903.1,887.5,1302.3,6758.2,-5.5,-1.2,3.8
2025-01-15 07:00:00,703.6,4253.9,976.1,1317.3,7250.9,-4.3,-1.9,3.3
2025-01-15 08:00:00,625.5,4383.6,988.4,1315.3,7312.8,-4.3,-2.6,2.8
2025-01-15 09:00:00,588.0,4325.6,1017.5,1323.6,7254.7,-4.0,-2.8,2.4
2025-01-15 10:00:00,663.7,4168.2,984.1,1350.8,7166.8,-3.2,-3.6,2.9
2025-01-15 11:00:00,683.9,3996.9,962.6,1369.8,7013.2,-2.4,-2.6,3.5
2025-01-15 12:00:00,692.9,3966.3,919.4,1379.2,6957.8,-1.0,-2.0,3.9
2025-01-15 13:00:00,689.6,3980.9,914.2,1393.1,6977.8,0.1,-1.5,4.0
2025-01-15 14:00:00,668.3,4051.3,941.3,1400.7,7061.6,1.8,0.4,4.4
2025-01-15 15:00:00,688.2,4137.3,968.6,1433.3,7227.4,2.3,0.6,4.0
2025-01-15 16:00:00,706.1,4247.1,1000.5,,5953.7,2.8,1.4,3.1
2025-01-15 17:00:00,702.4,4250.7,1029.3,1442.8,7425.2,3.2,1.7,2.4
2025-01-15 18:00:00,696.5,4200.8,1019.2,1441.4,7357.9,3.5,2.2,3.4
2025-01-15 19:00:00,680.1,4127.5,981.8,1418.1,7207.5,3.5,2.5,3.6
2025-01-15 20:00:00,709.5,4023.9,928.9,1352.6,7014.9,3.5,2.5,3.6
2025-01-15 21:00:00,709.7,3862.7,885.8,1359.2,6817.4,4.1,2.5,3.3
2025-01-15 22:00:00,700.8,3650.3,852.7,1322.7,6526.5,4.9,2.5,2.7
2025-01-15 23:00:00,718.6,,811.6,1263.4,2793.6,4.3,2.4,2.6
2025-01-16 00:00:00,572.1,3395.2,814.4,1226.9,6008.6,3.9,2.6,2.9
2025-01-16 01:00:00,542.1,3361.0,808.1,1201.9,5913.1,4.1,2.8,3.3
2025-01-16 02:00:00,555.9,3263.9,782.8,1186.1,5788.7,4.3,3.6,4.2
2025-01-16 03:00:00,588.0,3201.3,767.3,1180.2,5736.8,4.1,3.7,4.6
2025-01-16 04:00:00,614.5,3182.5,757.8,1206.5,5761.3,3.8,3.5,4.6
2025-01-16 05:00:00,633.2,3316.7,790.9,1284.5,6025.3,4.5,3.3,4.7
2025-01-16 06:00:00,676.0,3623.5,884.9,1342.3,6526.7,4.5,3.1,4.7
2025-01-16 07:00:00,716.2,3942.1,966.6,1383.4,7008.3,3.4,3.1,4.5
2025-01-16 08:00:00,718.0,,970.0,1367.9,3055.9,3.5,2.7,4.4
2025-01-16 09:00:00,663.4,4028.5,968.6,1368.9,7029.4,3.6,2.7,4.3
2025-01-16 10:00:00,643.8,4015.8,987.9,1365.6,7013.1,3.5,2.7,4.4
2025-01-16 11:00:00,663.4,3975.1,970.3,1356.2,6965.0,4.3,3.0,4.7
2025-01-16 12:00:00,653.1,3943.8,981.8,1334.9,6913.6,5.4,3.4,5.0
2025-01-16 13:00:00,646.2,3951.3,996.5,1323.4,6917.4,5.3,3.4,5.3
2025-01-16 14:00:00,624.7,4017.1,985.3,1324.6,6951.7,5.9,4.0,5.2
2025-01-16 15:00:00,691.2,4044.8,1005.1,1356.5,7097.6,5.7,3.8,5.2
2025-01-16 16:00:00,703.4,4147.4,1014.3,1373.8,7238.9,5.2,3.5,5.1
2025-01-16 17:00:00,628.5,4176.7,1031.3,1372.8,7209.3,5.1,3.4,5.0
2025-01-16 18:00:00,621.2,4022.0,1018.3,1368.9,7030.4,4.5,3.2,4.9
2025-01-16 19:00:00,577.2,3945.7,988.4,1353.4,6864.7,3.7,2.9,4.9
2025-01-16 20:00:00,565.9,3855.2,962.0,1298.4,6681.5,3.2,2.7,4.8
2025-01-16 21:00:00,661.8,3663.6,921.1,1303.0,6549.5,3.0,2.5,4.8
2025-01-16 22:00:00,693.3,3467.8,872.5,1270.8,6304.4,2.4,2.1,4.8
2025-01-16 23:00:00,614.5,3282.8,849.0,1228.5,5974.8,2.6,1.7,4.7
2025-01-17 00:00:00,532.0,3189.9,834.6,,4556.5,2.6,1.6,4.7
2025-01-17 01:00:00,560.0,3121.9,815.0,1182.7,5679.6,2.4,1.6,4.7
2025-01-17 02:00:00,572.6,3115.0,785.1,1170.8,5643.5,3.0,3.2,4.8
2025-01-17 03:00:00,560.2,3112.1,779.4,1171.9,5623.6,3.0,3.2,4.7
2025-01-17 04:00:00,608.1,3111.8,,1219.2,4939.1,3.3,3.0,4.5
2025-01-17 05:00:00,622.3,3234.2,817.0,1309.9,5983.4,3.6,3.0,4.3
2025-01-17 06:00:00,630.8,3610.2,899.6,1371.4,6512.0,3.9,3.1,4.2
2025-01-17 07:00:00,602.4,3999.8,1004.5,1401.1,7007.8,4.8,2.8,4.0
2025-01-17 08:00:00,643.6,4078.0,1019.5,1402.7,7143.8,4.7,2.8,3.9
2025-01-17 09:00:00,650.5,4036.6,1011.2,1393.6,7091.9,4.6,2.7,4.0
2025-01-17 10:00:00,699.0,4052.6,1023.2,1399.0,7173.8,5.0,3.5,3.9
2025-01-17 11:00:00,728.6,4026.2,1036.5,1390.4,7181.7,5.2,4.1,4.0
2025-01-17 12:00:00,561.2,3972.8,1023.2,1382.7,6939.9,5.2,4.9,4.1
2025-01-17 13:00:00,566.0,3924.9,1006.3,1364.0,6861.2,5.5,5.5,4.1
2025-01-17 14:00:00,623.9,3894.9,985.3,1356.2,6860.3,5.5,5.6,3.8
2025-01-17 15:00:00,610.9,3889.4,995.3,1370.7,6866.3,5.9,5.6,3.7
2025-01-17 16:00:00,695.3,3987.8,1016.6,1380.4,7080.1,5.9,5.6,3.4
2025-01-17 17:00:00,716.0,4030.8,1016.0,1375.9,7138.7,5.0,5.2,3.3
2025-01-17 18:00:00,675.0,3938.2,991.6,1373.8,6978.6,4.4,4.9,3.2
2025-01-17 19:00:00,777.7,3821.6,939.8,,5539.1,4.3,4.4,3.2
2025-01-17 20:00:00,890.5,3665.2,906.8,1286.3,6748.8,3.8,4.4,3.2
2025-01-17 21:00:00,882.6,3520.3,870.8,1289.0,6562.7,5.5,4.3,3.2
2025-01-17 22:00:00,812.4,3386.7,807.5,1255.9,6262.5,6.1,4.3,3.3
2025-01-17 23:00:00,784.8,3292.2,777.3,1216.2,6070.5,5.4,4.1,3.4
2025-01-18 00:00:00,866.5,3115.3,764.4,,4746.2,5.5,4.1,3.6
2025-01-18 01:00:00,996.0,3033.9,742.8,1149.4,5922.1,5.7,3.8,4.0
2025-01-18 02:00:00,935.9,2981.5,719.3,1132.1,5768.8,5.5,4.4,4.1
2025-01-18 03:00:00,846.5,2987.3,705.7,1116.1,5655.6,4.3,3.9,4.2
2025-01-18 04:00:00,675.6,2967.4,700.8,1120.4,5464.2,3.0,3.2,4.2
2025-01-18 05:00:00,686.8,2968.4,694.5,1148.2,5497.9,2.1,2.5,4.3
2025-01-18 06:00:00,653.7,,714.7,1168.1,2536.5,1.4,1.8,4.3
2025-01-18 07:00:00,691.9,3199.4,759.2,1210.1,5860.6,1.0,1.4,4.3
2025-01-18 08:00:00,680.9,3384.8,767.9,1227.4,6061.0,0.8,1.2,4.4
2025-01-18 09:00:00,763.3,3490.6,801.2,1246.8,6301.9,0.4,0.9,4.4
2025-01-18 10:00:00,826.6,3553.8,830.8,1243.6,6454.8,0.2,1.2,4.5
2025-01-18 11:00:00,788.0,3559.7,870.5,1251.5,6469.7,0.2,1.7,4.9
2025-01-18 12:00:00,680.1,3535.3,878.3,1258.0,6351.7,0.3,2.1,5.0
2025-01-18 13:00:00,634.2,,860.7,1260.0,2754.9,0.1,2.2,5.0
2025-01-18 14:00:00,636.3,3566.5,843.8,1271.9,6318.5,1.1,3.2,4.1
2025-01-18 15:00:00,669.9,3627.5,867.9,1319.4,6484.7,0.6,2.7,4.1
2025-01-18 16:00:00,684.5,3712.8,885.2,1360.1,6642.6,0.5,2.2,4.1
2025-01-18 17:00:00,639.5,3721.3,901.0,1382.6,6644.4,0.5,1.8,4.1
2025-01-18 18:00:00,559.4,3599.4,895.8,1384.7,6439.3,0.4,1.7,4.2
2025-01-18 19:00:00,575.4,3518.6,881.5,1351.4,6326.9,0.5,1.5,4.0
2025-01-18 20:00:00,628.3,3493.6,835.4,1308.1,6265.4,0.3,1.4,3.8
2025-01-18 21:00:00,,3371.1,807.3,1307.3,5485.7,0.2,1.5,3.5
2025-01-18 22:00:00,579.0,3225.5,804.4,1291.3,5900.2,0.0,2.3,3.3
2025-01-18 23:00:00,596.9,3110.5,786.8,1264.9,5759.1,-0.7,3.0,3.0
2025-01-19 00:00:00,603.4,3093.2,765.0,1219.6,5681.2,-0.3,3.5,2.8
2025-01-19 01:00:00,622.9,3043.0,763.8,1209.1,5638.8,-0.6,3.7,2.5
2025-01-19 02:00:00,505.6,3011.1,763.3,1196.6,5476.6,0.2,4.1,2.4
2025-01-19 03:00:00,488.2,2943.3,750.3,1200.2,5382.0,0.6,3.9,2.3
2025-01-19 04:00:00,454.7,2952.8,732.8,1202.5,5342.8,0.5,3.5,2.0
2025-01-19 05:00:00,502.6,2931.0,743.7,1221.4,5398.7,0.4,3.1,1.8
2025-01-19 06:00:00,634.4,3036.2,781.4,1222.0,5674.0,0.2,3.0,1.7
2025-01-19 07:00:00,628.5,3171.4,831.7,1253.1,5884.7,1.4,2.8,1.6
2025-01-19 08:00:00,648.8,3262.9,852.4,1258.1,6022.2,2.5,2.3,1.5
2025-01-19 09:00:00,680.3,3435.6,865.1,1277.3,6258.3,3.7,1.9,1.5
2025-01-19 10:00:00,643.6,3522.6,874.3,1291.8,6332.3,5.1,1.8,1.6
2025-01-19 11:00:00,645.2,3611.8,899.6,1293.1,6449.7,5.7,2.0,1.8
2025-01-19 12:00:00,642.5,3672.1,913.4,1287.6,6515.6,6.0,2.1,2.0
2025-01-19 13:00:00,630.2,3685.4,931.5,1283.9,6531.0,4.2,2.3,2.1
2025-01-19 14:00:00,694.9,3721.0,930.6,1290.8,6637.3,0.9,2.7,-0.0
2025-01-19 15:00:00,669.7,3768.2,958.0,1317.8,6713.7,0.5,2.0,-0.1
2025-01-19 16:00:00,673.2,3927.5,979.5,1336.1,6916.3,0.4,1.3,-0.4
2025-01-19 17:00:00,767.7,4016.4,1029.3,1348.8,7162.2,-0.1,0.8,-0.9
2025-01-19 18:00:00,760.8,3960.4,997.1,1346.3,7064.6,-0.8,0.4,-1.1
2025-01-19 19:00:00,781.3,3911.5,994.2,1326.7,7013.7,-1.6,0.1,-0.6
2025-01-19 20:00:00,764.9,3827.8,980.1,1284.9,6857.7,-2.4,-0.2,-0.6
2025-01-19 21:00:00,762.9,3721.3,950.8,1300.7,6735.7,-3.3,-0.4,-0.8
2025-01-19 22:00:00,649.4,3593.6,935.2,1290.4,6468.6,-3.9,-0.7,-0.8
2025-01-19 23:00:00,685.2,3466.9,893.0,1251.8,6296.9,-4.6,-1.0,-0.7
2025-01-20 00:00:00,671.0,3354.1,867.7,1214.8,6107.6,-5.2,-1.6,-0.3
2025-01-20 01:00:00,652.1,3303.6,857.6,1196.5,6009.8,-5.9,-1.4,-0.3
2025-01-20 02:00:00,614.3,3284.1,845.5,1187.0,5930.9,-5.4,-1.6,-0.2
2025-01-20 03:00:00,588.0,3235.2,848.7,1199.1,5871.0,-6.1,-1.6,-0.1
2025-01-20 04:00:00,668.1,,872.8,1219.2,2760.1,-6.9,-1.6,0.2
2025-01-20 05:00:00,676.8,3470.8,899.9,,5047.5,-7.7,-1.6,0.4
2025-01-20 06:00:00,731.2,3807.6,985.3,1354.2,6878.3,-8.4,-1.7,0.7
2025-01-20 07:00:00,738.3,4073.8,1063.8,1358.2,7234.1,-9.1,-1.6,0.8
2025-01-20 08:00:00,755.8,4134.0,1072.4,1356.2,7318.4,-9.7,-1.6,1.1
2025-01-20 09:00:00,796.3,4168.2,1058.3,1361.5,7384.3,-10.1,-0.5,1.5
2025-01-20 10:00:00,764.1,4166.9,1035.3,1364.6,7330.9,-10.3,0.5,2.3
2025-01-20 11:00:00,725.1,4103.4,1004.0,1340.8,7173.3,-10.2,1.4,3.3
2025-01-20 12:00:00,750.9,4050.3,974.3,1330.3,7105.8,-10.2,2.0,4.0
2025-01-20 13:00:00,776.9,4016.4,952.5,1325.2,7071.0,-10.5,2.3,4.2
2025-01-20 14:00:00,797.2,4014.8,970.0,1332.7,7114.7,-10.4,1.3,4.1
2025-01-20 15:00:00,810.9,4063.3,985.8,1363.1,7223.1,-10.9,1.2,3.5
2025-01-20 16:00:00,828.0,4180.3,1042.8,1366.5,7417.6,-11.0,1.1,2.3
2025-01-20 17:00:00,804.5,4228.8,1064.6,1375.0,7472.9,-10.7,0.8,1.2
2025-01-20 18:00:00,808.5,4163.3,1048.8,1382.8,7403.4,-10.4,0.9,1.2
2025-01-20 19:00:00,801.2,4116.4,1031.6,1375.7,7324.9,-9.9,1.2,1.6
2025-01-20 20:00:00,808.5,4011.2,995.3,1354.7,7169.7,-9.5,1.4,2.1
2025-01-20 21:00:00,808.5,3841.5,968.6,1372.8,6991.4,-9.2,1.5,2.1
2025-01-20 22:00:00,797.6,3652.9,936.7,1374.9,6762.1,-9.3,1.5,1.8
2025-01-20 23:00:00,732.6,3506.9,903.3,1348.6,6491.4,-9.2,1.5,1.3
2025-01-21 00:00:00,700.2,3447.6,821.3,1334.6,6303.7,-9.0,1.4,0.8
2025-01-21 01:00:00,746.2,3378.6,800.1,1300.2,6225.1,-8.9,1.1,0.5
2025-01-21 02:00:00,720.7,3314.7,818.2,1298.3,6151.9,-8.4,1.4,1.0
2025-01-21 03:00:00,733.6,3284.7,819.0,1303.8,6141.1,-8.2,1.3,1.1
2025-01-21 04:00:00,809.9,3292.6,832.0,1342.9,6277.4,-8.0,1.6,1.5
2025-01-21 05:00:00,883.2,3433.9,860.2,1420.7,6598.0,-7.8,1.4,1.8
2025-01-21 06:00:00,937.3,3782.5,939.5,1475.0,7134.3,-8.0,1.4,1.8
2025-01-21 07:00:00,926.6,4127.8,1030.7,1478.0,7563.1,-8.2,1.4,1.8
2025-01-21 08:00:00,982.8,4180.3,1048.5,1471.7,7683.3,-8.3,1.5,1.9
2025-01-21 09:00:00,932.5,,1041.1,1462.4,3436.0,-8.2,1.6,2.0
2025-01-21 10:00:00,880.9,4183.9,1056.0,1451.0,7571.8,-8.2,1.8,2.1
2025-01-21 11:00:00,876.7,4171.5,,1466.0,6514.2,-8.3,1.9,2.1
2025-01-21 12:00:00,874.5,4112.2,1059.8,1463.9,7510.4,-8.4,2.1,2.1
2025-01-21 13:00:00,899.6,4106.0,1049.7,1460.3,7515.6,-8.6,2.0,2.4
2025-01-21 14:00:00,903.1,4089.7,1032.4,1464.9,7490.1,-6.9,1.9,2.8
2025-01-21 15:00:00,880.3,4128.8,1041.1,1489.9,7540.1,-7.2,1.7,2.8
2025-01-21 16:00:00,892.5,4216.4,1054.6,1490.0,7653.5,-7.5,1.6,2.7
2025-01-21 17:00:00,892.3,4250.7,1071.0,1493.3,7707.3,-7.7,1.5,2.5
2025-01-21 18:00:00,902.4,4141.2,1058.0,1509.4,7611.0,-7.5,1.4,2.5
2025-01-21 19:00:00,920.9,4033.0,1011.4,1520.1,7485.4,-7.2,1.4,2.6
2025-01-21 20:00:00,865.9,3927.8,980.7,1482.0,7256.4,-7.0,1.3,2.4
2025-01-21 21:00:00,850.3,3795.6,947.3,1474.1,7067.3,-6.8,1.0,1.9
2025-01-21 21:00:00,850.3,3795.6,947.3,1474.1,7067.3,-6.8,1.0,1.9
2025-01-21 22:00:00,834.1,3626.2,911.4,1444.2,6815.9,-6.7,0.7,1.6
2025-01-21 23:00:00,826.8,3491.3,859.6,,5177.7,-6.8,0.2,1.6
2025-01-22 00:00:00,783.4,3325.5,851.5,1340.7,6301.1,-6.9,-0.2,1.7
2025-01-22 01:00:00,788.6,3268.1,840.9,1315.6,6213.2,-7.0,0.3,1.9
2025-01-22 02:00:00,776.9,3262.9,829.1,1293.7,6162.6,-6.8,0.5,2.2
2025-01-22 03:00:00,766.5,3217.3,823.6,1302.4,6109.8,-6.9,0.8,2.2
2025-01-22 04:00:00,752.7,3173.0,815.0,1325.7,6066.4,-6.6,1.1,2.2
2025-01-22 05:00:00,787.6,3307.5,852.1,1390.8,6338.0,-6.4,1.3,2.6
2025-01-22 06:00:00,779.3,3650.3,912.8,1410.5,6752.9,-6.3,1.1,2.8
2025-01-22 07:00:00,805.5,3968.9,1014.3,1400.0,7188.7,-6.3,1.3,2.8
2025-01-22 08:00:00,842.6,4048.0,1022.1,1378.3,7291.0,-6.4,1.3,2.7
2025-01-22 09:00:00,809.1,4038.6,1052.9,1371.8,7272.4,-6.4,1.4,2.7
2025-01-22 10:00:00,776.7,,1058.0,1379.8,3214.5,-6.5,1.4,2.8
2025-01-22 11:00:00,786.0,4037.9,1085.6,1373.5,7283.0,-6.5,1.8,3.1
2025-01-22 12:00:00,742.6,4025.5,1049.1,1368.3,7185.5,-6.5,1.6,3.2
2025-01-22 13:00:00,744.2,3979.3,1042.2,1361.9,7127.6,-6.6,2.0,3.0
2025-01-22 14:00:00,753.9,3964.0,1032.2,1351.1,7101.2,-7.8,2.3,2.3
2025-01-22 15:00:00,795.7,4036.0,1031.0,1368.7,7231.4,-8.4,2.3,1.8
2025-01-22 16:00:00,804.7,,1045.7,1382.0,3232.4,-9.0,2.3,1.5
2025-01-22 17:00:00,793.1,4170.2,1058.6,1377.8,7399.7,-9.6,2.3,1.5
2025-01-22 18:00:00,779.3,4124.3,1033.6,1375.5,7312.7,-10.4,2.2,1.7
2025-01-22 19:00:00,765.9,4016.8,1029.8,1353.6,7166.1,-11.3,2.1,1.9
2025-01-22 20:00:00,757.6,3921.0,980.1,1311.4,6970.1,-12.1,2.1,2.1
2025-01-22 21:00:00,731.4,3785.5,920.9,1312.8,6750.6,-13.0,1.9,2.4
2025-01-22 22:00:00,729.4,3625.2,881.2,1292.6,6528.4,-13.9,1.8,2.7
2025-01-22 23:00:00,711.5,3480.5,862.8,1265.2,6320.0,-14.7,1.4,2.9
2025-01-23 00:00:00,704.8,3331.0,830.3,1239.7,6105.8,-15.5,0.9,3.1
2025-01-23 01:00:00,700.2,3263.9,836.9,1223.5,6024.5,-16.2,1.1,3.2
2025-01-23 02:00:00,699.4,3248.3,839.8,1226.4,6013.9,-17.3,1.3,3.6
2025-01-23 03:00:00,714.4,3214.7,821.9,1224.7,5975.7,-17.6,1.3,3.5
2025-01-23 04:00:00,730.6,3223.2,809.0,1250.7,6013.5,-17.7,1.3,3.4
2025-01-23 05:00:00,755.0,3374.3,815.9,1318.4,6263.6,-17.7,1.3,3.0
2025-01-23 06:00:00,784.4,3737.6,899.3,1368.5,6789.8,-17.6,1.5,2.9
2025-01-23 07:00:00,801.8,4021.0,983.8,1396.4,7203.0,-17.5,1.6,2.8
2025-01-23 08:00:00,820.3,4094.0,980.4,1386.4,7281.1,-17.2,1.5,2.7
2025-01-23 09:00:00,801.8,4140.2,997.6,1387.4,7327.0,-16.4,1.4,2.7
2025-01-23 10:00:00,781.5,4184.8,1018.1,1397.3,7381.7,-16.3,1.4,2.7
2025-01-23 11:00:00,731.0,4188.8,1036.8,1396.3,7352.9,-15.7,2.1,2.5
2025-01-23 12:00:00,735.5,4179.3,1063.5,1387.3,7365.6,-15.3,2.6,2.5
2025-01-23 13:00:00,774.8,4186.2,1078.5,1367.0,7406.5,-15.4,2.4,3.1
2025-01-23 14:00:00,813.6,4158.1,1115.6,1365.0,7452.3,-16.0,2.4,2.9
2025-01-23 15:00:00,858.0,4233.1,1107.8,1389.3,7588.2,-16.9,2.2,3.7
2025-01-23 16:00:00,938.2,4301.8,1024.1,1393.0,7657.1,-17.0,2.0,4.1
2025-01-23 17:00:00,951.8,4311.2,1057.5,1381.0,7701.5,-17.5,2.0,3.8
2025-01-23 18:00:00,935.7,4267.6,1069.2,1388.0,7660.5,-18.1,1.9,4.3
2025-01-23 19:00:00,980.4,4182.2,1011.4,1382.5,7556.5,-17.9,1.5,4.0
2025-01-23 20:00:00,974.9,4053.2,940.4,1356.3,7324.8,-17.8,1.4,4.1
2025-01-23 21:00:00,927.2,3888.4,919.1,1378.3,7113.0,-16.7,1.4,4.2
2025-01-23 22:00:00,879.1,3758.1,893.8,1368.6,6899.6,-16.8,1.3,3.9
2025-01-23 23:00:00,882.6,3590.6,845.5,1319.6,6638.3,-17.4,1.1,3.7
2025-01-24 00:00:00,922.5,3479.6,830.6,1298.2,6530.9,-18.0,1.2,3.7
2025-01-24 01:00:00,848.1,3392.9,814.7,1285.1,6340.8,-17.3,1.7,3.8
2025-01-24 02:00:00,825.1,3291.3,778.8,1279.5,6174.7,-18.9,1.8,3.8
2025-01-24 03:00:00,831.0,3281.5,767.3,1281.9,6161.7,-19.7,2.0,3.9
2025-01-24 04:00:00,839.8,3308.2,760.1,1312.7,6220.8,-20.0,1.8,4.0
2025-01-24 05:00:00,860.3,3423.8,817.6,1385.0,6486.7,-19.9,1.5,4.0
2025-01-24 06:00:00,910.2,3780.9,918.6,1423.5,7033.2,-19.6,1.6,3.9
2025-01-24 07:00:00,923.6,4048.4,984.4,1438.8,7395.2,-19.2,1.6,3.9
2025-01-24 08:00:00,934.9,4147.1,981.2,1411.1,7474.3,-18.2,1.9,4.2
2025-01-24 09:00:00,886.4,4096.9,983.8,1421.6,7388.7,-17.2,1.7,4.2
2025-01-24 10:00:00,889.7,4059.1,1024.7,1427.4,7400.9,-16.0,2.2,4.4
2025-01-24 11:00:00,871.6,3996.9,1019.2,1422.9,7310.6,-14.7,2.7,4.6
2025-01-24 12:00:00,880.7,3975.1,969.7,1402.7,7228.2,-13.1,3.0,4.7
2025-01-24 13:00:00,846.9,3965.9,961.7,1401.9,7176.4,-11.3,3.4,4.8
2025-01-24 14:00:00,842.8,3983.2,956.8,1395.9,7178.7,-10.8,3.4,5.2
2025-01-24 15:00:00,890.1,3976.0,938.4,1407.8,7212.3,-9.8,3.2,5.0
2025-01-24 16:00:00,927.4,4073.4,925.5,1426.0,7352.3,-8.8,3.0,5.1
2025-01-24 17:00:00,933.5,4104.1,943.3,1427.4,7408.3,-8.0,3.2,5.3
2025-01-24 18:00:00,892.3,4027.8,933.8,1419.4,7273.3,-7.7,3.2,5.6
2025-01-24 19:00:00,886.2,3880.6,893.2,1396.0,7056.0,-7.7,2.9,5.9
2025-01-24 20:00:00,854.6,3714.4,872.5,1348.3,6789.8,-7.6,3.0,5.8
2025-01-24 21:00:00,794.1,3562.0,823.1,1362.3,6541.5,-7.8,3.2,6.0
2025-01-24 22:00:00,806.7,3447.6,788.9,1333.1,6376.3,-7.8,2.5,6.3
2025-01-24 23:00:00,795.5,3340.1,766.7,1301.6,6203.9,-7.6,2.9,6.6
2025-01-25 00:00:00,857.8,3251.5,753.5,1267.7,6130.5,-7.5,3.2,6.5
2025-01-25 01:00:00,813.8,3176.6,731.0,1250.5,5971.9,-7.4,3.5,6.3
2025-01-25 02:00:00,789.0,3079.5,723.0,1233.9,5825.4,-7.9,4.0,6.4
2025-01-25 03:00:00,705.2,3047.9,720.4,1227.0,5700.5,-7.1,3.5,6.2
2025-01-25 04:00:00,728.2,3039.4,722.7,1230.3,5720.6,-5.5,3.5,5.9
2025-01-25 05:00:00,736.5,3084.4,745.4,1248.4,5814.7,-3.2,3.4,5.6
2025-01-25 06:00:00,680.3,3159.6,739.4,1260.6,5839.9,-1.7,3.3,5.2
2025-01-25 07:00:00,735.7,3272.4,750.6,1295.1,6053.8,-1.0,3.4,5.2
2025-01-25 07:00:00,735.7,3272.4,750.6,1295.1,6053.8,-1.0,3.4,5.2
2025-01-25 08:00:00,749.9,3379.5,781.9,1307.9,6219.2,-0.1,3.6,5.2
2025-01-25 09:00:00,746.2,3456.4,833.7,1332.2,6368.5,0.2,3.8,5.2
2025-01-25 10:00:00,767.3,3525.8,846.7,1349.5,6489.3,0.3,4.1,5.3
2025-01-25 11:00:00,732.4,3561.6,842.6,1357.2,6493.8,0.3,4.5,5.1
2025-01-25 12:00:00,682.5,3599.8,849.5,1352.4,6484.2,0.6,4.9,5.0
2025-01-25 13:00:00,691.0,3631.4,817.0,1340.7,6480.1,0.8,5.3,5.1
2025-01-25 14:00:00,675.0,3628.1,850.4,1341.7,6495.2,-0.1,5.0,4.9
2025-01-25 15:00:00,655.9,3652.5,878.9,1374.1,6561.4,0.3,4.8,4.9
2025-01-25 16:00:00,701.6,3783.8,907.6,1405.2,6798.2,0.9,4.3,4.4
2025-01-25 17:00:00,683.9,3864.6,899.3,1417.7,6865.5,1.0,4.2,4.5
2025-01-25 18:00:00,662.8,3781.9,863.3,1405.6,6713.6,0.8,4.4,4.7
2025-01-25 19:00:00,672.6,3679.3,801.8,1364.9,6518.6,0.7,4.1,4.8
2025-01-25 20:00:00,685.6,3591.6,772.2,1301.2,6350.6,0.7,4.2,4.8
2025-01-25 21:00:00,677.4,3453.2,774.8,1313.3,6218.7,0.7,3.9,4.4
2025-01-25 22:00:00,676.6,3376.3,750.3,1296.8,6100.0,0.7,3.3,4.1
2025-01-25 23:00:00,655.9,3334.6,743.7,1257.3,5991.5,0.8,2.9,3.6
2025-01-26 00:00:00,620.8,3281.5,769.0,1225.7,5897.0,0.4,2.7,3.4
2025-01-26 01:00:00,694.8,3218.6,734.8,1199.5,5847.7,0.3,2.7,3.1
2025-01-26 02:00:00,704.8,3156.1,730.8,1182.5,5774.2,-2.0,3.2,3.2
2025-01-26 03:00:00,667.7,3103.0,747.2,1168.0,5685.9,-2.4,3.5,3.0
2025-01-26 04:00:00,652.1,3109.2,746.6,1167.6,5675.5,-2.9,3.4,2.7
2025-01-26 05:00:00,653.7,3140.1,773.0,1184.4,5751.2,-3.6,3.3,2.8
2025-01-26 06:00:00,623.1,3211.8,777.3,1193.7,5805.9,-3.8,3.0,2.7
2025-01-26 07:00:00,626.9,3277.9,803.8,1223.2,5931.8,-3.3,2.8,2.7
2025-01-26 08:00:00,703.2,3400.4,838.9,1223.6,6166.1,-2.6,2.6,2.5
2025-01-26 09:00:00,710.9,3558.4,865.9,1251.2,6386.4,-2.9,2.4,2.6
2025-01-26 10:00:00,743.0,3662.6,896.4,1256.7,6558.7,-2.6,2.7,2.9
2025-01-26 11:00:00,785.6,3670.1,,1267.9,5723.6,-2.0,3.3,3.1
2025-01-26 12:00:00,722.9,3715.1,902.7,1269.2,6609.9,-1.4,3.7,3.4
2025-01-26 13:00:00,698.3,3754.5,899.9,1258.1,6610.8,-0.9,3.8,3.7
2025-01-26 14:00:00,683.3,3777.3,903.3,1258.4,6622.3,1.1,3.5,3.5
2025-01-26 15:00:00,641.9,3810.2,901.6,1278.3,6632.0,1.2,2.7,3.4
2025-01-26 16:00:00,594.3,3988.4,944.4,1305.0,6832.1,1.0,1.6,3.2
2025-01-26 17:00:00,541.1,4088.7,978.1,1307.4,6915.3,1.2,1.4,3.0
2025-01-26 18:00:00,596.5,4115.5,972.0,1287.8,6971.8,0.7,1.1,3.1
2025-01-26 19:00:00,600.1,4046.4,952.5,1263.5,6862.5,0.2,0.9,3.0
2025-01-26 20:00:00,618.8,3981.9,925.5,1215.7,6741.9,-0.3,0.7,2.7
2025-01-26 21:00:00,627.3,3828.5,887.8,1226.9,6570.5,-0.7,0.6,2.1
2025-01-26 22:00:00,661.8,3680.2,862.8,1210.9,6415.7,-1.2,0.2,2.6
2025-01-26 23:00:00,725.7,3559.7,832.3,1182.6,6300.3,-1.9,0.1,2.1
2025-01-27 00:00:00,709.5,3471.7,806.1,1162.0,6149.3,-3.0,-0.8,2.1
2025-01-27 01:00:00,560.0,3414.1,788.6,1152.6,5915.3,-3.8,-1.2,2.5
2025-01-27 02:00:00,604.2,3365.2,765.8,1156.3,5891.5,-3.6,-1.9,2.7
2025-01-27 03:00:00,651.7,3392.9,777.3,1153.4,5975.3,-3.3,-2.0,2.9
2025-01-27 04:00:00,627.7,3453.2,778.8,1180.4,6040.1,-3.8,-2.0,2.8
2025-01-27 05:00:00,649.0,3611.8,810.7,1235.6,6307.1,-4.2,-1.6,2.6
2025-01-27 06:00:00,690.6,3964.6,912.5,1260.7,6828.4,-4.6,-1.9,2.7
2025-01-27 07:00:00,784.2,4333.7,996.2,1284.2,7398.3,-4.7,-2.2,2.9
2025-01-27 08:00:00,850.5,4409.3,1009.7,1289.1,7558.6,-5.0,-2.3,3.3
2025-01-27 09:00:00,889.7,4386.5,1020.6,1292.3,7589.1,-4.7,-2.2,4.0
2025-01-27 10:00:00,873.2,4367.0,1046.2,1297.7,7584.1,-4.2,-1.9,4.2
2025-01-27 11:00:00,773.8,4275.1,1053.7,1295.4,7398.0,-3.9,-1.2,4.3
2025-01-27 12:00:00,680.7,4284.5,1051.7,1287.1,7304.0,-3.9,-0.2,4.4
2025-01-27 13:00:00,705.0,4304.1,1022.7,1277.7,7309.5,-3.8,0.5,5.6
2025-01-27 14:00:00,770.8,4326.9,1006.6,1276.6,7380.9,-1.8,1.1,6.3
2025-01-27 15:00:00,821.7,4338.9,1036.8,1297.1,7494.5,-2.0,1.3,6.9
2025-01-27 16:00:00,849.5,4424.0,1075.3,1319.7,7668.5,-2.0,1.5,6.8
2025-01-27 17:00:00,863.3,4521.4,1120.4,1317.4,7822.5,-2.2,1.8,6.4
2025-01-27 18:00:00,797.8,4381.3,1053.1,1324.7,7556.9,-2.4,1.2,6.2
2025-01-27 19:00:00,795.7,4185.8,984.7,1314.5,7280.7,-2.6,1.1,6.0
2025-01-27 20:00:00,821.1,4029.8,980.1,1283.3,7114.3,-2.9,1.8,5.8
2025-01-27 21:00:00,755.0,3824.9,959.7,1295.5,6835.1,-2.8,2.4,5.8
2025-01-27 22:00:00,746.0,3657.1,933.5,1272.7,6609.3,-2.6,2.6,5.1
2025-01-27 23:00:00,698.1,3529.7,918.3,1242.4,6388.5,-2.2,2.7,5.0
2025-01-28 00:00:00,674.6,3463.9,836.6,1229.1,6204.2,-1.9,2.3,4.7
2025-01-28 01:00:00,687.8,3369.4,785.7,1212.6,6055.5,-1.7,1.7,4.7
2025-01-28 02:00:00,658.6,3328.4,776.5,1210.4,5973.9,-2.1,2.7,5.3
2025-01-28 03:00:00,731.8,3243.7,769.0,1210.9,5955.4,-1.9,1.4,5.4
2025-01-28 04:00:00,798.6,3204.6,745.1,1237.7,5986.0,-1.6,0.9,5.2
2025-01-28 05:00:00,788.8,3307.2,786.0,1311.3,6193.3,-1.4,0.5,5.3
2025-01-28 06:00:00,774.2,3677.3,877.1,1347.9,6676.5,-1.5,0.2,4.9
2025-01-28 07:00:00,,3980.3,964.3,1356.6,6301.2,-1.6,0.7,4.6
2025-01-28 08:00:00,839.1,4040.2,970.9,1337.9,7188.1,-1.5,1.1,4.5
2025-01-28 09:00:00,789.0,4034.3,964.6,1329.8,7117.7,-1.3,1.2,4.8
2025-01-28 10:00:00,780.1,4010.2,927.5,1321.1,7038.9,-0.9,1.6,5.1
2025-01-28 11:00:00,744.2,4046.1,959.1,1303.2,7052.6,-0.6,2.0,5.6
2025-01-28 12:00:00,743.2,3955.8,940.7,1291.7,6931.4,-0.5,2.2,5.8
2025-01-28 13:00:00,727.2,,934.4,1287.4,2949.0,-0.2,2.7,5.9
2025-01-28 14:00:00,695.3,3983.2,919.1,1258.0,6855.6,0.1,2.7,6.5
2025-01-28 15:00:00,798.2,4044.8,937.8,1265.9,7046.7,0.2,2.8,6.3
2025-01-28 16:00:00,788.6,4105.4,930.9,1280.3,7105.2,0.4,2.5,5.8
2025-01-28 17:00:00,780.1,4180.6,944.4,1269.3,7174.4,0.4,2.6,5.2
2025-01-28 18:00:00,779.9,4093.6,918.0,1268.0,7059.5,0.5,2.4,4.8
2025-01-28 19:00:00,752.7,4014.8,903.0,1238.3,6908.8,0.5,2.4,4.6
2025-01-28 20:00:00,743.6,3883.2,901.0,1202.6,6730.4,0.5,2.2,4.4
2025-01-28 21:00:00,700.6,3739.2,861.0,1221.3,6522.1,0.2,2.0,4.2
2025-01-28 22:00:00,645.4,3555.5,845.5,1198.5,6244.9,-0.2,2.0,4.0
2025-01-28 23:00:00,649.4,3378.9,798.6,1154.6,5981.5,-1.6,1.8,3.9
2025-01-29 00:00:00,628.8,3252.2,771.9,1129.4,5782.3,-2.9,1.9,4.0
2025-01-29 01:00:00,600.6,3155.1,754.6,1110.9,5621.2,-3.3,2.1,3.9
2025-01-29 02:00:00,599.9,3132.9,738.5,1111.3,5582.6,-4.3,3.1,4.8
2025-01-29 03:00:00,663.2,3155.7,736.2,1109.8,5664.9,-5.6,3.2,4.4
2025-01-29 04:00:00,,3187.0,735.1,1134.6,5056.7,-7.0,3.4,3.8
2025-01-29 05:00:00,686.8,3329.4,769.3,1222.3,6007.8,-8.4,3.7,3.5
2025-01-29 06:00:00,749.5,3662.3,858.7,1263.6,6534.1,-9.4,3.9,3.2
2025-01-29 07:00:00,785.6,3998.2,936.1,1271.0,6990.9,-10.5,3.8,2.9
2025-01-29 08:00:00,781.5,4019.0,950.8,1269.2,7020.5,-11.0,3.5,3.0
2025-01-29 09:00:00,810.5,4038.6,959.1,1271.7,7079.9,-11.9,3.4,3.8
2025-01-29 10:00:00,869.0,4031.7,940.7,1282.0,7123.4,-12.1,3.3,4.6
2025-01-29 11:00:00,882.6,4054.2,941.8,1278.5,7157.1,-11.7,3.3,5.0
2025-01-29 12:00:00,838.9,4061.4,930.6,1273.2,7104.1,-11.2,3.2,5.3
2025-01-29 13:00:00,823.5,4074.7,926.9,1279.9,7105.0,-10.8,3.1,5.5
2025-01-29 14:00:00,815.0,4080.9,933.2,1302.0,7131.1,-10.9,3.4,5.4
2025-01-29 15:00:00,848.1,4094.6,940.7,1340.0,7223.4,-10.3,3.1,5.2
2025-01-29 16:00:00,882.0,4168.9,966.3,1369.2,7386.4,-9.6,2.9,4.4
2025-01-29 17:00:00,906.1,4244.1,985.3,1367.8,7503.3,-8.4,2.6,4.3
2025-01-29 18:00:00,881.8,4166.3,971.5,1377.9,7397.5,-7.5,2.3,4.6
2025-01-29 19:00:00,861.3,4115.8,945.3,1352.7,7275.1,-6.8,2.1,4.8
2025-01-29 20:00:00,812.8,4003.1,903.3,1297.3,7016.5,-6.2,1.9,4.9
2025-01-29 21:00:00,882.4,3845.4,865.1,1296.8,6889.7,-5.5,1.6,4.9
2025-01-29 22:00:00,897.0,3687.1,823.6,1269.8,6677.5,-4.8,1.4,4.6
2025-01-29 23:00:00,954.8,3561.3,784.5,1219.2,6519.8,-4.1,1.4,5.0
2025-01-30 00:00:00,886.6,3425.5,737.1,1180.1,6229.3,-3.5,1.5,5.0
2025-01-30 01:00:00,759.4,3359.7,722.1,1158.5,5999.7,-2.6,1.5,5.1
2025-01-30 02:00:00,762.0,3342.4,714.1,1141.2,5959.7,-4.5,1.3,5.2
2025-01-30 03:00:00,759.2,3315.7,720.1,1136.6,5931.6,-4.1,1.2,4.9
2025-01-30 04:00:00,787.0,3333.3,722.7,1161.6,6004.6,-3.2,1.0,4.9
2025-01-30 05:00:00,785.2,3449.9,749.7,1247.6,6232.4,-2.4,0.8,4.9
2025-01-30 06:00:00,836.9,3765.6,841.8,1306.4,6750.7,-2.0,0.7,5.1
2025-01-30 07:00:00,911.2,4128.5,924.9,1323.0,7287.6,-1.8,0.3,5.1
2025-01-30 08:00:00,900.4,4165.3,939.5,1318.1,7323.3,-1.5,-0.1,4.9
2025-01-30 09:00:00,858.8,4152.3,943.6,1316.5,7271.2,-1.3,-0.1,4.7
2025-01-30 10:00:00,805.5,4121.0,940.4,1334.9,7201.8,-1.2,0.4,5.0
2025-01-30 11:00:00,779.7,4075.7,932.6,1339.0,7127.0,-1.2,0.6,5.3
2025-01-30 12:00:00,752.3,4063.3,951.1,1331.5,7098.2,-1.0,1.0,5.7
2025-01-30 13:00:00,762.9,4094.9,963.4,1323.7,7144.9,-0.9,1.5,6.1
2025-01-30 14:00:00,767.7,4066.9,946.4,1317.4,7098.4,-2.0,1.7,6.1
2025-01-30 15:00:00,778.5,4097.9,956.5,1312.5,7145.4,-2.0,1.7,6.2
2025-01-30 16:00:00,794.7,4179.0,993.3,1330.5,7297.5,-2.3,1.6,6.0
2025-01-30 17:00:00,851.9,4211.6,989.3,1340.7,7393.5,-2.4,1.6,5.5
2025-01-30 18:00:00,787.2,4153.9,943.9,1352.7,7237.7,-2.6,1.5,5.3
2025-01-30 19:00:00,778.1,4074.4,960.3,1334.2,7147.0,-2.8,1.5,5.2
2025-01-30 20:00:00,,3939.2,932.6,1314.1,6185.9,-3.1,1.3,5.0
2025-01-30 21:00:00,753.3,,879.2,1328.3,2960.8,-3.3,1.3,4.9
2025-01-30 22:00:00,752.9,3643.4,800.4,1312.8,6509.5,-3.3,1.4,4.6
2025-01-30 23:00:00,736.5,3537.5,759.8,1262.6,6296.4,-3.6,1.4,4.1
2025-01-31 00:00:00,770.8,3407.2,783.7,1232.8,6194.5,-3.9,1.5,3.9
2025-01-31 01:00:00,760.0,3325.1,785.7,1210.3,6081.1,-4.2,1.2,3.7
2025-01-31 02:00:00,747.6,3253.1,784.5,1192.4,5977.6,-4.2,1.4,3.9
2025-01-31 03:00:00,693.7,3246.0,790.9,,4730.6,-4.4,1.2,3.7
2025-01-31 04:00:00,709.5,3249.6,805.5,1223.1,5987.7,-5.0,1.0,3.2
2025-01-31 05:00:00,735.7,3374.3,827.4,1300.2,6237.6,-5.6,0.9,2.6
2025-01-31 06:00:00,742.0,3718.3,903.6,1344.0,6707.9,-6.5,0.9,2.3
2025-01-31 07:00:00,749.9,4043.1,,1350.2,6143.2,-7.1,0.9,2.1
2025-01-31 08:00:00,776.1,4119.0,979.8,1328.8,7203.7,-7.6,0.9,1.9
2025-01-31 09:00:00,698.5,4149.3,977.2,1324.8,7149.8,-8.0,1.0,2.0
2025-01-31 10:00:00,751.3,4119.4,981.8,1315.9,7168.4,-7.4,1.2,2.4
2025-01-31 11:00:00,795.3,,987.6,1319.8,3102.7,-6.3,1.3,2.5
2025-01-31 12:00:00,798.4,3979.0,958.8,1304.6,7040.8,-5.2,1.6,2.8
2025-01-31 13:00:00,761.6,3950.9,967.7,1293.1,6973.3,-4.4,1.5,3.2
2025-01-31 14:00:00,756.2,3908.6,947.3,1283.6,6895.7,-4.4,1.9,3.4
2025-01-31 15:00:00,771.0,3979.0,945.0,1291.9,6986.9,-4.7,1.5,3.7
2025-01-31 16:00:00,787.4,4084.2,958.0,1324.5,7154.1,-4.8,0.4,3.9
2025-01-31 17:00:00,736.5,4189.7,1007.7,1317.0,7250.9,-4.8,-0.3,3.9
2025-01-31 18:00:00,694.5,4178.3,1003.1,1310.6,7186.5,-4.6,-0.7,4.1
2025-01-31 19:00:00,664.3,4051.3,971.2,1287.5,6974.3,-4.0,-0.8,3.6
2025-01-31 20:00:00,649.2,3908.9,938.4,1266.9,6763.4,-2.9,-0.9,3.4
2025-01-31 21:00:00,636.9,3790.0,900.4,1278.3,6605.6,-1.5,-1.1,3.3
2025-01-31 22:00:00,652.3,3712.8,878.6,1256.6,6500.3,-0.4,-1.3,3.1
2025-01-31 23:00:00,676.4,3683.8,883.8,1233.0,6477.0,0.1,-1.5,2.8
2025-02-01 00:00:00,683.1,3597.2,853.6,1219.3,6353.2,-0.8,-1.3,2.5
2025-02-01 01:00:00,649.9,3559.4,823.6,1207.6,6240.5,-0.6,-1.0,2.3
2025-02-01 02:00:00,638.1,3401.4,791.7,1188.0,6019.2,-0.2,-0.1,2.7
2025-02-01 03:00:00,616.6,3417.3,792.9,1181.7,6008.5,-0.4,0.2,2.5
2025-02-01 04:00:00,654.5,3427.1,789.4,1191.6,6062.6,-0.6,0.1,2.5
2025-02-01 05:00:00,621.7,3431.7,807.5,1217.0,6077.9,-0.9,-0.9,2.8
2025-02-01 06:00:00,610.9,3523.9,816.2,1232.4,6183.4,-1.1,-1.3,3.1
2025-02-01 07:00:00,601.8,3751.2,853.3,1256.1,6462.4,-1.4,-1.5,3.2
2025-02-01 08:00:00,,3823.9,865.1,1280.7,5969.7,-1.1,-1.8,3.0
2025-02-01 09:00:00,622.3,3875.7,868.5,1319.8,6686.3,-0.5,-1.6,3.0
2025-02-01 10:00:00,653.1,3869.2,896.4,1333.2,6751.9,-0.3,-1.0,3.5
2025-02-01 11:00:00,675.0,3828.8,868.8,1318.5,6691.1,0.2,-0.4,3.7
2025-02-01 12:00:00,677.0,3780.2,852.4,1306.6,6616.2,0.6,0.2,3.7
2025-02-01 13:00:00,684.8,3747.7,848.1,1303.6,6584.2,1.0,0.6,3.9
2025-02-01 14:00:00,696.1,3738.9,854.7,1313.4,6603.1,0.6,0.7,3.2
2025-02-01 15:00:00,669.5,3854.8,877.1,1328.7,6730.1,1.0,0.3,3.3
2025-02-01 16:00:00,651.5,3996.6,920.0,1369.8,6937.9,0.0,-0.7,3.1
2025-02-01 17:00:00,628.6,4096.6,933.5,1381.4,7040.1,0.0,-1.3,2.8
2025-02-01 18:00:00,625.5,4127.5,941.0,1373.5,7067.5,-0.6,-1.7,2.7
2025-02-01 19:00:00,675.2,4085.8,918.3,1348.7,7028.0,-1.4,-2.0,2.0
2025-02-01 20:00:00,725.9,3980.3,883.2,1312.0,6901.4,-1.8,-2.3,1.5
2025-02-01 21:00:00,699.0,3851.3,879.2,1328.7,6758.2,-1.9,-2.6,1.2
2025-02-01 22:00:00,685.8,3784.5,879.4,1302.2,6651.9,-1.9,-2.8,1.1
2025-02-01 23:00:00,631.2,3740.8,863.0,1266.7,6501.7,-1.8,-3.1,0.9
2025-02-02 00:00:00,551.7,3712.2,853.8,1234.7,6352.4,-1.8,-3.4,0.5
2025-02-02 01:00:00,526.5,3755.2,829.1,1214.2,6325.0,-1.8,-3.6,-0.4
2025-02-02 02:00:00,591.6,3725.8,823.9,1197.2,6338.5,-1.8,-3.7,-1.0
2025-02-02 03:00:00,604.4,3708.6,849.0,1195.0,6357.0,-1.9,-3.9,-1.7
2025-02-02 04:00:00,601.0,3728.4,862.8,1199.7,6391.9,-1.9,-4.0,-1.6
2025-02-02 05:00:00,615.2,3716.4,860.2,1207.9,6399.7,-1.7,-4.3,-1.5
2025-02-02 06:00:00,681.9,,885.8,1223.6,2791.3,-1.6,-4.4,-1.0
2025-02-02 07:00:00,803.2,3723.9,907.9,1236.7,6671.7,-1.7,-4.5,-0.3
2025-02-02 08:00:00,791.9,3823.2,924.6,1250.4,6790.1,-1.8,-4.6,0.0
2025-02-02 09:00:00,738.3,3934.3,949.9,1290.4,6912.9,-2.1,-3.8,0.9
2025-02-02 10:00:00,781.9,3992.3,944.1,1310.0,7028.3,-2.7,-3.0,1.9
2025-02-02 11:00:00,810.1,4009.9,945.9,1316.2,7082.1,-2.6,-2.2,2.3
2025-02-02 12:00:00,778.9,4080.6,932.9,1312.3,7104.7,-3.4,-1.6,2.6
2025-02-02 13:00:00,772.0,4087.4,924.9,1310.6,7094.9,-3.8,-1.4,2.6
2025-02-02 14:00:00,751.3,4088.1,933.2,1304.3,7076.9,-3.8,-0.9,2.3
2025-02-02 15:00:00,780.9,4091.0,943.3,1335.6,7150.8,-4.6,-0.9,2.4
2025-02-02 16:00:00,841.2,4226.5,973.8,1371.5,7413.0,-5.5,-1.1,2.3
2025-02-02 17:00:00,854.6,4352.6,1002.2,1380.7,7590.1,-6.4,-0.9,2.1
2025-02-02 18:00:00,880.7,4275.4,1002.0,1387.8,7545.9,-7.4,-0.8,1.9
2025-02-02 19:00:00,892.1,4170.2,971.8,1362.3,7396.4,-8.3,-0.7,1.9
2025-02-02 20:00:00,858.6,,941.0,1316.2,3115.8,-8.7,-0.7,2.0
2025-02-02 21:00:00,848.3,4043.5,913.4,1325.0,7130.2,-8.8,-0.8,1.9
2025-02-02 22:00:00,838.7,3908.6,891.8,1317.3,6956.4,-8.6,-0.8,1.6
2025-02-02 23:00:00,832.5,3773.4,853.6,1280.8,6740.3,-8.6,-0.9,1.3
2025-02-03 00:00:00,789.6,3679.3,847.2,1263.8,6579.9,-8.7,-1.0,1.1
2025-02-03 01:00:00,787.2,3654.5,850.4,1242.0,6534.1,-8.7,-1.0,1.2
2025-02-03 02:00:00,816.0,3602.0,844.6,1236.4,6499.0,-11.9,-1.7,1.8
2025-02-03 03:00:00,801.4,3602.4,841.8,1237.6,6483.2,-11.8,-1.8,1.6
2025-02-03 04:00:00,782.3,3626.5,852.7,1264.2,6525.7,-11.8,-1.8,1.3
2025-02-03 05:00:00,811.8,3752.2,870.0,1338.1,6772.1,-11.8,-1.8,1.2
2025-02-03 06:00:00,836.9,4091.4,950.2,1405.4,7283.9,-11.6,-1.7,1.0
2025-02-03 07:00:00,853.1,4405.7,1045.7,1412.2,7716.7,-11.4,-1.6,0.7
2025-02-03 08:00:00,842.4,4441.9,1056.0,1411.9,7752.2,-11.2,-1.5,0.5
2025-02-03 09:00:00,846.5,4449.0,1080.8,1423.5,7799.8,-10.9,-1.6,0.6
2025-02-03 10:00:00,809.6,4389.8,1056.6,1436.7,7692.7,-10.4,-1.2,1.3
2025-02-03 11:00:00,818.7,4380.0,1085.4,1424.6,7708.7,-10.3,-0.9,1.9
2025-02-03 12:00:00,819.1,4374.1,1044.5,1411.6,7649.3,-10.1,-0.9,2.3
2025-02-03 13:00:00,836.7,4380.0,1020.9,1397.4,7635.0,-9.9,-0.9,2.7
2025-02-03 14:00:00,837.3,4363.4,1021.8,1374.8,7597.3,-12.4,-1.5,2.9
2025-02-03 15:00:00,871.4,4376.7,1060.3,1375.7,7684.1,-12.6,-1.7,2.7
2025-02-03 16:00:00,940.4,4447.4,1049.4,1412.7,7849.9,-12.7,-2.0,2.0
2025-02-03 17:00:00,,4470.5,1062.2,1416.1,6948.8,-12.5,-2.2,1.2
2025-02-03 18:00:00,953.2,4527.9,1075.0,1400.3,7956.4,-12.4,-3.3,1.5
2025-02-03 19:00:00,949.7,4373.5,1047.1,1386.6,7756.9,-12.4,-3.0,1.8
2025-02-03 20:00:00,966.8,4303.1,982.7,1348.6,7601.2,-12.3,-2.6,2.2
2025-02-03 21:00:00,984.2,4132.4,937.8,1358.7,7413.1,-12.4,-2.4,2.1
2025-02-03 22:00:00,965.1,3943.8,896.7,1354.6,7160.2,-12.4,-2.3,1.8
2025-02-03 23:00:00,969.0,3815.4,870.8,1335.2,6990.4,-12.6,-2.3,1.5
2025-02-04 00:00:00,956.0,3656.4,846.9,1324.5,6783.8,-12.9,-2.3,1.2
2025-02-04 01:00:00,951.6,3626.5,829.4,1316.8,6724.3,-13.4,-2.3,1.0
2025-02-04 02:00:00,948.3,3625.2,823.9,1317.3,6714.7,-15.5,-2.1,1.4
2025-02-04 03:00:00,926.2,3578.3,814.7,1322.1,6641.3,-15.4,-2.1,1.4
2025-02-04 04:00:00,912.0,3575.3,816.2,1353.5,6657.0,-15.2,-2.2,1.4
2025-02-04 05:00:00,949.7,3696.8,848.1,1426.5,6921.1,-15.2,-2.2,1.5
2025-02-04 06:00:00,945.1,4021.3,923.2,1475.6,7365.2,-15.1,-1.7,1.5
2025-02-04 07:00:00,840.8,4232.1,1000.5,1479.8,7553.2,-15.0,-1.1,1.5
2025-02-04 08:00:00,808.1,4307.7,1018.1,1483.2,7617.1,-14.9,-0.7,1.6
2025-02-04 09:00:00,809.1,4325.3,1035.0,1479.0,7648.4,-14.1,-0.2,2.0
2025-02-04 10:00:00,847.3,4346.4,1035.9,1489.6,7719.2,-13.1,0.2,2.2
2025-02-04 11:00:00,943.8,4350.3,1029.0,1479.0,7802.1,-12.2,0.4,2.5
2025-02-04 12:00:00,937.1,4347.4,1021.5,1463.5,7769.5,-12.4,0.8,2.8
2025-02-04 13:00:00,925.1,4305.7,1031.6,1455.1,7717.5,-12.7,1.2,2.9
2025-02-04 14:00:00,1016.7,4273.1,1029.0,1459.3,7778.1,-12.0,0.7,2.9
2025-02-04 15:00:00,1022.0,4286.2,1010.9,1481.8,7800.9,-12.0,0.9,3.1
2025-02-04 16:00:00,1008.6,4355.9,997.4,1540.8,7902.7,-11.9,0.9,3.2
2025-02-04 17:00:00,1022.4,4459.8,1031.9,1569.7,8083.8,-11.2,0.7,3.0
2025-02-04 18:00:00,958.9,4366.3,1010.9,1581.3,7917.4,-10.4,0.5,2.8
2025-02-04 19:00:00,1020.3,4225.2,1016.3,1556.8,7818.6,-9.6,0.8,2.4
2025-02-04 20:00:00,989.3,4053.6,977.5,1497.2,7517.6,-9.3,1.0,2.3
2025-02-04 21:00:00,956.6,3921.6,947.6,1485.3,7311.1,-9.0,1.1,2.6
2025-02-04 22:00:00,918.9,3685.8,911.9,1458.3,6974.9,-8.9,1.3,3.2
2025-02-04 23:00:00,943.6,3500.7,853.3,1412.1,6709.7,-8.6,1.4,3.5
2025-02-05 00:00:00,912.2,3376.9,829.7,1386.2,6505.0,-7.9,1.5,3.1
2025-02-05 01:00:00,820.1,3342.7,809.3,1364.3,6336.4,-7.1,1.5,3.2
2025-02-05 02:00:00,698.7,3327.7,805.5,1353.5,6185.4,-5.9,1.4,4.2
2025-02-05 03:00:00,695.5,3300.7,768.1,1352.0,6116.3,-4.7,1.8,4.2
2025-02-05 04:00:00,712.3,3309.2,777.6,1373.8,6172.9,-3.7,2.1,4.0
2025-02-05 05:00:00,752.3,3420.9,802.4,1446.8,6422.4,-2.3,2.0,3.0
2025-02-05 06:00:00,812.8,3715.4,893.0,1499.8,6921.0,-1.7,2.0,3.1
2025-02-05 07:00:00,,4058.1,1000.2,1509.5,6567.8,-1.1,2.1,3.3
2025-02-05 08:00:00,825.8,4090.7,1039.9,1495.2,7451.6,-0.5,2.3,3.8
2025-02-05 09:00:00,750.9,4126.2,1052.6,1492.5,7422.2,0.5,2.7,4.3
2025-02-05 10:00:00,720.9,4081.6,1044.5,1496.8,7343.8,1.2,3.1,5.0
2025-02-05 11:00:00,723.9,4037.6,1013.5,1480.8,7255.8,1.4,3.8,5.6
2025-02-05 12:00:00,712.5,3981.6,949.0,1472.5,7115.6,1.1,4.4,6.4
2025-02-05 13:00:00,701.8,3910.2,903.0,1456.4,6971.4,0.9,4.8,7.0
2025-02-05 14:00:00,683.1,3872.8,886.6,1447.6,6890.1,0.7,5.0,7.4
2025-02-05 15:00:00,717.4,3938.2,922.9,1441.4,7019.9,0.7,5.0,7.1
2025-02-05 16:00:00,616.2,3998.2,945.3,1457.4,7017.1,0.7,4.5,6.6
2025-02-05 17:00:00,558.8,4099.2,1015.5,1449.3,7122.8,0.4,3.4,5.9
2025-02-05 18:00:00,665.3,4088.4,1013.2,1447.2,7214.1,-0.5,2.6,5.4
2025-02-05 19:00:00,632.6,4054.2,999.1,1406.5,7092.4,-0.7,2.0,5.1
2025-02-05 20:00:00,614.3,3985.5,989.0,1348.6,6937.4,-1.0,1.6,4.8
2025-02-05 21:00:00,608.1,3872.4,943.9,1343.9,6768.3,-1.1,1.1,4.3
2025-02-05 22:00:00,631.0,3638.5,904.7,1313.5,6487.7,-1.3,0.5,3.9
2025-02-05 23:00:00,702.0,3511.5,841.2,1280.9,6335.6,-1.9,0.1,3.6
2025-02-06 00:00:00,680.9,3465.5,808.4,1256.0,6210.8,-2.2,-0.2,3.5
2025-02-06 01:00:00,660.4,3468.8,805.2,,4934.4,-2.3,-0.5,3.4
2025-02-06 02:00:00,673.6,3375.3,771.0,1209.9,6029.8,-3.0,-0.8,3.6
2025-02-06 03:00:00,690.6,3334.6,748.6,,4773.8,-3.0,-1.1,3.5
2025-02-06 04:00:00,746.0,3387.0,761.8,1232.9,6127.7,-3.6,-1.1,3.4
2025-02-06 05:00:00,722.3,3521.6,,1300.6,5544.5,-3.7,-0.9,3.3
2025-02-06 06:00:00,717.6,3886.8,,1327.9,5932.3,-3.5,-1.0,3.0
2025-02-06 07:00:00,753.1,4207.0,958.0,1318.1,7236.2,-2.4,-1.0,2.7
2025-02-06 08:00:00,763.7,4286.2,964.6,1305.5,7320.0,-2.2,-1.1,2.6
2025-02-06 09:00:00,774.0,4240.9,994.5,1317.8,7327.2,-2.2,-0.5,2.9
2025-02-06 10:00:00,819.5,4101.8,1012.3,1306.3,7239.9,-1.4,0.5,3.4
2025-02-06 11:00:00,836.3,4003.4,1000.8,1290.7,7131.2,0.2,1.5,3.8
2025-02-06 12:00:00,776.0,3898.5,937.5,1275.9,6887.9,1.3,2.4,4.1
2025-02-06 13:00:00,697.9,3852.6,,1280.0,5830.5,1.4,3.0,4.6
2025-02-06 14:00:00,694.3,3866.2,882.6,1284.9,6728.0,0.8,3.4,4.8
2025-02-06 15:00:00,726.7,3919.7,911.4,1301.8,6859.6,1.1,2.7,5.1
2025-02-06 16:00:00,838.1,4083.5,949.9,1354.0,7225.5,1.7,1.4,4.8
2025-02-06 17:00:00,803.6,4265.6,973.5,1368.6,7411.3,2.4,0.4,3.7
2025-02-06 18:00:00,754.3,4248.4,936.1,1377.9,7316.7,3.1,-0.7,2.8
2025-02-06 19:00:00,789.2,4203.1,919.7,1379.1,7291.1,3.3,-1.0,2.1
2025-02-06 20:00:00,840.2,4122.0,870.0,1354.3,7186.5,3.1,-1.2,1.6
2025-02-06 21:00:00,827.0,3999.2,825.1,1363.1,7014.4,3.1,-1.2,1.3
2025-02-06 22:00:00,786.0,3879.6,805.2,1332.0,6802.8,2.9,-1.6,1.3
2025-02-06 23:00:00,643.4,3759.7,800.9,1292.4,6496.4,3.0,-1.6,1.2
2025-02-07 00:00:00,531.8,3641.1,789.7,1252.4,6215.0,3.2,-1.7,1.0
2025-02-07 01:00:00,562.8,3632.3,782.8,1235.2,6213.1,3.4,-1.8,0.6
2025-02-07 02:00:00,631.0,3627.5,781.1,1214.5,6254.1,3.1,-3.4,0.3
2025-02-07 03:00:00,637.3,3637.2,815.9,1205.2,6295.6,3.1,-3.5,0.1
2025-02-07 04:00:00,642.5,3659.7,844.4,1229.4,6376.0,3.1,-3.7,-0.0
2025-02-07 05:00:00,699.6,3789.0,883.2,1316.8,6688.6,3.0,-3.8,0.1
2025-02-07 06:00:00,669.5,4140.5,938.4,1391.0,7139.4,2.9,-3.7,0.7
2025-02-07 07:00:00,660.0,4439.6,1015.8,1402.1,7517.5,2.6,-3.1,1.2
2025-02-07 08:00:00,729.8,4471.9,1037.9,1415.5,7655.1,2.2,-1.8,1.2
2025-02-07 09:00:00,724.5,4426.2,1102.6,1424.7,7678.0,1.9,-0.4,1.3
2025-02-07 10:00:00,728.4,4337.0,1083.3,1458.4,7607.1,2.2,0.8,1.7
2025-02-07 11:00:00,790.9,4269.9,1047.4,1455.3,7563.5,2.6,1.9,2.3
2025-02-07 12:00:00,777.1,4182.2,982.4,1442.8,7384.5,2.8,2.5,3.0
2025-02-07 13:00:00,736.5,4112.2,996.5,1425.2,7270.4,3.2,2.6,3.3
2025-02-07 14:00:00,671.4,4091.4,992.2,1412.8,7167.8,3.7,1.7,3.8
2025-02-07 15:00:00,650.9,4136.6,1003.7,1407.1,7198.3,2.4,1.4,3.3
2025-02-07 16:00:00,622.5,4212.2,987.6,1440.1,7262.4,1.5,1.0,3.0
2025-02-07 17:00:00,638.3,4308.6,1054.9,1435.7,7437.5,1.1,0.7,2.9
2025-02-07 18:00:00,715.4,4189.7,1001.1,1435.6,7341.8,0.6,0.6,2.8
2025-02-07 19:00:00,785.6,4062.4,956.2,1406.0,7210.2,0.3,0.7,2.6
2025-02-07 20:00:00,780.1,3895.9,887.8,1370.8,6934.6,0.3,0.6,2.5
2025-02-07 21:00:00,741.0,3735.3,873.7,1367.0,6717.0,0.1,0.2,2.4
2025-02-07 22:00:00,711.5,3631.0,841.5,1344.2,6528.2,-0.6,0.0,1.7
2025-02-07 23:00:00,735.1,3526.1,794.9,1310.5,6366.6,-1.3,-0.1,1.3
2025-02-08 00:00:00,684.8,3426.8,777.6,1286.9,6176.1,-1.9,0.0,1.2
2025-02-08 01:00:00,722.9,3342.7,770.2,1270.2,6106.0,-2.4,-0.1,1.3
2025-02-08 02:00:00,668.5,3370.4,797.8,1262.2,6098.9,-2.9,0.0,1.4
2025-02-08 03:00:00,572.9,3325.8,774.8,1253.7,5927.2,-3.4,-0.1,1.1
2025-02-08 04:00:00,621.7,3302.3,775.0,1252.3,5951.3,-3.9,-0.2,0.9
2025-02-08 05:00:00,733.8,3238.5,797.5,1271.1,6040.9,-4.5,-0.2,0.8
2025-02-08 06:00:00,737.9,3231.0,817.3,1276.6,6062.8,-4.8,0.0,0.7
2025-02-08 07:00:00,735.5,3412.1,861.9,1282.5,6292.0,-5.1,0.1,0.7
2025-02-08 08:00:00,743.2,,903.3,1302.5,2949.0,-5.2,0.1,0.7
2025-02-08 09:00:00,730.4,3697.8,936.4,1314.5,6679.1,-4.9,0.1,0.7
2025-02-08 10:00:00,768.1,3798.2,954.8,1331.2,6852.3,-4.2,0.1,1.3
2025-02-08 11:00:00,757.8,3846.0,985.6,1331.0,6920.4,-3.8,0.2,1.7
2025-02-08 12:00:00,,3864.9,968.3,1323.5,6156.7,-3.6,0.5,1.8
2025-02-08 13:00:00,676.0,3863.3,945.6,,5484.9,-3.4,0.6,1.9
2025-02-08 14:00:00,730.4,3813.5,917.7,1325.8,6787.4,-2.6,0.6,1.6
2025-02-08 15:00:00,776.3,3872.8,907.0,1339.8,6895.9,-2.5,0.4,1.7
2025-02-08 16:00:00,813.6,3929.4,919.4,1369.3,7031.7,-2.3,0.1,1.6
2025-02-08 17:00:00,846.3,4075.1,947.0,1377.1,7245.5,-2.0,-0.1,1.4
2025-02-08 18:00:00,806.1,4026.2,938.4,1380.0,7150.7,-1.6,-0.2,1.3
2025-02-08 19:00:00,719.0,3900.1,919.1,1351.4,6889.6,-1.4,-0.3,1.3
2025-02-08 20:00:00,698.7,3769.2,895.5,1296.7,6660.1,-1.3,-0.4,1.5
2025-02-08 21:00:00,673.6,3614.4,844.4,1308.8,6441.2,-1.4,-0.4,1.8
2025-02-08 22:00:00,716.4,3513.4,824.8,1299.4,6354.0,-1.6,-0.4,1.7
2025-02-08 23:00:00,730.0,3448.9,816.2,1264.0,6259.1,-1.9,-0.4,1.1
2025-02-09 00:00:00,790.9,3364.6,803.5,1250.9,6209.9,-1.9,-0.4,0.4
2025-02-09 01:00:00,812.6,3319.3,792.9,1248.0,6172.8,-1.9,-0.4,0.0
2025-02-09 02:00:00,789.0,3277.9,792.0,1237.7,6096.6,-1.7,-0.3,0.1
2025-02-09 03:00:00,785.6,3281.2,773.9,1240.9,6081.6,-1.9,-0.4,0.3
2025-02-09 04:00:00,731.2,3251.5,754.1,1245.9,5982.7,-2.0,-0.4,0.3
2025-02-09 05:00:00,760.0,3270.7,744.0,1257.4,6032.1,-1.9,-0.6,0.1
2025-02-09 06:00:00,773.6,3327.7,771.6,1267.9,6140.8,-1.9,-0.8,0.0
2025-02-09 07:00:00,797.8,3448.6,807.0,1280.3,6333.7,-1.9,-0.8,0.3
2025-02-09 08:00:00,799.0,3542.1,817.6,1307.6,6466.3,-1.8,-0.8,0.7
2025-02-09 09:00:00,761.4,3680.9,831.7,1339.2,6613.2,-1.6,-0.4,1.1
2025-02-09 10:00:00,715.4,3779.6,858.2,1352.5,6705.7,-1.4,0.5,1.7
2025-02-09 11:00:00,712.7,3839.9,857.3,1364.9,6774.8,-1.4,0.9,2.5
2025-02-09 12:00:00,738.5,,864.8,1366.8,2970.1,-1.6,1.1,3.1
2025-02-09 13:00:00,745.0,3838.2,864.2,,5447.4,-1.9,1.6,3.2
2025-02-09 14:00:00,683.1,3848.3,838.9,1361.6,6731.9,-1.8,0.9,2.4
2025-02-09 15:00:00,679.1,3870.5,830.8,1368.7,6749.1,-2.2,0.8,2.3
2025-02-09 16:00:00,649.6,4021.6,840.9,1408.8,6920.9,-3.6,0.2,2.1
2025-02-09 17:00:00,680.9,4126.9,889.5,1436.6,7133.9,-3.6,-0.7,1.9
2025-02-09 18:00:00,695.5,4118.1,905.3,1446.2,7165.1,-4.4,-1.2,1.9
2025-02-09 19:00:00,701.8,4051.0,886.9,1426.8,7066.5,-4.6,-1.3,1.8
2025-02-09 20:00:00,716.2,3948.0,862.5,1386.7,6913.4,-4.1,-1.3,1.8
2025-02-09 21:00:00,691.9,3868.5,832.6,1406.8,6799.8,-3.4,-1.3,1.7
2025-02-09 22:00:00,676.6,3730.1,812.7,1389.2,6608.6,-2.9,-1.7,1.7
2025-02-09 23:00:00,677.6,3673.4,791.2,1348.3,6490.5,-2.5,-2.4,1.6
2025-02-10 00:00:00,668.5,3702.7,781.9,1319.1,6472.2,-1.2,-2.7,1.6
2025-02-10 01:00:00,,3672.4,765.6,1300.0,5738.0,-1.1,-3.0,1.4
2025-02-10 02:00:00,628.6,3687.4,767.6,1283.4,6367.0,-1.8,-3.5,1.4
2025-02-10 03:00:00,605.6,3688.0,766.1,1294.8,6354.5,-1.1,-4.0,1.3
2025-02-10 04:00:00,651.3,3726.5,773.6,1335.7,6487.1,-0.8,-4.2,1.3
2025-02-10 05:00:00,625.1,3844.1,804.1,1409.3,6682.6,-0.6,-4.4,1.1
2025-02-10 06:00:00,635.7,4127.2,889.2,1447.7,7099.8,-0.7,-4.7,1.1
2025-02-10 07:00:00,658.0,4394.0,981.8,1424.4,7458.2,-0.8,-5.2,1.1
2025-02-10 08:00:00,638.3,4414.2,1017.8,1420.1,7490.4,-1.7,-5.2,1.2
2025-02-10 09:00:00,710.9,4395.0,1040.1,1408.3,7554.3,-1.8,-3.9,1.4
2025-02-10 10:00:00,740.7,4297.6,1062.3,1398.2,7498.8,-1.3,-2.4,1.7
2025-02-10 11:00:00,836.1,4213.8,1135.1,1377.3,7562.3,-0.6,-0.8,2.3
2025-02-10 12:00:00,800.6,4114.8,1159.3,1361.0,7435.7,-0.1,0.4,2.3
2025-02-10 13:00:00,766.3,4032.1,1130.2,1346.9,7275.5,0.2,1.0,2.3
2025-02-10 14:00:00,764.3,4048.4,1087.1,1337.3,7237.1,-0.3,1.2,2.0
2025-02-10 15:00:00,767.1,4095.9,1055.7,1335.7,7254.4,-1.6,0.7,1.8
2025-02-10 16:00:00,759.8,4214.5,1024.4,1371.3,7370.0,-2.5,-0.7,1.6
2025-02-10 17:00:00,689.2,4384.2,996.8,1381.9,7452.1,-3.2,-1.8,1.3
2025-02-10 18:00:00,616.0,4364.0,914.5,1386.6,7281.1,-2.9,-1.9,1.0
2025-02-10 19:00:00,682.3,4297.2,930.1,1359.2,7268.8,-2.8,-2.1,0.6
2025-02-10 20:00:00,724.9,4194.6,1000.8,1323.2,7243.5,-2.9,-2.3,0.4
2025-02-10 21:00:00,599.7,4070.5,975.2,1358.3,7003.7,-3.2,-2.5,0.4
2025-02-10 22:00:00,595.7,3946.4,905.0,1362.4,6809.5,-2.8,-2.8,0.4
2025-02-10 23:00:00,621.9,3778.3,880.3,1348.7,6629.2,-2.1,-3.1,0.4
2025-02-11 00:00:00,625.3,3703.0,862.5,1315.8,6506.6,-0.9,-3.5,0.5
2025-02-11 01:00:00,575.4,3695.5,866.5,1311.3,6448.7,0.5,-3.9,0.6
2025-02-11 02:00:00,534.2,3714.4,870.2,1302.6,6421.4,0.3,-5.5,0.4
2025-02-11 03:00:00,559.9,3700.4,844.1,1315.1,6419.5,0.7,-5.6,0.5
2025-02-11 04:00:00,631.4,3726.8,839.2,1334.9,6532.3,0.9,-5.6,0.6
2025-02-11 05:00:00,588.2,3880.3,868.8,1410.3,6747.6,0.9,-5.6,0.7
2025-02-11 06:00:00,645.2,4185.5,943.6,1450.2,7224.5,1.0,-5.5,0.9
2025-02-11 07:00:00,711.9,4474.1,1023.8,1443.9,7653.7,1.0,-5.5,1.1
2025-02-11 08:00:00,747.8,4482.9,1037.6,1443.7,7712.0,1.1,-5.2,1.0
2025-02-11 09:00:00,778.3,4473.8,1029.0,1455.6,7736.7,1.5,-3.9,0.9
2025-02-11 10:00:00,769.8,4399.2,1016.6,1454.5,7640.1,2.4,-1.8,1.1
2025-02-11 11:00:00,775.8,4290.4,1000.8,1443.9,7510.9,3.0,-0.9,1.2
2025-02-11 12:00:00,781.1,4235.7,960.3,1432.0,7409.1,3.4,-0.2,1.6
2025-02-11 13:00:00,784.0,4135.3,939.8,1425.4,7284.5,3.6,0.3,2.0
2025-02-11 14:00:00,769.2,4149.7,952.8,1422.2,7293.9,3.3,-0.8,2.4
2025-02-11 15:00:00,701.2,4174.1,992.2,1426.0,7293.5,2.7,-0.8,2.0
2025-02-11 16:00:00,594.7,4281.0,1074.4,1461.9,7412.0,2.0,-1.0,1.5
2025-02-11 17:00:00,561.0,4429.8,1184.9,1460.9,7636.6,1.7,-1.2,1.1
2025-02-11 18:00:00,599.1,4415.8,1209.6,1468.3,7692.8,1.5,-1.3,0.9
2025-02-11 19:00:00,676.8,4354.9,1053.7,1449.7,7535.1,1.3,-1.2,0.6
2025-02-11 20:00:00,802.8,4253.3,1053.4,1415.4,7524.9,1.1,-1.3,0.3
2025-02-11 21:00:00,738.7,4109.9,1003.4,1422.2,7274.2,1.0,-1.2,0.2
2025-02-11 22:00:00,702.6,3979.9,962.6,1406.6,7051.7,1.1,-1.2,0.1
2025-02-11 23:00:00,718.8,,907.3,1368.7,2994.8,1.2,-1.2,0.0
2025-02-12 00:00:00,,3657.8,846.4,1343.3,5847.5,1.5,-1.2,-0.1
2025-02-12 01:00:00,623.3,3618.7,817.3,1322.2,6381.5,2.3,-1.2,-0.3
2025-02-12 02:00:00,682.1,3605.3,797.8,1296.6,6381.8,2.3,-1.6,-0.3
2025-02-12 03:00:00,713.4,3595.5,797.2,1290.8,6396.9,1.6,-1.4,-0.1
2025-02-12 04:00:00,690.4,3627.1,796.6,1314.2,6428.3,0.9,-1.6,-0.2
2025-02-12 05:00:00,695.3,3760.4,840.9,1375.1,6671.7,-0.3,-1.9,-0.5
2025-02-12 06:00:00,664.9,4072.1,931.2,1384.7,7052.9,-1.0,-2.0,-0.9
2025-02-12 07:00:00,758.6,4342.5,1046.8,1359.2,7507.1,-2.1,-2.2,-1.3
2025-02-12 08:00:00,804.1,4367.6,1060.6,1359.9,7592.2,-2.8,-2.4,-1.5
2025-02-12 09:00:00,774.4,4428.2,1065.8,1358.0,7626.4,-2.7,-2.4,-1.5
2025-02-12 10:00:00,747.0,4419.7,1060.6,1356.2,7583.5,-2.2,-2.1,-1.1
2025-02-12 11:00:00,806.3,4398.2,1042.5,1347.6,7594.6,-1.7,-1.6,-0.3
2025-02-12 12:00:00,802.8,4393.3,997.4,1332.9,7526.4,-1.4,-1.3,0.5
2025-02-12 13:00:00,787.6,4344.8,989.9,1326.4,7448.7,-1.4,-1.1,0.9
2025-02-12 14:00:00,794.9,4334.7,994.2,1321.4,7445.2,-1.8,-1.3,0.5
2025-02-12 15:00:00,849.3,4369.9,1013.7,1328.6,7561.5,-3.1,-1.6,0.3
2025-02-12 16:00:00,839.6,4419.7,1022.4,1369.7,7651.4,-4.7,-2.0,0.1
2025-02-12 17:00:00,863.5,4543.8,1068.4,1382.1,7857.8,-5.6,-2.4,-0.1
2025-02-12 18:00:00,841.2,4508.0,1050.8,1404.8,7804.8,-6.3,-2.5,-0.2
2025-02-12 19:00:00,807.1,4428.5,1042.5,1407.2,7685.3,-6.8,-2.7,-0.2
2025-02-12 20:00:00,797.6,4318.4,993.9,1374.2,7484.1,-7.4,-2.9,-0.1
2025-02-12 21:00:00,794.9,4148.0,943.0,1387.7,7273.6,-8.0,-3.2,-0.0
2025-02-12 22:00:00,791.3,3982.5,905.0,1379.6,7058.4,-8.9,-3.4,0.1
2025-02-12 23:00:00,774.0,3865.3,914.2,1360.9,6914.4,-9.6,-3.6,0.2
2025-02-13 00:00:00,787.8,3722.6,887.5,1347.2,6745.1,-9.7,-3.6,0.2
2025-02-13 01:00:00,756.4,3671.8,880.3,1339.1,6647.6,-10.0,-3.6,-0.1
2025-02-13 02:00:00,729.8,3646.0,873.1,1320.4,6569.3,-9.8,-3.5,-0.8
2025-02-13 03:00:00,678.7,3665.6,864.8,1324.2,6533.3,-8.5,-3.2,-0.7
2025-02-13 04:00:00,762.3,3671.8,872.5,1356.6,6663.2,-8.8,-3.1,-0.5
2025-02-13 05:00:00,811.8,3775.7,895.8,1430.6,6913.9,-9.2,-2.8,-0.7
2025-02-13 06:00:00,820.9,4101.5,980.7,1468.3,7371.4,-9.4,-2.7,-0.7
2025-02-13 07:00:00,849.7,4363.7,1054.9,1468.0,7736.3,-9.8,-2.1,-0.6
2025-02-13 08:00:00,818.7,4415.2,1060.6,1473.4,7767.9,-10.2,-1.2,-0.3
2025-02-13 09:00:00,829.8,4415.5,1066.9,1470.7,7782.9,-9.9,-0.3,-0.2
2025-02-13 10:00:00,814.2,4399.2,1090.0,1464.7,7768.1,-9.1,0.2,-0.2
2025-02-13 11:00:00,823.1,4327.9,1095.4,1445.1,7691.5,-8.2,0.4,0.2
2025-02-13 12:00:00,817.0,4279.3,1073.6,1412.9,7582.8,-7.3,0.3,0.5
2025-02-13 13:00:00,797.4,4277.0,1104.3,1402.3,7581.0,-6.6,0.1,0.6
2025-02-13 14:00:00,798.6,4275.4,1110.9,1398.7,7583.6,-4.6,-0.5,-0.2
2025-02-13 15:00:00,821.5,4333.7,1138.3,1404.0,7697.5,-5.4,-1.0,-0.0
2025-02-13 16:00:00,857.0,4374.1,1110.4,1429.9,7771.4,-6.7,-1.7,-0.0
2025-02-13 17:00:00,912.2,4587.2,1095.7,1439.9,8035.0,-7.6,-2.8,-0.5
2025-02-13 18:00:00,907.9,4488.5,1099.7,1441.6,7937.7,-8.3,-3.2,-0.7
2025-02-13 19:00:00,892.9,4371.5,1092.0,1431.2,7787.6,-9.0,-3.5,-1.1
2025-02-13 20:00:00,873.0,4235.0,1052.6,1397.6,7558.2,-9.6,-4.0,-1.2
2025-02-13 21:00:00,849.7,4071.5,978.9,1413.8,7313.9,-10.2,-4.3,-0.8
2025-02-13 22:00:00,810.7,3987.1,939.0,1392.1,7128.9,-10.8,-4.6,-0.3
2025-02-13 23:00:00,810.5,3913.8,909.9,1360.6,6994.8,-11.4,-4.0,-0.1
2025-02-14 00:00:00,772.6,3792.3,852.4,1331.0,6748.3,-11.9,-3.8,0.0
2025-02-14 01:00:00,776.0,3762.6,857.6,1320.7,6716.9,-12.3,-3.3,-0.3
2025-02-14 02:00:00,764.5,3777.3,847.2,1318.9,6707.9,-9.0,-3.8,-1.1
2025-02-14 03:00:00,729.2,3808.9,838.0,1332.8,6708.9,-9.8,-4.2,-1.4
2025-02-14 04:00:00,,3853.9,,1348.1,5202.0,-10.2,-4.5,-1.5
2025-02-14 05:00:00,772.0,4023.6,867.1,1407.9,7070.6,-10.5,-5.1,-1.4
2025-02-14 06:00:00,822.3,4345.1,980.4,1445.9,7593.7,-10.8,-6.0,-1.4
2025-02-14 07:00:00,845.4,4589.1,1047.1,1441.3,7922.9,-11.0,-6.2,-1.5
2025-02-14 08:00:00,843.4,4611.3,1055.4,1454.0,7964.1,-11.3,-6.5,-1.4
2025-02-14 09:00:00,852.9,4562.4,1043.4,1452.0,7910.7,-10.8,-6.1,-1.1
2025-02-14 10:00:00,869.8,4459.5,1001.7,1453.6,7784.6,-10.0,-5.2,-0.7
2025-02-14 11:00:00,831.0,4353.9,946.7,1442.4,7574.0,-9.0,-4.3,-0.4
2025-02-14 12:00:00,794.1,4246.1,913.7,1427.7,7381.6,-8.3,-3.5,0.0
2025-02-14 13:00:00,729.2,4114.2,912.5,1408.3,7164.2,-7.8,-3.0,0.2
2025-02-14 14:00:00,720.9,4071.8,940.7,1406.8,7140.2,-5.6,-1.7,0.6
2025-02-14 15:00:00,771.6,,980.1,1398.2,3149.9,-5.8,-2.0,0.5
2025-02-14 16:00:00,762.3,4187.1,1015.2,1416.4,7381.0,-6.7,-2.8,0.1
2025-02-14 17:00:00,743.2,4360.1,1089.1,1429.2,7621.6,-7.4,-3.9,-0.4
2025-02-14 18:00:00,751.1,4350.7,1101.7,1432.9,7636.4,-8.0,-4.4,-0.7
2025-02-14 19:00:00,791.1,4270.9,1072.4,1421.2,7555.6,-8.7,-5.0,-1.0
2025-02-14 20:00:00,794.1,4204.1,1025.8,1400.7,7424.7,-9.2,-5.7,-1.3
2025-02-14 21:00:00,803.4,4123.0,1003.1,1416.9,7346.4,-9.4,-6.2,-1.3
2025-02-14 22:00:00,822.5,4020.0,973.5,1406.6,7222.6,-9.7,-6.7,-1.5
2025-02-14 23:00:00,834.9,3941.5,960.3,1394.5,7131.2,-9.3,-7.2,-1.6
2025-02-15 00:00:00,786.8,3861.4,908.8,1374.6,6931.6,-8.8,-7.6,-1.5
2025-02-15 01:00:00,754.1,3819.7,890.1,1370.5,6834.4,-8.4,-7.9,-1.5
2025-02-15 02:00:00,723.7,3840.5,883.8,1363.4,6811.4,-6.9,-9.7,-1.2
2025-02-15 03:00:00,671.8,3795.9,855.6,1379.0,6702.3,-6.6,-10.4,-1.0
2025-02-15 04:00:00,730.8,3788.7,850.4,1393.9,6763.8,-7.1,-10.5,-1.0
2025-02-15 05:00:00,792.5,3819.7,880.3,1421.9,6914.4,-8.1,-10.7,-1.1
2025-02-15 06:00:00,735.1,3874.4,912.5,1441.6,6963.6,-8.8,-9.7,-1.1
2025-02-15 07:00:00,713.4,3949.6,944.4,1461.7,7069.1,-10.0,-8.3,-1.0
2025-02-15 08:00:00,685.0,4041.5,951.6,1485.8,7163.9,-10.6,-7.5,-1.0
2025-02-15 09:00:00,741.4,4133.4,943.0,1496.3,7314.1,-10.4,-6.9,-0.6
2025-02-15 10:00:00,854.8,4192.3,947.3,1479.6,7474.0,-9.6,-6.0,-0.5
2025-02-15 11:00:00,848.5,4172.1,940.4,1460.6,7421.6,-8.8,-5.0,-0.6
2025-02-15 12:00:00,866.7,4137.0,961.1,1448.5,7413.3,-8.0,-3.5,-0.7
2025-02-15 13:00:00,803.6,4118.4,978.1,1440.3,7340.4,-7.5,-2.8,-0.8
2025-02-15 14:00:00,815.6,4119.0,992.5,1434.2,7361.3,-6.7,-3.6,-0.7
2025-02-15 15:00:00,793.1,4198.9,939.0,1418.4,7349.4,-7.1,-4.3,-0.6
2025-02-15 16:00:00,693.7,4305.7,945.6,1467.8,7412.8,-7.7,-5.3,-0.7
2025-02-15 17:00:00,634.6,4492.4,984.7,1509.8,7621.5,-7.8,-6.5,-0.9
2025-02-15 18:00:00,691.4,4485.9,972.6,1508.8,7658.7,-8.0,-6.7,-1.0
2025-02-15 19:00:00,751.7,4363.0,943.6,1480.4,7538.7,-8.0,-6.7,-1.6
2025-02-15 20:00:00,770.4,4246.7,921.1,1437.4,7375.6,-7.8,-7.3,-1.8
2025-02-15 21:00:00,770.6,4176.7,909.6,1451.4,7308.3,-7.5,-6.8,-2.1
2025-02-15 22:00:00,697.3,4155.2,926.9,1439.7,7219.1,-6.8,-7.3,-3.0
2025-02-15 23:00:00,664.9,4084.5,937.8,1396.3,7083.5,-6.0,-7.4,-3.5
2025-02-16 00:00:00,609.5,,922.6,,1532.1,-5.5,-7.8,-4.1
2025-02-16 01:00:00,630.8,3954.9,906.5,1337.1,6829.3,-5.4,-8.3,-4.8
2025-02-16 02:00:00,660.4,3953.2,895.8,1325.0,6834.4,-6.5,-9.9,-5.2
2025-02-16 03:00:00,597.7,4005.0,892.7,1322.3,6817.7,-6.9,-10.6,-5.8
2025-02-16 04:00:00,608.1,4037.6,895.5,1338.2,6879.4,-7.3,-11.2,-6.3
2025-02-16 05:00:00,637.1,4056.5,931.5,,5625.1,-7.9,-11.6,-6.7
2025-02-16 06:00:00,599.1,4141.2,947.0,1367.6,7054.9,-8.5,-12.0,-7.0
2025-02-16 07:00:00,658.8,4174.7,957.1,1380.3,7170.9,-8.9,-12.3,-7.0
2025-02-16 08:00:00,698.1,4263.7,995.1,1398.9,7355.8,-9.3,-12.1,-6.9
2025-02-16 09:00:00,707.1,4358.2,1040.5,1408.5,7514.3,-8.6,-11.2,-6.2
2025-02-16 10:00:00,708.5,4340.9,1013.2,1414.5,7477.1,-8.2,-10.2,-5.1
2025-02-16 11:00:00,757.0,4251.3,962.8,1399.6,7370.7,-7.8,-9.1,-3.7
2025-02-16 12:00:00,770.2,4135.0,919.1,1382.1,7206.4,-7.3,-8.1,-2.5
2025-02-16 13:00:00,730.2,4014.1,894.1,1376.2,7014.6,-6.6,-7.2,-1.8
2025-02-16 14:00:00,720.5,3980.3,867.1,1358.9,6926.8,-6.3,-6.1,-2.5
2025-02-16 15:00:00,674.8,4060.4,878.0,1358.7,6971.9,-6.1,-5.7,-2.7
2025-02-16 16:00:00,709.7,4203.4,943.6,1382.6,7239.3,-6.2,-5.6,-2.9
2025-02-16 17:00:00,718.6,4381.3,1008.0,1406.6,7514.5,-6.2,-6.1,-3.4
2025-02-16 18:00:00,681.1,,996.8,1405.6,3083.5,-5.9,-6.1,-3.8
2025-02-16 19:00:00,675.0,4303.8,987.3,1381.6,7347.7,-6.4,-6.4,-3.9
2025-02-16 20:00:00,694.1,4200.2,985.3,1356.9,7236.5,-5.8,-6.7,-3.9
2025-02-16 21:00:00,642.6,4088.7,971.5,1387.1,7089.9,-5.3,-7.1,-3.7
2025-02-16 22:00:00,629.6,3981.6,965.7,1382.0,6958.9,-4.9,-7.3,-3.5
2025-02-16 23:00:00,690.2,3905.7,974.9,1363.5,6934.3,-5.2,-7.1,-3.3
2025-02-17 00:00:00,684.7,3822.6,976.9,1335.3,6819.5,-5.2,-7.5,-3.2
2025-02-17 01:00:00,702.8,3755.5,971.8,1319.6,6749.7,-5.1,-7.8,-3.2
2025-02-17 02:00:00,714.4,3752.2,950.2,1312.5,6729.3,-6.9,-6.2,-4.5
2025-02-17 03:00:00,686.0,3805.3,932.4,1324.1,6747.8,-6.8,-5.8,-4.4
2025-02-17 04:00:00,697.3,3822.6,949.0,1350.6,6819.5,-7.0,-6.2,-4.3
2025-02-17 05:00:00,675.2,3918.7,970.0,1420.7,6984.6,-7.0,-6.1,-4.2
2025-02-17 06:00:00,726.1,4231.4,,1455.8,6413.3,-7.1,-6.1,-4.2
2025-02-17 07:00:00,672.2,4458.2,1087.7,1464.9,7683.0,-7.3,-6.2,-4.2
2025-02-17 08:00:00,764.7,4527.6,1118.7,1476.5,7887.5,-7.5,-5.7,-3.9
2025-02-17 09:00:00,810.1,4519.4,1120.4,1475.5,7925.4,-6.7,-4.5,-3.1
2025-02-17 10:00:00,850.1,4455.6,1083.9,1485.1,7874.7,-6.3,-3.5,-2.3
2025-02-17 11:00:00,800.8,4348.7,1050.3,1479.5,7679.3,-5.8,-2.9,-1.4
2025-02-17 12:00:00,814.4,4241.2,979.2,1453.9,7488.7,-5.4,-2.7,-0.5
2025-02-17 13:00:00,751.1,4175.4,971.5,1438.8,7336.8,-5.0,-2.8,0.3
2025-02-17 14:00:00,811.2,4167.3,942.7,1421.4,7342.6,-4.1,-2.5,0.5
2025-02-17 15:00:00,855.8,4226.2,960.5,1405.5,7448.0,-3.8,-2.8,0.6
2025-02-17 16:00:00,784.6,4357.8,1006.8,1434.5,7583.7,-4.0,-3.0,0.4
2025-02-17 17:00:00,834.3,4541.9,,1449.7,6825.9,-4.6,-3.1,-0.1
2025-02-17 17:00:00,834.3,4541.9,,1449.7,6825.9,-4.6,-3.1,-0.1
2025-02-17 18:00:00,793.9,4527.6,1072.4,1448.2,7842.1,-5.9,-4.2,-0.6
2025-02-17 19:00:00,785.8,4531.5,1072.1,1429.9,7819.3,-6.5,-6.8,-0.8
2025-02-17 20:00:00,763.3,4408.7,1045.7,1394.2,7611.9,-6.6,-7.9,-0.9
2025-02-17 21:00:00,855.8,,1015.2,1413.2,3284.2,-6.5,-8.1,-0.9
2025-02-17 22:00:00,843.2,4150.3,982.4,1396.7,7372.6,-6.3,-7.6,-0.7
2025-02-17 23:00:00,831.2,4012.2,960.8,1372.7,7176.9,-6.2,-7.5,-0.4
2025-02-18 00:00:00,4177.5,3919.0,955.1,1365.9,10417.5,-6.0,-7.5,-0.2
2025-02-18 01:00:00,834.1,3925.9,973.5,1371.6,7105.1,-5.6,-7.6,-0.1
2025-02-18 02:00:00,768.9,3900.8,974.3,1377.3,7021.3,-3.5,-8.8,-1.3
2025-02-18 03:00:00,700.0,3877.6,959.1,1385.5,6922.2,-4.6,-9.5,-1.4
2025-02-18 04:00:00,650.5,3956.5,969.2,1409.6,6985.8,-4.9,-9.9,-1.4
2025-02-18 05:00:00,647.0,4105.7,984.4,1484.9,7222.0,-5.2,-10.0,-1.4
2025-02-18 06:00:00,687.0,4493.7,1039.3,1500.2,7720.2,-5.2,-10.0,-1.3
2025-02-18 07:00:00,660.8,4721.1,1100.0,1509.4,7991.3,-5.5,-9.8,-1.3
2025-02-18 08:00:00,726.3,4700.2,1109.2,,6535.7,-5.5,-9.3,-1.2
2025-02-18 09:00:00,787.0,4572.5,1094.0,1522.8,7976.3,-4.9,-8.0,-0.6
2025-02-18 10:00:00,862.5,4451.3,1079.6,1509.0,7902.4,-4.2,-6.1,0.1
2025-02-18 11:00:00,903.7,4305.7,1038.2,1494.9,7742.5,-3.4,-4.3,0.7
2025-02-18 12:00:00,853.6,4129.1,994.8,1479.2,7456.7,-2.8,-3.6,1.4
2025-02-18 13:00:00,894.1,3989.4,950.5,1468.9,7302.9,-2.4,-2.5,2.0
2025-02-18 14:00:00,895.3,3979.0,927.8,1456.3,7258.4,-2.0,-0.2,2.3
2025-02-18 15:00:00,857.2,4066.9,909.6,1458.0,7291.7,-2.7,-0.3,2.4
2025-02-18 16:00:00,870.0,4236.3,974.6,1478.4,7559.3,-4.1,-0.9,2.0
2025-02-18 17:00:00,854.0,4472.8,1013.2,1528.1,7868.1,-5.0,-1.6,1.1
2025-02-18 18:00:00,794.9,4426.6,923.2,1539.5,7684.2,-5.5,-2.6,0.5
2025-02-18 19:00:00,829.4,4416.5,891.8,1522.3,7660.0,-6.0,-3.6,0.1
2025-02-18 20:00:00,783.2,4353.6,955.9,1487.6,7580.3,-6.5,-4.4,-0.2
2025-02-18 21:00:00,798.4,4256.5,927.8,1488.3,7471.0,-6.9,-5.4,-0.3
2025-02-18 22:00:00,820.7,4174.4,899.6,1462.7,7357.4,-7.4,-6.7,-0.3
2025-02-18 23:00:00,824.3,4081.9,886.6,1423.0,7215.8,-7.7,-7.7,-0.4
2025-02-19 00:00:00,733.9,4012.2,892.7,1392.0,7030.8,-8.0,-8.1,-0.5
2025-02-19 01:00:00,780.3,3954.5,921.1,1382.0,7037.9,-8.1,-8.6,-1.1
2025-02-19 02:00:00,737.7,3895.9,927.2,1376.1,6936.9,-9.7,-10.6,-2.7
2025-02-19 03:00:00,751.7,3914.8,947.3,1379.4,6993.2,-9.7,-9.2,-2.6
2025-02-19 04:00:00,,3983.2,971.5,1409.1,6363.8,-9.9,-9.0,-2.6
2025-02-19 05:00:00,805.3,4151.6,1017.8,1462.0,7436.7,-10.0,-8.9,-2.6
2025-02-19 06:00:00,833.3,4465.0,1108.4,1477.6,7884.3,-10.0,-9.0,-2.9
2025-02-19 07:00:00,903.5,4700.2,1157.5,1487.2,8248.4,-10.0,-9.4,-3.2
2025-02-19 08:00:00,863.7,4666.7,1173.6,1493.8,8197.8,-9.7,-9.6,-2.9
2025-02-19 09:00:00,794.9,4588.2,1104.6,1492.8,7980.5,-8.5,-9.0,-1.7
2025-02-19 10:00:00,801.6,4450.0,1051.1,1472.0,7774.7,-6.9,-7.6,-0.8
2025-02-19 11:00:00,818.1,4287.8,1000.5,1440.9,7547.3,-5.0,-6.5,0.4
2025-02-19 12:00:00,839.2,4180.6,958.2,1411.6,7389.6,-3.2,-5.6,1.2
2025-02-19 13:00:00,832.7,4133.1,936.4,1399.2,7301.4,-2.2,-4.9,1.5
2025-02-19 14:00:00,810.3,4090.4,932.1,1403.1,7235.9,-0.5,-2.5,1.8
2025-02-19 15:00:00,864.9,4179.6,929.2,1426.2,7399.9,-1.2,-2.9,1.6
2025-02-19 16:00:00,,4332.4,951.6,1458.1,6742.1,-2.6,-4.8,1.0
2025-02-19 17:00:00,861.1,4594.3,1034.5,1512.5,8002.4,-3.7,-5.7,-0.6
2025-02-19 18:00:00,819.3,4624.6,1054.9,1541.8,8040.6,-4.5,-5.9,-1.3
2025-02-19 19:00:00,792.1,4509.6,1048.8,1537.3,7887.8,-5.3,-6.5,-0.9
2025-02-19 20:00:00,758.0,4374.8,1023.8,1511.4,7668.0,-5.7,-7.4,-1.3
2025-02-19 21:00:00,710.9,4292.0,998.8,1517.9,7519.6,-6.1,-7.8,-1.2
2025-02-19 22:00:00,724.7,4186.8,961.1,1503.1,7375.7,-6.7,-7.9,-0.9
2025-02-19 23:00:00,749.9,4078.3,942.4,1470.3,7240.9,-7.1,-7.1,-0.7
2025-02-20 00:00:00,746.6,4021.0,920.9,1441.0,7129.5,-7.3,-7.3,-0.4
2025-02-20 01:00:00,802.4,4009.9,929.5,1423.3,7165.1,-7.6,-7.1,-0.3
2025-02-20 02:00:00,780.3,3970.2,936.1,1418.6,7105.2,-8.4,-10.5,-0.9
2025-02-20 03:00:00,743.0,3991.0,933.2,1416.2,7083.4,-8.6,-10.5,-0.8
2025-02-20 04:00:00,795.3,4036.9,953.1,1446.1,7231.4,-8.8,-10.6,-0.7
2025-02-20 05:00:00,806.9,4177.4,996.2,1525.1,7505.6,-8.9,-10.7,-0.6
2025-02-20 06:00:00,764.9,4496.0,1058.6,1554.0,7873.5,-8.9,-10.5,-0.6
2025-02-20 07:00:00,638.5,4704.5,1111.5,1554.9,8009.4,-8.6,-10.1,-0.5
2025-02-20 08:00:00,660.4,4691.4,1133.1,1552.0,8036.9,-7.4,-9.2,-0.3
2025-02-20 09:00:00,735.5,4548.4,1071.5,1541.4,7896.8,-6.5,-7.4,0.5
2025-02-20 10:00:00,744.0,,1001.4,1518.9,3264.3,-5.6,-5.3,1.5
2025-02-20 11:00:00,729.8,4262.1,924.0,1496.2,7412.1,-4.6,-2.9,2.2
2025-02-20 12:00:00,755.8,4081.3,857.9,,5695.0,-4.2,-1.1,2.6
2025-02-20 13:00:00,754.5,4008.0,848.1,1466.1,7076.7,-3.9,0.1,2.5
2025-02-20 14:00:00,719.2,4012.2,859.9,1454.9,7046.2,-3.0,1.6,2.2
2025-02-20 15:00:00,757.6,4105.0,895.3,1447.4,7205.3,-2.8,1.2,1.9
2025-02-20 16:00:00,728.8,4256.2,962.0,1477.7,7424.7,-3.0,0.0,1.4
2025-02-20 17:00:00,628.5,4374.4,1066.9,1525.5,7595.3,-3.3,-1.1,1.0
2025-02-20 18:00:00,648.4,4389.8,1065.2,1529.8,7633.2,-3.7,-1.5,1.0
2025-02-20 19:00:00,726.8,4360.4,1026.1,1504.6,7617.9,-4.1,-1.2,1.5
2025-02-20 20:00:00,705.6,4295.0,999.9,1442.3,7442.8,-4.2,-0.9,1.7
2025-02-20 21:00:00,716.2,4156.2,964.0,1445.4,7281.8,-4.5,-0.9,1.6
2025-02-20 22:00:00,712.3,3973.1,942.1,1418.6,7046.1,-5.0,-1.0,1.1
2025-02-20 23:00:00,678.3,3864.6,935.5,1385.0,6863.4,-5.2,-1.0,0.9
2025-02-21 00:00:00,672.0,3767.5,893.0,1377.7,6710.2,-6.2,-0.7,0.9
2025-02-21 01:00:00,675.0,3741.5,894.7,1368.4,6679.6,-6.8,-0.6,1.3
2025-02-21 02:00:00,663.8,3773.4,949.0,1347.5,6733.7,-6.2,0.2,1.7
2025-02-21 03:00:00,651.9,3750.9,968.6,1353.5,6724.9,-6.3,0.1,1.5
2025-02-21 04:00:00,640.1,3782.8,981.0,1379.1,6783.0,-5.9,0.6,1.6
2025-02-21 05:00:00,636.9,3852.2,978.7,1447.5,6915.3,-5.4,0.8,1.8
2025-02-21 06:00:00,666.7,4137.9,1075.3,1480.0,7359.9,-4.8,0.7,2.0
2025-02-21 07:00:00,707.7,4358.2,1156.1,1498.0,7720.0,-4.4,0.7,2.1
2025-02-21 08:00:00,719.0,4367.0,1150.5,1519.1,7755.6,-2.9,0.5,2.5
2025-02-21 09:00:00,713.4,4362.4,1144.9,1517.4,7738.1,-1.6,0.6,2.7
2025-02-21 10:00:00,709.3,4397.6,1119.3,1512.7,7738.9,-0.7,0.8,3.2
2025-02-21 11:00:00,670.7,4348.7,1092.0,1508.9,7620.3,-0.6,1.3,3.5
2025-02-21 12:00:00,718.2,4324.0,1057.2,1495.3,7594.7,0.0,1.4,3.9
2025-02-21 13:00:00,710.3,4297.9,1027.0,1487.3,7522.5,-0.2,1.5,4.5
2025-02-21 14:00:00,686.4,4193.3,1002.5,1490.8,7373.0,-0.7,1.3,3.5
2025-02-21 15:00:00,666.9,4155.2,984.1,1491.0,7297.2,-0.7,1.4,3.9
2025-02-21 16:00:00,700.6,,964.3,1507.4,3172.3,-0.8,1.4,3.6
2025-02-21 17:00:00,670.3,4250.7,981.8,1527.0,7429.8,-0.9,1.1,3.6
2025-02-21 18:00:00,683.7,4177.0,991.6,1521.2,7373.5,-0.7,1.1,3.9
2025-02-21 19:00:00,711.5,4016.1,943.9,1486.2,7157.7,-1.4,1.2,4.2
2025-02-21 20:00:00,736.5,3852.2,902.2,1427.9,6918.8,-1.5,1.1,4.4
2025-02-21 21:00:00,,3665.9,875.4,1423.1,5964.4,-1.8,1.2,4.3
2025-02-21 22:00:00,652.1,3506.9,816.2,1387.5,6362.7,-2.3,1.4,4.1
2025-02-21 23:00:00,594.3,3367.8,,1344.2,5306.3,-2.0,1.6,3.7
2025-02-22 00:00:00,550.0,3265.8,780.8,1303.0,5899.6,-1.7,1.7,3.5
2025-02-22 01:00:00,416.7,3226.1,802.4,1289.1,5734.3,-1.5,1.7,3.5
2025-02-22 02:00:00,431.5,3250.2,815.6,1258.4,5755.7,-2.4,1.7,4.1
2025-02-22 03:00:00,432.4,3220.2,805.5,1260.3,5718.4,-2.9,1.6,3.7
2025-02-22 04:00:00,467.5,3190.9,807.3,1262.3,5728.0,-2.9,2.0,3.4
2025-02-22 05:00:00,591.8,3218.9,795.2,1283.0,5888.9,-2.5,2.1,3.1
2025-02-22 06:00:00,584.3,3232.9,813.9,1289.2,5920.3,-1.5,2.1,3.0
2025-02-22 07:00:00,546.6,3312.4,823.9,1311.2,5994.1,-0.8,2.2,3.0
2025-02-22 08:00:00,570.3,3354.1,856.4,1343.7,6124.5,-0.3,2.4,3.0
2025-02-22 09:00:00,678.7,3550.9,839.8,1368.6,6438.0,0.4,3.0,3.6
2025-02-22 10:00:00,689.0,3671.8,807.0,1381.0,6548.8,1.2,4.2,4.4
2025-02-22 11:00:00,674.8,3711.8,796.6,1380.2,6563.4,1.8,5.5,5.2
2025-02-22 12:00:00,624.5,3636.6,759.5,1372.2,6392.8,2.0,5.7,5.6
2025-02-22 13:00:00,594.9,3577.9,728.7,1374.8,6276.3,2.0,5.9,6.1
2025-02-22 14:00:00,633.4,3531.7,758.4,1366.1,6289.6,2.1,3.7,6.1
2025-02-22 15:00:00,614.3,3573.1,792.0,1374.1,6353.5,2.2,3.2,6.2
2025-02-22 16:00:00,636.1,3623.9,830.8,1419.1,6509.9,2.0,2.8,5.7
2025-02-22 17:00:00,715.6,3773.7,870.5,1454.3,6814.1,1.6,2.4,5.4
2025-02-22 18:00:00,729.8,3743.1,,1442.7,5915.6,1.6,2.4,5.2
2025-02-22 19:00:00,707.1,3643.1,843.5,1410.5,6604.2,1.6,2.4,5.4
2025-02-22 20:00:00,657.6,3494.5,810.1,1362.6,6324.8,1.6,1.9,5.7
2025-02-22 21:00:00,692.3,3389.6,791.2,1364.8,6237.9,1.8,1.7,5.4
2025-02-22 22:00:00,651.9,3304.6,764.1,1343.0,6063.6,1.5,1.5,5.3
2025-02-22 23:00:00,617.2,3245.7,726.2,1296.7,5885.8,1.6,1.6,4.9
2025-02-23 00:00:00,616.2,3191.2,702.6,1263.2,5773.2,1.7,1.7,4.8
2025-02-23 01:00:00,646.6,3121.9,724.7,1238.4,5731.6,1.6,1.7,4.8
2025-02-23 02:00:00,630.8,3091.6,709.8,1228.1,5660.3,1.6,2.2,4.9
2025-02-23 03:00:00,621.9,3035.9,688.8,1223.2,5569.8,1.7,2.1,4.9
2025-02-23 04:00:00,666.3,3036.2,699.4,1220.9,5622.8,1.8,1.9,5.1
2025-02-23 05:00:00,662.4,3041.7,705.2,1229.2,5638.5,1.8,1.8,5.5
2025-02-23 06:00:00,637.5,3098.1,737.7,1231.6,5704.9,1.8,1.8,5.4
2025-02-23 07:00:00,647.0,3162.3,737.4,1255.2,5801.9,1.9,2.4,5.7
2025-02-23 08:00:00,644.0,3309.8,761.8,1282.4,5998.0,1.9,2.8,5.9
2025-02-23 09:00:00,694.7,3433.3,796.0,1298.4,6222.4,2.0,3.2,5.9
2025-02-23 10:00:00,738.3,3463.6,791.4,1310.1,6303.4,2.0,3.2,5.7
2025-02-23 11:00:00,680.3,3492.6,794.0,1319.8,6286.7,2.1,3.2,5.4
2025-02-23 12:00:00,743.4,3523.5,794.3,1310.1,6371.3,2.2,3.7,5.5
2025-02-23 13:00:00,758.4,3474.0,785.4,1302.6,6320.4,2.2,4.7,5.4
2025-02-23 14:00:00,742.6,3443.7,773.3,1294.8,6254.4,1.9,4.7,5.3
2025-02-23 15:00:00,739.9,3505.0,779.6,1298.0,6322.5,1.7,4.9,5.4
2025-02-23 16:00:00,755.6,3633.3,794.6,1327.8,6511.3,1.0,4.7,5.5
2025-02-23 17:00:00,770.6,3837.3,866.2,1367.7,6841.8,0.5,4.5,5.3
2025-02-23 18:00:00,,3910.5,906.5,1374.6,6191.6,0.2,4.3,4.6
2025-02-23 19:00:00,629.8,3866.2,899.9,1348.1,6744.0,-0.1,4.0,4.0
2025-02-23 20:00:00,662.6,3749.9,869.1,1305.5,6587.1,-0.3,3.6,4.0
2025-02-23 21:00:00,644.2,3623.5,848.7,1320.0,6436.4,-0.6,3.4,4.1
2025-02-23 22:00:00,617.4,3488.4,821.6,1300.4,6227.8,-1.1,3.2,4.3
2025-02-23 23:00:00,629.2,3348.9,803.8,1265.6,6047.5,-1.5,2.9,4.7
2025-02-24 00:00:00,613.1,3278.6,789.1,1227.7,5908.5,-1.8,2.7,5.0
2025-02-24 01:00:00,594.7,3245.3,776.2,1208.3,5824.5,-1.3,2.7,4.8
2025-02-24 02:00:00,599.9,3239.1,777.9,1198.7,5815.6,0.1,3.0,4.2
2025-02-24 03:00:00,,3225.5,784.5,1204.4,5214.4,0.5,2.9,3.8
2025-02-24 04:00:00,651.3,3197.1,792.9,1237.3,5878.6,0.5,2.8,2.8
2025-02-24 05:00:00,657.4,3317.6,834.3,1304.6,6113.9,0.6,2.8,2.6
2025-02-24 06:00:00,655.9,3633.3,922.3,1355.9,6567.4,0.7,2.6,2.8
2025-02-24 07:00:00,683.3,3861.0,991.9,1367.5,6903.7,0.4,1.9,3.1
2025-02-24 08:00:00,628.1,3916.1,990.5,1392.6,6927.3,0.2,1.3,3.6
2025-02-24 09:00:00,623.7,3905.0,963.1,1400.3,6892.1,0.2,1.3,4.4
2025-02-24 10:00:00,615.6,3944.1,898.4,1415.6,6873.7,0.2,1.4,5.3
2025-02-24 11:00:00,619.2,3880.3,849.2,1401.6,6750.3,0.7,1.8,5.8
2025-02-24 12:00:00,575.6,3845.1,849.8,1377.6,6648.1,1.3,2.1,6.0
2025-02-24 13:00:00,685.2,3797.5,872.5,1370.6,6725.8,1.5,2.0,6.3
2025-02-24 14:00:00,761.8,3812.8,891.2,1357.4,6823.2,1.5,3.2,6.7
2025-02-24 15:00:00,732.2,3891.7,932.1,1353.1,6909.1,1.6,3.5,6.9
2025-02-24 16:00:00,726.1,3921.0,943.6,1372.1,6962.8,1.6,3.6,7.1
2025-02-24 17:00:00,714.0,4021.3,961.4,1387.8,7084.5,1.6,3.4,7.0
2025-02-24 18:00:00,666.5,3999.8,937.2,1387.8,6991.3,1.7,3.1,6.9
2025-02-24 19:00:00,714.8,3912.8,900.4,1359.2,6887.2,1.7,2.7,7.1
2025-02-24 20:00:00,724.3,3769.2,865.1,1322.6,6681.2,1.7,2.4,7.1
2025-02-24 21:00:00,709.3,3597.8,826.2,1323.5,6456.8,1.6,2.1,7.0
2025-02-24 22:00:00,657.2,3410.8,782.2,1297.5,6147.7,1.4,2.1,6.6
2025-02-24 23:00:00,616.2,3269.8,739.7,1259.8,5885.5,1.3,2.1,6.3
2025-02-25 00:00:00,592.2,3270.4,719.0,1224.0,5805.6,1.3,2.3,6.1
2025-02-25 01:00:00,579.4,3232.3,709.2,1213.3,5734.2,1.7,2.6,6.0
2025-02-25 02:00:00,619.4,3184.7,717.0,1195.7,5716.8,1.5,2.5,6.0
2025-02-25 03:00:00,642.6,3164.2,712.4,1198.7,5717.9,1.5,2.8,5.8
2025-02-25 04:00:00,655.5,3172.0,721.6,1238.0,5787.1,1.5,2.9,5.6
2025-02-25 05:00:00,668.1,3283.1,756.1,1318.1,6025.4,1.5,3.0,5.5
2025-02-25 06:00:00,648.4,3583.5,848.4,1363.4,6443.7,1.5,3.1,5.1
2025-02-25 07:00:00,631.0,,924.6,1384.6,2940.2,1.4,3.2,4.5
2025-02-25 08:00:00,683.7,3859.7,934.1,1394.1,6871.6,1.4,3.3,4.3
2025-02-25 09:00:00,753.9,3888.4,930.3,1402.0,6974.6,1.4,3.9,4.6
2025-02-25 10:00:00,736.9,3855.2,926.6,1408.9,6927.6,1.4,3.9,4.9
2025-02-25 11:00:00,700.0,3817.1,945.0,1397.8,6859.9,1.5,4.2,5.3
2025-02-25 12:00:00,691.4,3830.7,957.4,1385.8,6865.3,1.5,4.7,5.5
2025-02-25 13:00:00,662.2,3800.8,961.4,1380.7,6805.1,1.5,5.6,5.8
2025-02-25 14:00:00,655.3,3788.4,929.5,1386.1,6759.3,1.4,5.9,5.5
2025-02-25 15:00:00,631.2,3776.0,876.6,1384.1,6667.9,1.4,6.0,5.5
2025-02-25 16:00:00,681.1,3823.2,907.0,1396.2,6807.5,0.9,5.8,5.5
2025-02-25 17:00:00,713.4,4035.6,953.1,1419.0,7121.1,0.4,5.5,5.4
2025-02-25 18:00:00,747.9,4040.9,948.7,1432.0,7169.5,0.2,5.2,5.4
2025-02-25 19:00:00,722.7,3926.8,930.3,1407.4,6987.2,0.2,5.0,5.3
2025-02-25 20:00:00,687.2,3828.1,891.5,1362.3,6769.1,0.6,4.7,4.3
2025-02-25 21:00:00,624.9,3695.9,853.3,1352.8,6526.9,0.8,3.9,3.4
2025-02-25 22:00:00,,3503.7,815.3,1313.1,5632.1,0.8,2.4,3.2
2025-02-25 23:00:00,617.4,3351.5,779.1,1259.3,6007.3,0.7,2.4,2.8
2025-02-26 00:00:00,599.7,,765.6,,1365.3,0.6,2.1,2.6
2025-02-26 01:00:00,588.0,3288.7,741.1,1223.0,5840.8,0.5,2.1,2.5
2025-02-26 02:00:00,585.5,3210.1,731.0,1215.2,5741.8,0.7,1.6,2.7
2025-02-26 03:00:00,587.2,3179.2,738.8,1201.9,5707.1,0.6,1.5,2.5
2025-02-26 04:00:00,585.7,3211.4,744.3,1229.4,5770.8,0.3,1.6,2.5
2025-02-26 05:00:00,587.6,3305.6,780.5,,4673.7,0.2,1.5,2.7
2025-02-26 06:00:00,593.7,3597.2,865.6,1301.0,6357.5,0.2,1.5,2.8
2025-02-26 07:00:00,587.4,3806.3,930.1,1300.8,6624.6,0.3,1.5,3.0
2025-02-26 08:00:00,659.4,3833.7,951.3,1307.8,6752.2,0.6,2.0,3.4
2025-02-26 09:00:00,693.9,3825.5,943.6,1313.9,6776.9,0.8,2.7,4.1
2025-02-26 10:00:00,730.8,3794.9,935.8,1323.9,6785.4,0.9,2.8,4.3
2025-02-26 11:00:00,723.9,3796.2,936.7,1325.0,6781.8,1.1,2.8,4.3
2025-02-26 12:00:00,696.1,3800.4,918.0,1319.1,6733.6,1.2,2.9,4.5
2025-02-26 13:00:00,693.7,3783.5,911.9,1314.0,6703.1,1.1,3.1,4.9
2025-02-26 14:00:00,690.8,3798.5,900.4,1321.0,6710.7,1.1,4.8,5.4
2025-02-26 15:00:00,671.4,3837.9,912.2,1325.6,6747.1,0.9,4.8,5.7
2025-02-26 16:00:00,699.6,3871.8,920.9,1341.3,6833.6,0.8,4.6,5.1
2025-02-26 17:00:00,705.2,4007.3,950.5,1369.1,7032.1,0.8,3.9,4.6
2025-02-26 18:00:00,632.8,3988.4,938.4,1381.8,6941.4,0.5,3.5,4.0
2025-02-26 19:00:00,647.8,3892.0,917.7,1364.5,6822.0,0.3,3.4,3.5
2025-02-26 20:00:00,649.9,3771.4,876.3,1324.4,6622.0,0.3,3.2,3.3
2025-02-26 21:00:00,665.7,3640.8,840.0,1331.3,6477.8,0.4,2.7,3.3
2025-02-26 22:00:00,674.4,3502.4,798.9,1304.5,6280.2,0.2,2.5,3.5
2025-02-26 23:00:00,655.1,3352.2,764.7,1272.7,6044.7,0.7,2.2,3.3
2025-02-27 00:00:00,708.1,3324.8,740.5,1241.5,6014.9,0.3,1.8,3.0
2025-02-27 01:00:00,630.0,3266.2,730.2,1218.8,5845.2,-0.8,1.5,2.9
2025-02-27 02:00:00,604.4,3203.3,727.6,1202.6,5737.9,-1.0,2.0,3.5
2025-02-27 03:00:00,639.3,3182.8,724.4,1189.4,5735.9,-1.3,1.8,3.4
2025-02-27 04:00:00,621.5,3249.9,734.8,1215.9,5822.1,-1.6,1.8,3.0
2025-02-27 05:00:00,623.3,3385.4,770.7,1289.2,6068.6,-2.2,1.7,3.1
2025-02-27 06:00:00,730.4,3684.8,843.5,1315.1,6573.8,-2.6,1.7,3.0
2025-02-27 07:00:00,722.5,3951.6,910.5,1327.6,6912.2,-3.1,1.5,2.9
2025-02-27 08:00:00,706.5,4013.2,915.1,1343.7,6978.5,-2.7,1.7,3.1
2025-02-27 09:00:00,747.0,3937.3,913.7,1338.0,6936.0,-2.2,2.1,3.4
2025-02-27 10:00:00,771.8,3926.8,925.2,1351.8,6975.6,-1.1,3.1,3.8
2025-02-27 11:00:00,743.0,,915.1,1355.4,3013.5,0.0,3.7,4.1
2025-02-27 12:00:00,711.1,3768.8,917.7,1340.8,6738.4,-0.2,4.0,4.4
2025-02-27 13:00:00,705.4,3719.6,918.0,1341.0,6684.0,-1.3,3.5,4.3
2025-02-27 14:00:00,702.6,3705.6,906.2,,5314.4,-1.4,3.4,3.4
2025-02-27 15:00:00,716.6,3790.7,,1318.0,5825.3,-1.3,3.4,3.3
2025-02-27 16:00:00,726.8,3905.3,922.6,1322.1,6876.8,-0.7,3.5,3.2
2025-02-27 17:00:00,728.0,4053.6,955.1,1356.4,7093.1,-0.3,2.9,3.6
2025-02-27 18:00:00,731.2,4054.2,963.7,1363.1,7112.2,-0.2,2.4,3.0
2025-02-27 19:00:00,708.5,3983.8,943.9,1340.0,6976.2,-0.1,0.9,2.9
2025-02-27 20:00:00,700.4,3867.5,911.1,1298.6,6777.6,-0.2,0.3,3.0
2025-02-27 21:00:00,658.2,3744.7,872.3,1304.7,6579.9,-0.4,-0.2,3.2
2025-02-27 22:00:00,637.3,3632.3,845.2,1275.2,6390.0,-1.5,-0.4,3.5
2025-02-27 23:00:00,643.4,3505.9,795.5,1239.8,6184.6,-2.3,-0.8,3.6
2025-02-28 00:00:00,605.6,3451.9,779.1,1229.9,6066.5,-2.5,-1.0,3.7
2025-02-28 01:00:00,563.0,3446.0,764.1,1216.0,5989.1,-2.2,-1.2,3.8
2025-02-28 02:00:00,647.6,3428.1,,1204.5,5280.2,-2.1,-1.8,4.3
2025-02-28 03:00:00,622.5,3420.6,735.4,1207.2,5985.7,-2.0,-1.9,4.5
2025-02-28 04:00:00,623.9,3453.5,748.0,1216.6,6042.0,-2.4,-1.6,4.4
2025-02-28 05:00:00,667.1,3590.6,779.1,1272.0,6308.8,-3.0,-1.2,4.1
2025-02-28 06:00:00,715.6,3887.1,867.7,1281.4,6751.8,-3.4,-0.9,4.0
2025-02-28 07:00:00,774.0,4079.0,916.8,1275.8,7045.6,-3.6,-0.7,3.9
2025-02-28 08:00:00,765.7,4053.6,924.0,1282.4,7025.7,-3.0,-0.2,3.8
2025-02-28 09:00:00,731.2,3984.8,926.3,1276.7,6919.0,-2.5,0.4,4.3
2025-02-28 10:00:00,710.5,3946.4,924.9,1276.7,6858.5,-1.0,0.8,4.6
2025-02-28 11:00:00,713.6,3912.2,902.4,1269.7,6797.9,0.6,1.2,4.9
2025-02-28 12:00:00,701.2,3883.5,867.9,1261.5,6714.1,1.5,1.6,5.5
2025-02-28 13:00:00,648.6,3822.3,868.8,1279.1,6618.8,1.9,1.7,5.6
2025-02-28 14:00:00,668.1,3796.9,853.0,1285.0,6603.0,2.3,1.0,5.5
2025-02-28 15:00:00,707.5,3988.1,840.6,1296.8,6833.0,1.4,0.9,5.3
2025-02-28 16:00:00,720.5,3948.7,867.9,1286.7,6823.8,0.5,0.9,4.8
2025-02-28 17:00:00,689.6,4033.0,910.2,1314.0,6946.8,-0.2,0.6,4.2
2025-02-28 18:00:00,637.3,4091.7,927.2,1320.0,6976.2,-0.2,0.3,2.9
2025-02-28 19:00:00,654.1,3997.5,908.8,1316.2,6876.6,-0.7,0.3,1.9
2025-02-28 20:00:00,627.1,3893.9,874.6,1284.7,6680.3,-1.3,0.2,1.0
2025-02-28 21:00:00,629.4,3766.9,844.9,1296.9,6538.1,-0.6,-0.1,0.7
2025-02-28 22:00:00,653.5,3620.9,828.5,1278.5,6381.4,-0.4,-0.7,0.7
2025-02-28 23:00:00,656.5,3520.9,806.7,1241.3,6225.4,-0.4,-1.4,0.6
2025-03-01 00:00:00,688.2,3425.5,776.8,1201.7,6092.2,-1.0,-1.9,0.5
2025-03-01 01:00:00,720.7,3360.6,784.3,1180.4,6046.0,-1.1,-2.3,0.8
2025-03-01 02:00:00,674.2,3340.5,774.8,1170.0,5959.5,-0.1,-2.4,0.8
2025-03-01 03:00:00,657.4,3318.0,762.7,,4738.1,-1.7,-2.3,0.6
2025-03-01 04:00:00,681.1,3373.4,764.1,1172.2,5990.8,-2.8,-2.2,0.5
2025-03-01 05:00:00,679.7,3427.4,769.6,1168.3,6045.0,-3.6,-2.3,0.2
2025-03-01 06:00:00,684.8,3457.4,794.9,1157.7,6094.8,-4.4,-2.3,-0.0
2025-03-01 07:00:00,712.8,3502.0,798.1,1172.4,6185.3,-5.3,-2.1,-0.0
2025-03-01 08:00:00,705.8,3620.6,811.9,1191.3,6329.6,-5.4,-1.4,0.2
2025-03-01 09:00:00,698.7,3703.4,814.4,,5216.5,-4.7,-0.2,0.7
2025-03-01 10:00:00,697.9,3756.1,840.0,1192.3,6486.3,-3.4,1.0,1.3
2025-03-01 11:00:00,648.6,3757.8,840.6,1196.9,6443.9,-2.3,2.2,2.0
2025-03-01 12:00:00,662.0,3671.4,818.8,1190.5,6342.7,-1.6,3.3,3.1
2025-03-01 13:00:00,691.2,3590.3,788.0,1195.7,6265.2,-2.3,3.9,3.7
2025-03-01 14:00:00,709.7,3563.0,773.9,1204.9,6251.5,-1.6,1.4,2.7
2025-03-01 15:00:00,736.7,3605.3,844.9,1205.0,6391.9,-2.1,1.8,2.8
2025-03-01 16:00:00,723.3,3693.9,878.0,1227.7,6522.9,-2.6,1.8,3.2
2025-03-01 17:00:00,747.2,3842.1,893.8,1282.8,6765.9,-2.0,0.8,3.0
2025-03-01 18:00:00,717.8,3878.6,920.0,1306.1,6822.5,-1.3,0.4,3.4
2025-03-01 19:00:00,773.6,3724.9,876.6,1307.2,6682.3,-0.8,0.4,3.9
2025-03-01 20:00:00,769.6,3598.1,818.5,1289.4,6475.6,-0.6,0.1,3.9
2025-03-01 21:00:00,615.0,3504.6,798.9,1316.1,6234.6,0.0,0.1,3.5
2025-03-01 22:00:00,615.4,3419.0,776.5,1303.8,6114.7,0.5,0.3,3.6
2025-03-01 23:00:00,666.7,3270.1,754.1,1273.9,5964.8,0.5,-0.2,3.5
2025-03-02 00:00:00,604.2,3245.7,722.7,1244.2,5816.8,0.4,-0.2,3.3
2025-03-02 01:00:00,615.4,3214.4,712.4,1213.4,5755.6,0.3,-0.8,3.0
2025-03-02 02:00:00,644.6,3189.6,702.6,1199.4,5736.2,-0.3,-0.3,3.1
2025-03-02 03:00:00,636.3,3197.4,722.7,1197.4,5753.8,-0.8,-0.5,3.1
2025-03-02 04:00:00,601.6,3151.2,711.8,1200.4,5665.0,-1.1,-0.6,3.7
2025-03-02 05:00:00,690.2,3200.0,702.3,1216.8,5809.3,-0.8,-0.8,3.9
2025-03-02 06:00:00,651.1,3216.0,712.9,1211.7,5791.7,0.5,-0.7,4.1
2025-03-02 07:00:00,634.2,3248.6,723.6,1239.8,5846.2,0.5,-0.5,4.2
2025-03-02 08:00:00,707.7,3288.0,714.9,1275.2,5985.8,0.3,0.7,4.3
2025-03-02 09:00:00,725.9,3319.9,695.4,1294.5,6035.7,1.0,2.3,4.5
2025-03-02 10:00:00,704.4,3329.7,662.3,1308.8,6005.2,1.7,3.8,5.2
2025-03-02 11:00:00,607.2,3239.8,653.4,1314.7,5815.1,2.4,5.0,6.3
2025-03-02 12:00:00,536.0,3206.9,659.7,1317.9,5720.5,3.6,6.2,7.2
2025-03-02 13:00:00,535.8,3170.7,646.2,1307.7,5660.4,4.0,7.0,7.8
2025-03-02 14:00:00,580.1,3219.6,617.4,1285.3,5702.4,3.8,6.3,8.2
2025-03-02 15:00:00,682.7,3355.4,666.9,1280.9,5985.9,3.2,6.4,8.1
2025-03-02 16:00:00,704.4,3505.9,745.1,1295.8,6251.2,2.3,6.0,7.9
2025-03-02 17:00:00,747.0,3688.7,840.6,1345.2,6621.5,1.1,5.4,7.2
2025-03-02 18:00:00,707.7,3785.8,834.0,1351.5,6679.0,0.2,4.8,6.5
2025-03-02 19:00:00,641.9,3680.2,835.7,1323.4,6481.2,-0.6,4.6,6.0
2025-03-02 20:00:00,629.8,3560.7,811.6,1280.1,6282.2,-1.4,4.1,5.5
2025-03-02 21:00:00,639.5,3419.0,791.4,1297.1,6147.0,-2.1,4.2,5.2
2025-03-02 22:00:00,632.4,3264.9,750.6,1268.5,5916.4,-2.6,3.5,4.9
2025-03-02 23:00:00,652.9,3126.4,739.7,1242.9,5761.9,-2.9,3.2,4.5
2025-03-03 00:00:00,605.6,3091.6,736.5,1189.5,5623.2,-2.6,3.0,4.2
2025-03-03 01:00:00,648.6,3043.7,728.2,1193.3,5613.8,-2.5,2.7,3.9
2025-03-03 02:00:00,612.5,3048.9,714.7,1197.2,5573.3,-1.8,3.5,4.6
2025-03-03 03:00:00,570.3,3091.2,698.0,1212.1,5571.6,-1.5,3.2,4.4
2025-03-03 04:00:00,664.7,3133.3,728.5,,4526.5,-1.2,3.1,4.0
2025-03-03 05:00:00,645.6,3238.5,783.1,1315.0,5982.2,-0.9,2.9,4.2
2025-03-03 06:00:00,615.2,3605.6,857.9,1354.7,6433.4,-1.0,2.7,4.5
2025-03-03 07:00:00,638.1,3845.1,899.0,1380.5,6762.7,-1.1,2.4,4.8
2025-03-03 08:00:00,631.2,,931.5,1394.0,2956.7,0.4,2.8,4.9
2025-03-03 09:00:00,725.7,3807.0,927.5,1385.9,6846.1,2.5,3.6,5.2
2025-03-03 10:00:00,689.0,3734.3,930.6,1383.0,6736.9,3.4,4.5,6.1
2025-03-03 11:00:00,587.6,3605.6,939.5,1365.2,6497.9,4.5,5.4,6.7
2025-03-03 12:00:00,533.2,3496.5,922.3,1353.7,6305.7,5.6,6.5,7.7
2025-03-03 13:00:00,550.4,3438.8,915.1,1346.4,6250.7,5.5,7.6,8.0
2025-03-03 14:00:00,564.4,3448.0,910.8,1332.9,6256.1,5.0,8.8,8.4
2025-03-03 15:00:00,692.7,3580.9,913.7,1323.5,6510.8,4.5,8.8,8.3
2025-03-03 16:00:00,793.5,3731.1,914.8,1337.4,6776.8,3.4,8.0,8.1
2025-03-03 17:00:00,780.5,3887.1,934.9,1371.0,6973.5,2.2,7.1,7.6
2025-03-03 18:00:00,822.5,3885.1,936.4,1375.9,7019.9,1.3,6.4,7.2
2025-03-03 19:00:00,790.0,3809.6,914.0,1357.3,6870.9,0.7,5.7,6.8
2025-03-03 20:00:00,663.6,3677.6,899.3,1319.7,6560.2,-0.1,5.4,6.3
2025-03-03 21:00:00,617.0,3603.3,861.3,1326.2,6407.8,0.2,5.1,5.9
2025-03-03 22:00:00,707.3,3426.5,830.3,1301.7,6265.8,0.6,4.7,5.4
2025-03-03 23:00:00,735.7,3287.7,797.5,1261.1,6082.0,0.8,4.3,5.5
2025-03-04 00:00:00,652.7,3179.5,758.4,1225.6,5816.2,0.8,4.2,5.4
2025-03-04 01:00:00,645.0,3112.1,738.8,1216.1,5712.0,0.7,4.3,5.6
2025-03-04 02:00:00,634.6,3073.6,736.8,1200.7,5645.7,1.0,5.6,5.7
2025-03-04 03:00:00,655.3,3074.0,730.8,1196.2,5656.3,1.1,5.6,5.9
2025-03-04 04:00:00,670.5,3084.4,742.3,1227.8,5725.0,0.5,5.4,5.8
2025-03-04 05:00:00,659.8,3178.2,787.4,1306.1,5931.5,0.7,5.3,5.5
2025-03-04 06:00:00,688.4,3499.1,888.6,1333.8,6409.9,-0.1,5.2,5.4
2025-03-04 07:00:00,704.8,3798.5,947.9,1358.9,6810.1,-0.2,5.0,5.6
2025-03-04 08:00:00,721.9,3824.9,916.5,1383.2,6846.5,-0.1,5.2,5.9
2025-03-04 09:00:00,749.3,3779.6,925.2,1371.8,6825.9,0.3,5.8,6.3
2025-03-04 10:00:00,677.6,3725.2,912.8,1355.6,6671.2,1.0,6.8,6.8
2025-03-04 11:00:00,712.5,3630.4,919.7,1338.3,6600.9,1.7,7.6,7.1
2025-03-04 12:00:00,663.0,3609.2,907.0,1325.1,6504.3,2.4,7.8,7.7
2025-03-04 13:00:00,692.3,3685.1,897.6,1315.6,6590.6,3.0,8.9,8.6
2025-03-04 14:00:00,717.2,3702.4,875.7,,5295.3,3.6,8.1,9.0
2025-03-04 15:00:00,700.2,3745.7,875.1,1297.5,6618.5,3.4,8.2,9.2
2025-03-04 16:00:00,813.0,3793.3,903.6,1290.5,6800.4,2.7,7.5,9.1
2025-03-04 17:00:00,819.5,3969.8,941.8,1361.7,7092.8,1.8,6.2,8.4
2025-03-04 18:00:00,737.1,3939.2,927.5,1385.8,6989.6,0.9,5.4,7.5
2025-03-04 19:00:00,784.8,3772.1,909.9,1363.5,6830.3,0.1,4.9,7.2
2025-03-04 20:00:00,688.8,3672.7,,1320.6,5682.1,-0.8,4.7,6.8
2025-03-04 21:00:00,541.7,3514.7,845.2,1321.5,6223.1,-1.7,4.7,6.2
2025-03-04 22:00:00,556.9,3353.2,808.7,1292.7,6011.5,-2.2,4.8,5.7
2025-03-04 23:00:00,632.4,3188.6,775.9,1253.4,5850.3,-2.4,5.3,5.3
2025-03-05 00:00:00,668.1,3088.3,766.7,1227.6,5750.7,-2.7,5.8,5.2
2025-03-05 01:00:00,0.6075,3023.8,744.6,1215.1,4984.1,-2.7,6.0,5.2
2025-03-05 02:00:00,0.6063999999999999,2980.5,754.1,1205.4,4940.6,-2.3,6.8,5.5
2025-03-05 03:00:00,0.6215,2958.6,750.9,1202.3,4912.4,-2.2,6.5,5.4
2025-03-05 04:00:00,0.6081,2958.0,755.8,1230.9,4945.3,-1.7,6.0,5.4
2025-03-05 05:00:00,0.6219,3090.6,794.0,1308.3,5193.5,-1.2,6.1,5.4
2025-03-05 06:00:00,0.7192000000000001,3408.9,869.4,1333.8,5612.8,-0.8,6.2,5.3
2025-03-05 07:00:00,0.7211000000000001,3657.4,936.1,1361.9,5956.1,-1.3,6.2,5.3
2025-03-05 08:00:00,0.7286,3715.1,951.6,1371.5,6038.9,-1.3,6.4,5.5
2025-03-05 09:00:00,0.6848,3710.2,934.9,1371.5,6017.3,-0.7,6.9,6.1
2025-03-05 10:00:00,0.6359,3647.7,952.5,1362.9,5963.7,1.4,7.8,6.7
2025-03-05 11:00:00,0.5774,3660.4,958.5,1362.0,5981.5,3.7,8.6,7.2
2025-03-05 12:00:00,0.4802,3639.8,920.9,1362.9,5924.1,4.3,9.4,7.9
2025-03-05 13:00:00,0.6245,3606.3,904.7,1340.8,5852.4,4.0,9.8,8.5
2025-03-05 14:00:00,0.6137,3628.8,889.2,1330.4,5849.0,3.9,9.0,9.0
2025-03-05 15:00:00,0.6695,3659.7,897.0,1331.9,5889.3,3.6,9.1,9.3
2025-03-05 16:00:00,0.7941,3722.6,913.4,1347.7,5984.5,3.0,8.6,9.0
2025-03-05 17:00:00,0.7343,3865.9,944.4,1387.1,6198.1,1.8,8.1,8.6
2025-03-05 18:00:00,0.7062999999999999,3873.4,935.2,1397.8,6207.1,1.5,7.7,8.2
2025-03-05 19:00:00,0.7409,3768.5,914.2,1372.1,6055.5,1.3,7.7,7.5
2025-03-05 20:00:00,0.7788999999999999,,882.9,,883.7,0.7,7.7,6.8
2025-03-05 21:00:00,0.7318,3456.8,841.8,1316.4,5615.7,-0.6,7.8,6.6
2025-03-05 22:00:00,0.6762,3271.4,819.6,1282.3,5374.0,-1.6,8.4,6.5
2025-03-05 23:00:00,0.6023999999999999,3121.5,770.7,1241.7,5134.5,-2.6,8.3,6.5
2025-03-06 00:00:00,0.6174,2977.2,745.4,1197.9,4921.1,-3.7,8.2,6.2
2025-03-06 01:00:00,551.2,2916.9,725.0,1174.3,5367.4,-4.1,8.1,6.0
2025-03-06 02:00:00,551.5,2910.1,726.7,1164.6,5352.9,-6.5,8.3,6.0
2025-03-06 03:00:00,600.3,2859.0,742.5,1153.6,5355.4,-6.7,8.1,5.6
2025-03-06 04:00:00,627.3,2852.8,744.9,1173.1,5398.1,-6.3,8.1,5.4
2025-03-06 05:00:00,597.9,3005.9,774.8,1232.4,5611.0,-5.6,8.1,5.2
2025-03-06 06:00:00,650.9,3343.7,848.4,1267.4,6110.4,-5.2,8.2,5.1
2025-03-06 07:00:00,663.4,3544.1,892.4,1289.6,6389.5,-5.1,8.3,4.8
2025-03-06 08:00:00,723.1,3588.7,873.4,1315.9,6501.1,-4.8,8.5,5.2
2025-03-06 09:00:00,656.1,3636.3,849.2,1319.1,6460.7,-4.2,8.6,5.7
2025-03-06 10:00:00,681.9,3594.9,836.0,1334.1,6446.9,-3.6,9.4,6.5
2025-03-06 11:00:00,716.2,3493.6,803.5,1331.3,6344.6,-3.5,10.5,7.3
2025-03-06 12:00:00,719.2,3426.8,760.1,1322.2,6228.3,-3.5,11.6,8.0
2025-03-06 13:00:00,702.8,3402.3,750.6,1293.8,6149.5,-2.8,12.0,8.4
2025-03-06 14:00:00,783.6,3400.1,733.9,1272.3,6189.9,-1.4,11.9,9.6
2025-03-06 15:00:00,782.1,3409.8,732.2,1269.8,6193.9,-0.6,11.7,9.6
2025-03-06 16:00:00,836.7,3482.2,769.3,1274.9,6363.1,-0.1,11.0,9.2
2025-03-06 17:00:00,833.9,3663.3,862.8,1310.0,6670.0,-1.8,9.8,8.7
2025-03-06 18:00:00,732.2,3767.2,890.9,1329.4,6719.7,-2.0,8.9,8.2
2025-03-06 19:00:00,729.0,3758.1,876.6,1311.9,6675.6,-2.5,8.2,7.9
2025-03-06 20:00:00,729.2,3647.0,837.2,1264.5,6477.9,-3.0,7.7,7.6
2025-03-06 21:00:00,829.8,3498.4,809.3,1249.8,6387.3,-3.9,7.1,7.2
2025-03-06 22:00:00,861.5,3395.8,758.9,1208.7,6224.9,-4.5,6.6,6.8
2025-03-06 23:00:00,716.4,3280.5,715.8,1182.4,5895.1,-4.7,5.9,6.6
2025-03-07 00:00:00,716.2,3130.3,710.6,1168.0,5725.1,-4.7,5.3,6.5
2025-03-07 01:00:00,691.9,3037.2,708.9,1162.3,5600.3,-4.7,4.9,6.2
2025-03-07 02:00:00,628.6,2999.0,710.9,1148.3,5486.8,-4.9,5.4,5.3
2025-03-07 03:00:00,680.5,2978.8,700.6,1155.2,5515.1,-4.9,5.2,5.2
2025-03-07 04:00:00,610.1,3086.7,,1186.3,4883.1,-5.4,5.5,4.9
2025-03-07 05:00:00,635.2,3256.7,,1220.9,5112.8,-5.9,5.8,4.7
2025-03-07 06:00:00,663.6,3517.0,878.3,1233.2,6292.1,-6.6,5.9,4.4
2025-03-07 07:00:00,665.3,3728.1,930.6,1273.9,6597.9,-6.7,6.0,4.3
2025-03-07 08:00:00,652.3,3778.3,913.4,1286.4,6630.4,-5.7,6.1,4.9
2025-03-07 09:00:00,673.0,3705.3,874.8,1269.1,6522.2,-4.5,6.5,6.2
2025-03-07 10:00:00,669.3,3620.0,821.9,1250.5,6361.7,-2.9,7.2,7.2
2025-03-07 11:00:00,633.8,3419.9,785.7,1247.1,6086.5,-1.5,8.5,8.0
2025-03-07 12:00:00,619.4,3236.9,753.2,1234.2,5843.7,-0.9,10.0,8.6
2025-03-07 13:00:00,661.6,3063.2,723.9,1219.2,5667.9,-1.3,11.4,8.8
2025-03-07 14:00:00,722.9,2996.8,704.3,1225.1,5649.1,-1.1,12.0,9.9
2025-03-07 15:00:00,716.0,3045.0,705.7,1243.6,5710.3,-1.7,12.6,9.8
2025-03-07 16:00:00,785.6,3271.1,738.2,1259.0,6053.9,-2.0,12.1,9.0
2025-03-07 17:00:00,608.7,3461.0,808.1,1304.1,6181.9,-2.0,10.4,7.9
2025-03-07 18:00:00,613.7,3493.9,827.1,1323.7,6258.4,-1.6,8.7,6.9
2025-03-07 19:00:00,576.0,3374.3,752.6,1321.3,6024.2,-1.0,8.0,7.3
2025-03-07 20:00:00,604.4,3270.4,705.7,1276.0,5856.5,-0.7,7.7,7.7
2025-03-07 21:00:00,706.3,3116.0,676.7,1264.1,5763.1,-0.1,7.7,7.5
2025-03-07 22:00:00,692.3,3002.0,648.8,1241.6,5584.7,0.1,7.7,7.0
2025-03-07 23:00:00,651.5,2870.4,635.9,1205.3,5363.1,0.1,7.6,6.7
2025-03-08 00:00:00,614.3,,648.8,1184.5,2447.6,0.2,7.8,6.5
2025-03-08 01:00:00,620.6,2807.8,653.7,1170.5,5252.6,0.2,7.4,6.4
2025-03-08 02:00:00,656.5,2742.7,652.8,1156.6,5208.6,0.8,7.8,5.1
2025-03-08 03:00:00,605.4,2718.2,658.9,1151.5,5134.0,1.3,7.7,5.0
2025-03-08 04:00:00,556.3,2709.4,677.3,1161.3,5104.3,0.9,7.4,5.0
2025-03-08 05:00:00,572.8,2759.6,711.2,1180.4,5224.0,0.6,6.5,4.6
2025-03-08 06:00:00,589.0,2815.3,723.6,1180.1,5308.0,0.8,5.6,4.5
2025-03-08 07:00:00,573.6,2897.4,745.4,1206.7,5423.1,1.5,4.9,5.2
2025-03-08 08:00:00,652.9,2983.4,735.9,1225.9,5598.1,2.4,5.4,5.5
2025-03-08 09:00:00,745.6,3043.3,731.3,1226.0,5746.2,4.1,6.2,6.7
2025-03-08 10:00:00,738.1,3049.5,707.2,1227.2,5722.0,4.7,7.2,8.5
2025-03-08 11:00:00,645.8,3022.2,683.9,1212.0,5563.9,4.5,8.2,9.9
2025-03-08 12:00:00,622.9,3010.4,657.4,1199.7,5490.4,4.4,9.0,10.2
2025-03-08 13:00:00,,2967.1,628.4,1203.4,4798.9,4.1,9.5,10.2
2025-03-08 14:00:00,704.6,2955.1,620.9,1209.3,5489.9,4.2,10.6,10.9
2025-03-08 15:00:00,709.5,3015.0,629.2,1230.0,5583.7,4.5,10.4,10.9
2025-03-08 16:00:00,733.4,3107.2,683.6,1259.0,5783.2,4.3,9.8,10.4
2025-03-08 17:00:00,756.6,,742.8,1314.7,2814.1,3.5,7.8,9.1
2025-03-08 18:00:00,656.1,3480.9,766.1,1333.8,6236.9,2.9,6.4,6.9
2025-03-08 19:00:00,652.9,3411.8,765.8,1307.6,6138.1,2.4,5.1,6.1
2025-03-08 20:00:00,672.8,3271.4,733.3,1261.0,5938.5,1.9,4.5,6.5
2025-03-08 21:00:00,700.8,3160.3,720.7,1264.2,5846.0,1.5,5.0,6.4
2025-03-08 22:00:00,706.1,3089.0,710.3,1251.6,5757.0,1.2,3.9,5.9
2025-03-08 23:00:00,695.1,3023.5,703.2,1217.0,5638.8,0.9,3.4,5.4
2025-03-09 00:00:00,682.3,2952.5,694.8,1191.5,5521.1,0.4,3.1,5.2
2025-03-09 01:00:00,658.4,2914.3,,1171.8,4744.5,-0.4,2.9,5.1
2025-03-09 02:00:00,677.0,2906.2,676.4,1156.8,5416.4,-0.9,2.5,4.6
2025-03-09 03:00:00,682.1,2911.4,686.8,1159.4,5439.7,-1.7,2.6,4.3
2025-03-09 04:00:00,662.2,2894.1,682.4,1179.1,5417.8,-2.3,2.4,4.2
2025-03-09 05:00:00,680.7,2928.0,698.5,1184.7,5491.9,-2.9,2.0,3.8
2025-03-09 06:00:00,636.9,2942.4,708.0,1181.0,5468.3,-3.3,1.0,3.6
2025-03-09 07:00:00,666.5,2968.1,700.0,1195.7,5530.3,-3.5,2.2,3.6
2025-03-09 08:00:00,691.4,3003.9,688.2,1162.7,5546.2,-2.7,3.1,4.8
2025-03-09 09:00:00,694.5,2970.1,666.3,1157.8,5488.7,-1.5,4.5,6.8
2025-03-09 10:00:00,657.4,2926.1,655.7,1157.7,5396.9,-0.3,6.6,9.0
2025-03-09 11:00:00,618.8,2924.8,628.7,1151.8,5324.1,0.8,8.1,11.3
2025-03-09 12:00:00,658.8,2904.9,614.6,1153.0,5331.3,1.6,9.0,12.6
2025-03-09 13:00:00,672.2,2863.8,608.0,1150.2,5294.2,2.0,9.4,13.1
2025-03-09 14:00:00,679.5,2887.0,615.4,1133.6,5315.5,2.2,9.5,13.4
2025-03-09 15:00:00,738.7,2942.4,647.9,1136.2,5465.2,1.0,8.6,12.8
2025-03-09 16:00:00,737.5,3120.6,701.1,1132.9,5692.1,-0.9,7.4,11.6
2025-03-09 17:00:00,689.0,3348.3,751.5,1174.6,5963.4,-2.3,5.8,10.1
2025-03-09 18:00:00,693.7,3466.5,794.0,1189.7,6143.9,-3.1,4.1,8.4
2025-03-09 19:00:00,684.3,3450.6,802.4,1185.0,6122.3,-3.1,3.0,7.2
2025-03-09 20:00:00,654.7,3389.3,785.7,1150.7,5980.4,-3.2,2.3,6.6
2025-03-09 21:00:00,655.7,3310.8,780.8,1168.4,5915.7,-5.7,2.3,6.2
2025-03-09 22:00:00,648.8,3192.9,759.8,1169.7,5771.2,-6.5,2.5,5.9
2025-03-09 23:00:00,,3113.1,723.3,5739.0,9575.4,-7.3,2.5,5.7
2025-03-10 00:00:00,665.1,3103.0,718.7,1135.5,5622.3,-8.0,2.3,5.4
2025-03-10 01:00:00,637.9,3088.3,711.8,1139.8,5577.8,-8.7,2.2,5.1
2025-03-10 02:00:00,624.1,3042.7,699.4,,4366.2,-10.4,2.1,4.4
2025-03-10 03:00:00,627.7,3077.6,686.5,1134.7,5526.5,-10.6,2.1,3.9
2025-03-10 04:00:00,639.5,3135.2,700.8,1160.0,5635.5,-10.8,2.0,3.6
2025-03-10 05:00:00,647.8,3302.7,735.1,1212.1,5897.7,-10.5,1.9,3.3
2025-03-10 06:00:00,672.2,3548.0,816.2,1246.2,6282.6,-10.0,1.9,3.0
2025-03-10 07:00:00,667.9,3770.8,870.0,1277.0,6585.7,-9.8,2.1,2.9
2025-03-10 08:00:00,729.4,3807.9,872.3,,5409.6,-9.4,2.6,3.6
2025-03-10 09:00:00,766.5,3728.8,838.9,1274.9,6609.1,-8.6,3.3,5.0
2025-03-10 10:00:00,742.0,3710.5,837.2,1280.3,6570.0,-7.9,4.0,6.6
2025-03-10 11:00:00,722.9,3702.7,809.8,1258.0,6493.4,-6.4,4.5,7.9
2025-03-10 12:00:00,720.1,3687.4,796.3,1241.7,6445.5,-5.3,5.2,8.7
2025-03-10 13:00:00,720.3,3636.3,781.7,1232.7,6371.0,-4.4,5.6,9.3
2025-03-10 14:00:00,696.9,3605.0,771.0,1231.2,6304.1,-2.8,5.3,9.4
2025-03-10 15:00:00,681.9,3621.9,774.5,1229.0,6307.3,-2.7,4.6,9.6
2025-03-10 16:00:00,699.0,3706.6,781.1,1234.5,6421.2,-3.8,3.4,9.2
2025-03-10 17:00:00,724.1,3861.0,790.6,1262.1,6637.8,-4.9,2.5,8.3
2025-03-10 18:00:00,702.8,3919.0,799.8,1279.7,6701.3,-5.1,2.0,6.5
2025-03-10 19:00:00,652.5,3884.8,802.9,1261.5,6601.7,-5.9,1.7,5.9
2025-03-10 20:00:00,651.5,3801.7,785.4,1234.3,6472.9,-8.1,1.5,5.9
2025-03-10 21:00:00,674.8,3679.9,774.2,1244.9,6373.8,-8.4,1.4,6.1
2025-03-10 22:00:00,677.4,3520.3,764.4,1238.3,6200.4,-8.6,1.3,4.9
2025-03-10 23:00:00,675.0,3412.8,771.6,1215.7,6075.1,-9.1,1.2,4.2
2025-03-11 00:00:00,708.5,3245.7,736.2,1181.0,5871.4,-10.0,1.1,3.4
2025-03-11 01:00:00,737.9,3195.5,735.6,1167.4,5836.4,-10.5,0.9,2.8
2025-03-11 02:00:00,684.3,3178.9,731.9,1163.3,5758.4,-9.2,0.8,2.6
2025-03-11 03:00:00,703.0,3169.7,739.4,1173.8,5785.9,-10.1,0.6,2.3
2025-03-11 04:00:00,725.4,3173.3,743.1,1208.9,5850.7,-10.8,0.4,2.1
2025-03-11 05:00:00,764.3,3318.0,774.2,1270.7,6127.2,-11.7,0.2,2.1
2025-03-11 06:00:00,745.4,3604.7,846.7,1296.8,6493.6,-12.4,0.2,2.5
2025-03-11 07:00:00,772.4,3846.7,917.7,1315.8,6852.6,-12.8,0.3,2.6
2025-03-11 08:00:00,795.3,3950.6,937.2,1314.2,6997.3,-12.1,0.5,3.0
2025-03-11 09:00:00,777.1,3978.3,922.3,1309.7,6987.4,-10.4,0.9,3.4
2025-03-11 10:00:00,764.9,3907.0,949.0,1312.2,6933.1,-8.4,1.6,3.9
2025-03-11 11:00:00,728.0,3924.6,944.4,1304.6,6901.6,-6.3,1.9,4.3
2025-03-11 12:00:00,704.8,3889.0,941.8,1276.7,6812.3,-4.6,2.4,4.6
2025-03-11 13:00:00,681.5,3834.0,937.8,1267.5,6720.8,-3.5,2.8,4.7
2025-03-11 14:00:00,682.7,3804.7,912.5,1259.5,6659.4,-1.8,1.9,4.3
2025-03-11 15:00:00,712.7,3852.6,905.9,1260.7,6731.9,-1.8,1.5,4.1
2025-03-11 16:00:00,726.7,3922.6,914.8,1255.5,6819.6,-2.8,0.9,3.8
2025-03-11 17:00:00,758.4,4022.6,928.6,1285.2,6994.8,-3.9,0.4,3.3
2025-03-11 18:00:00,782.1,4095.9,953.4,1318.3,7149.7,-4.6,-0.3,3.2
2025-03-11 19:00:00,745.8,4042.5,943.9,1301.0,7033.2,-5.1,-0.9,2.9
2025-03-11 20:00:00,738.9,3926.5,912.8,1267.2,6845.4,-5.6,-1.2,2.7
2025-03-11 21:00:00,729.8,3787.1,876.9,1264.7,6658.5,-6.1,-1.3,2.9
2025-03-11 22:00:00,712.8,3616.4,844.4,1243.6,6417.2,-6.6,-1.2,2.7
2025-03-11 23:00:00,695.3,3461.3,807.8,1210.1,6174.5,-7.1,-1.0,2.6
2025-03-12 00:00:00,726.5,3453.8,819.0,1193.3,6192.6,-7.6,-0.7,2.9
2025-03-12 01:00:00,690.2,3370.4,790.9,1187.8,6039.3,-8.2,-0.4,3.2
2025-03-12 02:00:00,619.2,3306.9,778.5,1184.1,5888.7,-9.1,-0.7,2.7
2025-03-12 03:00:00,685.2,3305.6,771.6,1183.2,5945.6,-9.5,-1.0,2.9
2025-03-12 04:00:00,692.7,3313.1,763.0,1214.8,5983.6,-9.5,-0.9,3.1
2025-03-12 05:00:00,668.7,3446.7,807.0,1276.4,6198.8,-9.8,-0.8,3.1
2025-03-12 06:00:00,732.6,3705.6,878.3,1309.5,6626.0,-9.9,-0.6,3.0
2025-03-12 07:00:00,738.9,3993.9,963.7,1341.9,7038.4,-9.7,-0.1,3.2
2025-03-12 08:00:00,782.3,4097.5,992.8,1341.3,7213.9,-9.2,0.4,3.7
2025-03-12 09:00:00,819.1,4141.8,977.2,1320.3,7258.4,-8.6,0.5,4.5
2025-03-12 10:00:00,779.3,4135.0,988.4,1311.6,7214.3,-7.7,0.5,4.7
2025-03-12 11:00:00,672.6,4153.9,971.2,1303.5,7101.2,-7.0,0.7,4.6
2025-03-12 12:00:00,736.9,4164.3,944.7,1284.3,7130.2,-6.1,0.7,4.4
2025-03-12 13:00:00,731.0,4126.5,935.5,1264.8,7057.8,-5.4,0.8,4.5
2025-03-12 14:00:00,718.8,4090.0,932.9,1264.3,7006.0,-3.9,0.3,4.8
2025-03-12 15:00:00,756.6,4081.6,970.0,1271.6,7079.8,-4.5,0.2,4.6
2025-03-12 16:00:00,746.4,4109.9,978.9,1277.7,7112.9,-6.1,0.1,4.8
2025-03-12 17:00:00,742.0,4169.9,951.9,1303.1,7166.9,-7.7,-0.1,4.5
2025-03-12 18:00:00,,4149.7,932.6,1329.7,6412.0,-8.7,-0.3,3.9
2025-03-12 19:00:00,,4054.2,938.4,1314.9,6307.5,-9.0,-0.5,3.6
2025-03-12 20:00:00,749.9,3992.6,905.3,1276.5,6924.3,-9.5,-0.6,3.8
2025-03-12 21:00:00,730.8,3842.8,875.4,1287.8,6736.8,-9.4,-0.8,3.5
2025-03-12 22:00:00,717.0,3727.5,840.3,1264.8,6549.6,-9.8,-1.0,2.9
2025-03-12 23:00:00,695.5,3562.3,814.7,1229.4,6301.9,-10.2,-1.1,2.3
2025-03-13 00:00:00,667.1,-3440.8,799.2,1206.0,-768.5,-10.6,-1.2,2.6
2025-03-13 01:00:00,671.8,,795.8,1197.0,2664.6,-10.9,-1.4,2.6
2025-03-13 02:00:00,663.9,3362.9,786.8,1195.9,6009.5,-10.8,-1.6,2.5
2025-03-13 03:00:00,671.8,3367.8,794.9,1202.3,6036.8,-9.6,-1.6,1.7
2025-03-13 04:00:00,702.6,3395.8,799.2,1226.6,6124.2,-9.8,-1.6,2.0
2025-03-13 05:00:00,711.7,3536.9,827.4,1283.6,6359.6,-10.0,-1.7,2.2
2025-03-13 06:00:00,756.0,3816.1,892.4,1317.5,6782.0,-9.9,-1.7,2.2
2025-03-13 07:00:00,797.2,4052.3,955.4,1339.3,7144.2,-9.9,-1.7,2.1
2025-03-13 08:00:00,779.9,4156.8,969.7,1346.5,7252.9,-9.6,-1.5,2.8
2025-03-13 09:00:00,739.3,,949.9,1340.3,3029.5,-9.2,-1.1,3.4
2025-03-13 10:00:00,735.3,4187.8,933.8,1333.7,7190.6,-8.6,-0.7,4.2
2025-03-13 11:00:00,715.0,4209.9,937.5,1315.1,7177.5,-7.8,-0.1,5.1
2025-03-13 12:00:00,692.9,4174.7,917.1,1300.0,7084.7,-7.2,0.3,5.7
2025-03-13 13:00:00,686.2,4122.0,898.4,1291.2,6997.8,-6.6,0.6,5.1
2025-03-13 14:00:00,663.4,4103.7,880.3,1287.1,6934.5,-5.3,0.4,5.2
2025-03-13 15:00:00,655.3,4128.5,891.8,1282.3,6957.9,-6.3,0.1,4.6
2025-03-13 16:00:00,680.7,4151.0,912.5,1285.0,7029.2,-7.3,0.1,4.3
2025-03-13 17:00:00,747.2,4241.9,966.3,1303.8,7259.2,-7.8,0.2,3.1
2025-03-13 18:00:00,685.4,4304.4,981.2,1332.2,7303.2,-8.0,-0.7,2.5
2025-03-13 19:00:00,652.1,4263.4,967.2,1317.0,7199.7,-7.6,-1.4,2.0
2025-03-13 20:00:00,643.8,4193.3,942.7,1283.5,7063.3,-7.0,-1.9,1.8
2025-03-13 21:00:00,735.1,4069.9,922.0,1292.6,7019.6,-6.5,-2.5,1.4
2025-03-13 22:00:00,750.3,3998.8,880.3,1273.3,6902.7,-6.1,-2.8,1.8
2025-03-13 23:00:00,735.3,3889.0,846.4,1237.8,6708.5,-6.4,-3.2,2.2
2025-03-14 00:00:00,723.7,3690.3,809.3,1217.3,6440.6,-7.5,-3.6,2.5
2025-03-14 01:00:00,628.5,3679.9,797.8,1222.8,6329.0,-8.5,-3.8,2.4
2025-03-14 02:00:00,593.9,3677.6,805.5,1224.0,6301.0,-8.0,-4.5,0.3
2025-03-14 03:00:00,682.9,3698.1,812.7,1234.9,6428.6,-9.5,-4.6,0.4
2025-03-14 04:00:00,725.5,3726.8,817.0,1270.2,6539.5,-10.0,-4.5,1.3
2025-03-14 05:00:00,707.9,3852.9,851.0,1339.3,6751.1,-9.9,-4.3,1.5
2025-03-14 06:00:00,757.0,4104.7,920.0,1375.3,7157.0,-9.9,-4.3,1.6
2025-03-14 07:00:00,844.8,4311.6,982.7,1399.4,7538.5,-9.6,-3.9,1.6
2025-03-14 08:00:00,914.6,4287.5,1005.4,1397.8,7605.3,-8.8,-2.9,2.3
2025-03-14 09:00:00,852.9,4187.1,1017.2,1383.4,7440.6,-7.9,-1.7,2.7
2025-03-14 10:00:00,748.9,4048.7,999.1,1369.6,7166.3,-6.7,-0.5,3.1
2025-03-14 11:00:00,691.0,3893.0,986.4,1356.2,6926.6,-6.0,0.7,3.6
2025-03-14 12:00:00,785.0,,979.8,1358.7,3123.5,-5.2,1.9,3.4
2025-03-14 13:00:00,634.4,3593.9,965.1,1349.2,6542.6,-4.4,3.8,3.2
2025-03-14 14:00:00,672.4,3550.9,946.4,1350.0,6519.7,-3.6,2.7,2.9
2025-03-14 15:00:00,601.8,3526.5,937.5,1329.3,6395.1,-3.5,3.0,2.8
2025-03-14 16:00:00,793.9,3590.3,910.8,1299.0,6594.0,-4.0,3.0,2.5
2025-03-14 17:00:00,814.2,3839.5,944.7,1317.0,6915.4,-5.1,2.2,2.2
2025-03-14 18:00:00,797.2,3996.2,963.7,1367.2,7124.3,-5.7,0.3,2.0
2025-03-14 19:00:00,718.8,3978.3,948.2,1348.6,6993.9,-6.0,-0.2,1.8
2025-03-14 20:00:00,758.0,3855.8,919.7,1331.3,6864.8,-6.5,-0.6,1.6
2025-03-14 21:00:00,724.5,3734.6,878.0,1363.7,6700.8,-6.5,-0.8,1.6
2025-03-14 22:00:00,679.9,3663.6,866.2,1374.9,6584.6,-5.8,-1.6,1.7
2025-03-14 23:00:00,692.1,3617.0,862.2,1361.5,6532.8,-4.8,-1.2,1.1
2025-03-15 00:00:00,704.0,3596.5,843.5,1361.9,6505.9,-4.2,-0.9,0.4
2025-03-15 01:00:00,638.7,3513.1,846.1,1348.3,6346.2,-3.8,-1.0,-0.0
2025-03-15 02:00:00,647.6,,848.7,1331.8,2828.1,-3.1,-2.0,-0.9
2025-03-15 03:00:00,648.8,3423.8,860.7,1320.3,6253.6,-3.1,-2.0,-1.1
2025-03-15 04:00:00,633.2,3462.3,885.2,1320.6,6301.3,-3.0,-2.2,-1.2
2025-03-15 05:00:00,591.4,,918.8,1324.5,2834.7,-2.7,-2.1,-1.4
2025-03-15 06:00:00,650.9,3499.8,928.0,1330.0,6408.7,-1.9,-2.1,-1.7
2025-03-15 07:00:00,659.2,3506.6,930.6,1355.7,6452.1,-0.7,-1.6,-1.2
2025-03-15 08:00:00,659.0,3483.8,867.9,1364.0,6374.7,0.5,-0.1,-0.1
2025-03-15 09:00:00,716.0,3451.5,837.2,1364.5,6369.2,1.4,1.8,1.4
2025-03-15 10:00:00,749.5,3441.1,770.7,1362.7,6324.0,2.9,3.5,2.7
2025-03-15 11:00:00,665.1,3410.5,752.6,1360.9,6189.1,3.6,4.7,3.5
2025-03-15 12:00:00,607.9,3335.6,737.9,1349.7,6031.1,2.9,5.8,3.8
2025-03-15 13:00:00,643.2,3306.6,695.7,1337.8,5983.3,2.5,6.3,3.8
2025-03-15 14:00:00,696.7,3247.0,685.9,1335.5,5965.1,2.3,5.8,3.8
2025-03-15 15:00:00,653.3,3303.6,672.7,1359.4,5989.0,3.0,5.8,3.9
2025-03-15 16:00:00,729.2,3417.0,700.8,1373.7,6220.7,2.0,4.9,3.7
2025-03-15 17:00:00,780.7,3584.1,812.4,1403.1,6580.3,0.2,3.8,3.0
2025-03-15 18:00:00,737.7,3713.1,880.9,1429.0,6760.7,-1.4,3.2,2.1
2025-03-15 19:00:00,602.2,3638.5,853.0,1393.4,6487.1,-2.3,3.1,2.1
2025-03-15 20:00:00,567.1,3540.8,809.6,1342.0,6259.5,-3.1,2.7,2.3
2025-03-15 21:00:00,626.9,3469.5,776.5,1335.5,6208.4,-4.0,2.2,2.3
2025-03-15 22:00:00,606.8,3382.1,774.2,1311.5,6074.6,-4.5,1.5,2.2
2025-03-15 23:00:00,644.8,3275.9,744.3,1285.4,5950.4,-4.8,1.1,1.9
2025-03-16 00:00:00,648.8,3210.5,717.5,1264.7,5841.5,-5.0,1.4,1.9
2025-03-16 01:00:00,686.6,3154.8,700.6,1247.2,5789.2,-5.3,1.3,1.8
2025-03-16 02:00:00,670.7,3125.8,708.0,1233.3,5737.8,-6.5,1.4,2.3
2025-03-16 03:00:00,676.2,3132.0,696.0,1223.7,5727.9,-7.0,1.2,2.5
2025-03-16 04:00:00,714.6,3135.5,698.8,1229.8,5778.7,-6.3,0.9,2.9
2025-03-16 05:00:00,704.8,3167.8,717.2,1239.1,5828.9,-6.4,0.9,3.1
2025-03-16 06:00:00,671.2,3242.4,732.8,1242.9,5889.3,-7.1,0.8,3.4
2025-03-16 07:00:00,634.6,3304.0,744.6,1264.9,5948.1,-6.9,1.0,3.4
2025-03-16 08:00:00,599.5,3266.2,773.3,1268.0,5907.0,-5.7,1.4,4.0
2025-03-16 09:00:00,631.0,3258.7,786.6,1293.2,5969.5,-4.8,1.9,4.3
2025-03-16 10:00:00,599.7,3177.6,792.0,1310.5,5879.8,-4.3,2.7,4.8
2025-03-16 11:00:00,580.9,3217.6,795.2,1304.1,5897.8,-3.6,3.4,5.2
2025-03-16 12:00:00,537.3,3246.6,779.4,1299.3,5862.6,-3.1,3.6,5.6
2025-03-16 13:00:00,561.4,3219.6,738.8,1292.2,5812.0,-3.0,3.6,6.0
2025-03-16 14:00:00,647.6,3268.8,689.9,1285.9,5892.2,-1.2,3.1,7.1
2025-03-16 15:00:00,709.3,3317.3,701.1,1307.9,6035.6,-1.5,2.9,7.4
2025-03-16 16:00:00,719.0,3428.7,768.4,1294.3,6210.4,-1.6,2.7,6.8
2025-03-16 17:00:00,709.7,3758.7,841.5,1290.7,6600.6,-2.5,0.1,5.8
2025-03-16 18:00:00,713.6,3984.5,886.6,1364.0,6948.7,-3.6,-0.5,5.7
2025-03-16 19:00:00,687.8,3917.7,850.1,1371.0,6826.6,-3.9,-1.3,4.9
2025-03-16 20:00:00,709.7,3871.8,834.3,1352.2,6768.0,-4.5,-1.6,3.8
2025-03-16 21:00:00,663.7,3798.8,778.2,1387.8,6628.5,-4.8,-1.7,2.6
2025-03-16 22:00:00,663.2,3702.4,781.1,1373.5,6520.2,-5.5,-1.5,1.9
2025-03-16 23:00:00,618.4,3622.6,806.4,1340.3,6387.7,-6.2,-1.5,1.5
2025-03-17 00:00:00,705.4,3511.2,806.1,1313.9,6336.6,-6.6,-1.5,1.0
2025-03-17 01:00:00,674.2,3502.0,788.6,1303.2,6268.0,-6.2,-1.8,0.5
2025-03-17 02:00:00,661.6,3526.8,778.8,1301.8,6269.0,-5.1,-2.5,-0.0
2025-03-17 03:00:00,628.3,3495.5,759.8,1309.1,6192.7,-4.9,-2.9,-0.6
2025-03-17 04:00:00,652.9,3586.4,782.2,1337.9,6359.4,-4.8,-3.1,-1.1
2025-03-17 05:00:00,700.2,3699.8,845.2,1371.1,6616.3,-4.8,-3.4,-1.4
2025-03-17 06:00:00,687.8,3964.6,948.5,1401.0,7001.9,-4.2,-3.5,-1.6
2025-03-17 07:00:00,690.0,4118.7,980.7,1399.9,7189.3,-3.5,-3.0,-1.0
2025-03-17 08:00:00,771.2,4073.4,981.2,1387.4,7213.2,-2.5,-1.8,-0.3
2025-03-17 09:00:00,761.4,3953.6,942.4,1380.8,7038.2,-1.5,-0.5,0.5
2025-03-17 10:00:00,684.7,3748.0,892.1,1390.8,6715.6,-0.8,0.8,1.3
2025-03-17 11:00:00,670.1,3671.8,880.6,1380.3,6602.8,0.1,2.0,2.1
2025-03-17 12:00:00,715.2,3616.7,849.5,1382.2,6563.6,0.7,3.3,2.8
2025-03-17 13:00:00,686.0,3523.5,804.1,1354.4,6368.0,1.2,4.2,3.5
2025-03-17 14:00:00,701.8,3560.3,782.8,1329.8,6374.7,1.0,4.5,4.1
2025-03-17 15:00:00,705.4,3633.0,760.4,1323.8,6422.6,0.7,4.3,4.2
2025-03-17 16:00:00,674.0,3663.6,785.7,1306.8,6430.1,0.3,3.9,4.1
2025-03-17 17:00:00,683.3,3871.8,874.6,1313.2,6742.9,-0.7,3.1,3.8
2025-03-17 18:00:00,708.3,3971.5,931.2,1328.5,6939.5,-2.0,2.2,3.0
2025-03-17 19:00:00,710.5,3742.8,937.0,1312.7,6703.0,-2.3,2.2,2.5
2025-03-17 20:00:00,677.4,3655.5,881.7,1269.4,6484.0,-2.3,2.7,2.5
2025-03-17 21:00:00,671.6,3582.8,840.0,1277.4,6371.8,-2.5,2.7,2.3
2025-03-17 22:00:00,621.0,3480.2,822.5,1256.7,6180.4,-3.1,2.4,2.0
2025-03-17 23:00:00,594.1,3348.6,793.5,1223.8,5960.0,-3.5,2.4,1.9
2025-03-18 00:00:00,628.3,3326.1,809.0,1218.1,5981.5,-3.5,2.5,1.8
2025-03-18 01:00:00,578.6,3281.2,782.8,1220.4,5863.0,-3.5,2.8,1.8
2025-03-18 02:00:00,594.1,3209.8,790.9,1197.9,5792.7,-3.8,2.9,1.8
2025-03-18 03:00:00,588.6,3236.9,782.2,1206.8,5814.5,-3.8,3.2,1.8
2025-03-18 04:00:00,529.5,3270.7,787.1,1234.6,5821.9,-2.8,3.1,2.2
2025-03-18 05:00:00,542.1,3364.9,821.1,1277.8,6005.9,-1.9,3.0,2.4
2025-03-18 06:00:00,611.7,3561.3,878.3,1318.8,6370.1,-1.8,2.5,2.1
2025-03-18 07:00:00,716.4,3771.8,965.4,1341.8,6795.4,-1.4,2.8,2.5
2025-03-18 08:00:00,708.7,3740.2,960.3,,5409.2,0.2,3.9,3.0
2025-03-18 09:00:00,692.1,3640.8,899.0,1356.3,6588.2,2.5,6.1,3.4
2025-03-18 10:00:00,621.7,3412.1,860.7,1366.9,6261.4,5.7,6.9,4.2
2025-03-18 11:00:00,609.3,3275.3,832.3,1357.6,6074.5,6.4,8.2,5.3
2025-03-18 12:00:00,593.0,3152.2,811.9,1340.0,5897.1,6.6,9.4,5.9
2025-03-18 13:00:00,576.0,3023.2,794.0,1326.2,5719.4,6.4,10.0,6.6
2025-03-18 14:00:00,693.3,2972.3,748.0,1301.9,5715.5,6.2,10.7,6.6
2025-03-18 15:00:00,712.7,3067.8,755.2,1326.8,5862.5,6.0,10.8,6.7
2025-03-18 16:00:00,695.5,3231.6,753.5,1330.8,6011.4,5.5,10.2,6.5
2025-03-18 17:00:00,694.7,3484.1,821.9,1340.4,6341.1,4.8,8.6,6.1
2025-03-18 18:00:00,724.1,3607.3,815.6,1384.8,6531.8,4.2,6.6,5.5
2025-03-18 19:00:00,673.6,3540.5,848.4,1371.9,6434.4,4.0,5.4,5.1
2025-03-18 20:00:00,695.7,3463.6,820.8,1310.1,6290.2,3.7,4.8,4.6
2025-03-18 21:00:00,677.0,3419.6,776.5,1309.9,6183.0,3.5,3.9,4.4
2025-03-18 22:00:00,639.3,3300.4,752.9,1275.0,5967.6,2.6,3.3,4.2
2025-03-18 23:00:00,619.4,3166.2,727.9,1235.2,5748.7,1.8,2.7,4.0
2025-03-19 00:00:00,507.0,3099.7,710.1,1217.9,5534.7,1.3,2.1,3.9
2025-03-19 01:00:00,508.4,3052.5,725.0,1192.7,5478.6,1.2,1.7,3.5
2025-03-19 02:00:00,606.4,3045.6,734.2,1178.7,5564.9,1.1,2.5,3.4
2025-03-19 03:00:00,668.7,3055.7,731.6,1178.7,5634.7,0.4,2.0,2.8
2025-03-19 04:00:00,664.3,3110.8,718.7,1209.8,5703.6,-0.3,1.7,2.5
2025-03-19 05:00:00,586.6,3199.1,757.8,1265.3,5808.8,-1.2,1.3,2.3
2025-03-19 06:00:00,741.4,3506.6,826.0,1311.7,6385.7,-2.1,1.1,2.2
2025-03-19 07:00:00,,3730.1,877.1,1335.6,5942.8,-2.1,1.6,2.4
2025-03-19 08:00:00,732.8,3696.8,895.5,1341.1,6666.2,-1.5,2.8,3.4
2025-03-19 09:00:00,710.3,3555.1,904.7,1322.2,6492.3,-0.7,4.3,4.2
2025-03-19 10:00:00,694.7,3388.7,882.0,1309.2,6274.6,0.2,5.9,4.9
2025-03-19 11:00:00,696.5,3306.2,833.7,1286.2,6122.6,0.7,7.6,5.9
2025-03-19 12:00:00,655.5,3234.9,835.2,1273.8,5999.4,0.9,9.1,6.7
2025-03-19 13:00:00,692.9,3152.2,810.1,1270.1,5925.3,1.1,10.3,7.1
2025-03-19 14:00:00,639.5,3166.8,779.9,,4586.2,1.3,10.8,6.9
2025-03-19 15:00:00,609.3,3231.0,791.7,1299.1,5931.1,1.0,10.9,6.9
2025-03-19 16:00:00,628.3,3299.7,826.8,1279.7,6034.5,0.4,10.6,6.2
2025-03-19 17:00:00,713.8,3501.4,862.2,1273.2,6350.6,-0.5,9.2,6.0
2025-03-19 18:00:00,751.5,3645.0,882.9,1324.6,6604.0,-2.1,7.2,5.4
2025-03-19 19:00:00,,3626.8,851.8,1318.6,5797.2,-2.8,6.3,5.3
2025-03-19 20:00:00,709.3,3561.3,863.3,1289.7,6423.6,-3.2,5.2,5.3
2025-03-19 21:00:00,662.0,3430.4,827.4,1285.3,6205.1,-3.8,4.1,4.7
2025-03-19 22:00:00,665.3,3304.6,782.5,1260.6,6013.0,-4.5,3.3,4.1
2025-03-19 23:00:00,664.3,3210.1,759.2,1234.1,5867.7,-4.9,2.6,3.6
2025-03-20 00:00:00,700.0,3217.6,761.5,1223.4,5902.5,-5.3,2.0,3.4
2025-03-20 00:00:00,700.0,3217.6,761.5,1223.4,5902.5,-5.3,2.0,3.4
2025-03-20 01:00:00,658.8,3163.9,724.7,1202.0,5749.4,-5.7,1.6,2.9
2025-03-20 02:00:00,693.5,3169.1,733.6,1192.2,5788.4,-5.0,1.6,1.8
2025-03-20 03:00:00,636.3,3159.3,769.9,1196.4,5761.9,-5.4,1.0,2.4
2025-03-20 04:00:00,589.0,3170.7,786.3,1214.7,5760.7,-5.6,0.7,2.3
2025-03-20 05:00:00,637.5,3229.4,821.6,1237.2,5925.7,-5.6,0.3,2.3
2025-03-20 06:00:00,679.7,3471.1,896.7,1264.3,6311.8,-5.8,0.0,2.5
2025-03-20 07:00:00,764.7,3634.6,911.9,1280.4,6591.6,-5.7,0.3,3.2
2025-03-20 08:00:00,733.6,3688.7,873.4,1271.1,6566.8,-4.7,1.1,4.6
2025-03-20 09:00:00,682.5,3616.4,841.5,1255.8,6396.2,-2.8,2.1,5.3
2025-03-20 10:00:00,646.6,3526.1,803.8,1245.7,6222.2,-1.3,3.2,5.6
2025-03-20 11:00:00,587.4,3400.4,784.0,1234.3,6006.1,-0.5,4.4,6.2
2025-03-20 12:00:00,534.4,3316.3,752.9,1225.2,5828.8,0.3,5.8,7.2
2025-03-20 13:00:00,601.4,3192.2,722.4,1227.9,5743.9,0.6,7.1,8.0
2025-03-20 14:00:00,,3176.9,725.9,1226.6,5129.4,1.3,8.5,9.1
2025-03-20 15:00:00,634.8,3194.5,753.2,1229.4,5811.9,1.0,8.5,9.5
2025-03-20 16:00:00,621.7,3272.0,,1221.3,5115.0,0.3,8.0,9.1
2025-03-20 17:00:00,644.6,3446.3,819.0,1234.1,6144.0,0.2,6.7,8.4
2025-03-20 18:00:00,684.5,3624.5,841.5,1263.9,6414.4,-1.4,5.1,7.5
2025-03-20 19:00:00,,3628.4,846.1,1254.4,5728.9,-2.6,4.2,6.9
2025-03-20 20:00:00,644.8,3559.7,795.2,1217.2,6216.9,-3.6,3.5,6.4
2025-03-20 21:00:00,640.7,3494.2,773.9,1219.6,6128.4,-4.6,3.0,6.4
2025-03-20 22:00:00,658.0,3385.1,756.9,1198.2,5998.2,-5.5,1.8,5.1
2025-03-20 23:00:00,608.5,3287.4,744.0,1176.1,5816.0,-6.4,1.0,4.2
2025-03-21 00:00:00,657.0,3183.8,708.6,1153.7,5703.1,-7.0,1.2,3.5
2025-03-21 01:00:00,639.7,3068.8,666.3,1136.1,5510.9,-7.5,1.2,3.0
2025-03-21 02:00:00,672.6,2970.1,672.4,1141.4,5456.5,-7.6,1.0,2.5
2025-03-21 03:00:00,669.7,2986.0,674.1,1150.3,5480.1,-8.2,0.6,2.1
2025-03-21 04:00:00,691.7,3011.4,684.2,1181.0,5568.3,-8.7,0.2,1.7
2025-03-21 05:00:00,660.0,3200.4,705.7,1228.4,5794.5,-9.0,-0.1,1.4
2025-03-21 06:00:00,705.9,3461.6,755.2,1263.8,6186.5,-9.3,-0.3,1.0
2025-03-21 07:00:00,714.2,3636.6,830.3,,5181.1,-8.8,0.4,1.2
2025-03-21 08:00:00,,3630.7,855.3,1276.5,5762.5,-7.3,1.7,2.5
2025-03-21 09:00:00,682.5,3501.1,818.2,1236.1,6237.9,-5.2,3.4,4.5
2025-03-21 10:00:00,696.9,3380.2,790.0,1229.5,6096.6,-2.9,5.3,6.8
2025-03-21 11:00:00,626.1,3255.4,767.9,1224.1,5873.5,-1.0,6.8,8.6
2025-03-21 12:00:00,585.9,3218.0,737.7,1209.1,5750.7,-0.3,7.7,9.6
2025-03-21 13:00:00,602.4,3141.7,698.0,1195.8,5637.9,-0.4,8.0,10.1
2025-03-21 14:00:00,610.7,3099.7,671.8,1194.1,5576.3,0.1,8.6,10.6
2025-03-21 15:00:00,670.8,3102.3,651.1,1201.2,5625.4,-0.4,8.2,10.1
2025-03-21 16:00:00,699.4,3173.3,662.3,1202.1,5737.1,-0.7,7.4,9.1
2025-03-21 17:00:00,723.9,3343.4,733.9,1219.2,6020.4,-1.3,6.0,7.8
2025-03-21 18:00:00,645.2,3445.0,811.6,1273.1,6174.9,-1.8,3.6,6.1
2025-03-21 19:00:00,578.8,3385.4,830.0,1284.6,6078.8,-1.6,2.1,4.5
2025-03-21 20:00:00,521.2,3236.2,806.4,1262.4,5826.2,-1.4,1.4,3.9
2025-03-21 21:00:00,516.6,3103.0,756.6,1266.4,5642.6,-1.2,1.0,3.4
2025-03-21 22:00:00,579.7,3060.6,749.7,1262.9,5652.9,-1.5,0.8,3.1
2025-03-21 23:00:00,544.1,3047.6,730.5,1245.0,5567.2,-1.8,0.6,2.7
2025-03-22 00:00:00,539.5,3011.7,707.2,1251.7,5510.1,-2.2,0.4,2.4
2025-03-22 01:00:00,501.1,3012.7,687.6,1237.5,5438.9,-2.3,0.3,2.2
2025-03-22 02:00:00,515.5,2961.3,693.7,1230.7,5401.2,-1.8,-1.2,1.9
2025-03-22 03:00:00,491.8,2958.6,705.2,1225.9,5381.5,-1.8,-1.1,2.1
2025-03-22 04:00:00,530.2,2992.9,722.7,1239.2,5485.0,-1.7,-0.6,2.3
2025-03-22 05:00:00,533.0,3006.5,719.5,1250.2,5509.2,-1.4,-1.4,2.6
2025-03-22 06:00:00,502.1,2991.2,724.7,1256.7,5474.7,-0.8,-0.9,2.9
2025-03-22 07:00:00,548.8,3059.0,756.4,1263.1,5627.3,0.0,0.6,3.4
2025-03-22 08:00:00,598.3,3181.8,753.8,1260.6,5794.5,1.0,2.0,4.9
2025-03-22 09:00:00,582.5,3231.3,751.8,1255.6,5821.2,1.6,3.6,6.1
2025-03-22 10:00:00,528.7,3198.1,741.1,1258.3,5726.2,2.3,4.8,7.3
2025-03-22 11:00:00,507.8,3131.0,723.3,1244.2,5606.3,3.1,5.8,8.6
2025-03-22 12:00:00,532.6,3095.1,701.4,1233.3,5562.4,3.7,6.3,9.7
2025-03-22 13:00:00,,3010.1,691.6,1230.2,4931.9,3.9,6.3,9.9
2025-03-22 14:00:00,591.6,2878.2,659.1,1222.7,5351.6,3.4,5.6,9.2
2025-03-22 15:00:00,677.2,2865.2,668.4,1222.6,5433.4,3.4,5.2,8.5
2025-03-22 16:00:00,726.1,3015.0,672.4,1236.9,5650.4,3.2,4.3,7.6
2025-03-22 17:00:00,792.1,3249.9,742.5,1267.3,6051.8,2.6,2.8,6.3
2025-03-22 18:00:00,594.9,3372.1,790.9,1309.9,6067.8,2.2,1.0,5.2
2025-03-22 19:00:00,555.7,3299.1,786.3,1292.8,5933.9,2.0,0.5,5.0
2025-03-22 20:00:00,604.4,3209.5,768.4,1254.7,5837.0,1.6,0.3,5.3
2025-03-22 21:00:00,580.3,3130.7,740.0,1252.2,5703.2,1.2,0.3,5.6
2025-03-22 22:00:00,581.3,3115.7,688.5,1227.0,5612.5,0.9,0.5,6.2
2025-03-22 23:00:00,584.1,3021.2,650.8,1224.0,5480.1,0.7,0.7,7.0
2025-03-23 00:00:00,498.9,2938.5,620.6,1205.3,5263.3,0.5,0.7,7.2
2025-03-23 01:00:00,527.7,2935.5,610.8,1193.5,5267.5,0.4,0.7,7.1
2025-03-23 02:00:00,542.7,2985.4,625.2,1186.2,5339.5,0.6,0.4,6.9
2025-03-23 03:00:00,544.4,3014.4,639.0,1191.0,5388.8,0.7,-0.7,6.5
2025-03-23 04:00:00,570.5,3024.5,646.5,1199.9,5441.4,0.8,-0.6,6.0
2025-03-23 05:00:00,551.5,3075.3,652.0,1197.6,5476.4,0.8,-0.2,5.7
2025-03-23 06:00:00,,3058.7,649.1,1211.3,4919.1,0.9,0.2,5.4
2025-03-23 07:00:00,563.0,3046.6,663.5,1220.0,5493.1,1.5,1.1,5.6
2025-03-23 08:00:00,688.4,3032.9,679.6,1210.4,5611.3,2.5,2.8,6.5
2025-03-23 09:00:00,777.1,2972.3,648.8,1187.3,5585.5,3.6,4.6,7.4
2025-03-23 10:00:00,710.3,2917.9,631.0,1169.0,5428.2,4.6,5.9,8.3
2025-03-23 11:00:00,652.1,2834.5,621.2,1152.1,5259.9,5.4,6.5,8.9
2025-03-23 12:00:00,565.5,2779.1,594.4,1155.5,5094.5,5.8,6.5,9.2
2025-03-23 13:00:00,580.3,2793.2,599.9,1141.1,5114.5,5.8,6.1,9.4
2025-03-23 14:00:00,618.0,2769.0,625.8,1140.4,5153.2,6.2,5.7,9.4
2025-03-23 15:00:00,679.5,2836.5,645.3,1152.4,5313.7,6.3,5.2,8.6
2025-03-23 16:00:00,702.0,2967.1,683.6,1179.0,5531.7,5.1,4.5,7.7
2025-03-23 17:00:00,710.9,3242.4,755.5,1219.9,5928.7,4.2,3.5,6.6
2025-03-23 18:00:00,570.5,3431.0,794.6,1299.6,6095.7,3.5,2.2,5.6
2025-03-23 19:00:00,473.3,3403.3,790.6,1285.2,5952.4,3.1,1.5,4.9
2025-03-23 20:00:00,562.2,3344.0,751.8,1255.6,5913.6,2.2,1.4,4.8
2025-03-23 21:00:00,526.5,3255.8,745.1,1271.2,5798.6,1.3,1.7,4.8
2025-03-23 22:00:00,423.8,3180.5,719.5,1250.3,5574.1,0.8,1.8,4.9
2025-03-23 23:00:00,444.5,3112.7,695.1,1215.9,5468.2,0.4,1.6,5.0
2025-03-24 00:00:00,561.6,3142.1,659.4,1192.1,5555.2,0.3,1.4,5.0
2025-03-24 01:00:00,544.6,3133.3,639.0,1172.8,5489.7,0.4,1.2,4.8
2025-03-24 02:00:00,573.6,3152.8,661.2,1179.1,5566.7,0.7,-0.8,4.1
2025-03-24 03:00:00,605.6,3190.9,671.5,1194.3,5662.3,0.5,-1.0,3.9
2025-03-24 04:00:00,628.3,3242.7,708.3,1222.1,5801.4,0.2,-1.0,3.7
2025-03-24 05:00:00,701.6,3370.4,738.2,1260.4,6070.6,0.1,-1.1,3.3
2025-03-24 06:00:00,678.5,3611.8,810.7,1306.4,6407.4,-0.2,-1.0,3.1
2025-03-24 07:00:00,705.4,3749.3,855.0,1306.5,6616.2,0.2,1.0,3.5
2025-03-24 08:00:00,730.4,3702.4,877.4,1272.1,6582.3,0.5,2.7,4.6
2025-03-24 09:00:00,682.1,3553.5,834.0,1286.8,6356.4,0.7,4.4,6.4
2025-03-24 10:00:00,591.8,3443.1,797.5,1299.6,6132.0,0.7,5.9,8.2
2025-03-24 11:00:00,543.5,3352.2,767.0,1310.4,5973.1,0.6,7.2,9.3
2025-03-24 12:00:00,577.8,3308.9,742.5,1304.6,5933.8,0.5,8.0,9.6
2025-03-24 13:00:00,642.1,3262.6,729.9,1292.1,5926.7,0.7,8.5,9.2
2025-03-24 14:00:00,632.6,3280.5,714.7,1277.3,5905.1,1.1,8.5,9.7
2025-03-24 15:00:00,653.1,3303.0,722.4,1288.8,5967.3,1.0,8.2,9.7
2025-03-24 16:00:00,654.3,3372.4,734.5,1304.4,6065.6,1.1,7.5,9.6
2025-03-24 17:00:00,674.4,3510.8,789.7,1315.5,6290.4,0.8,5.4,8.6
2025-03-24 18:00:00,681.9,3544.7,807.8,1343.4,6377.8,0.3,2.9,7.0
2025-03-24 19:00:00,691.0,3524.2,812.1,1333.2,6360.5,0.3,1.8,5.4
2025-03-24 20:00:00,713.2,,766.7,1293.1,2773.0,0.0,1.6,4.5
2025-03-24 21:00:00,717.4,3393.2,751.8,1289.5,6151.9,0.0,1.9,4.1
2025-03-24 22:00:00,738.7,3297.1,734.5,1262.5,6032.8,0.4,1.9,4.1
2025-03-24 23:00:00,625.3,3176.3,688.8,1223.1,5713.5,0.3,2.2,4.2
2025-03-25 00:00:00,627.9,3041.7,673.2,1197.1,5539.9,-0.1,2.6,4.2
2025-03-25 01:00:00,648.8,2918.9,654.0,1177.5,5399.2,-0.2,3.7,4.3
2025-03-25 02:00:00,657.0,2869.4,664.9,1161.1,5352.4,-0.3,4.9,4.4
2025-03-25 03:00:00,625.9,2863.5,659.4,1159.9,5308.7,0.4,4.8,4.5
2025-03-25 04:00:00,611.3,2860.9,657.7,1189.2,5319.1,1.0,4.3,4.5
2025-03-25 05:00:00,627.5,2993.5,712.9,1245.0,5578.9,1.1,3.9,4.5
2025-03-25 06:00:00,690.8,3301.4,788.0,1300.0,6080.2,1.7,4.0,4.6
2025-03-25 07:00:00,646.2,3535.6,826.5,1325.1,6333.4,2.5,4.1,5.0
2025-03-25 08:00:00,777.1,3626.5,838.6,1330.0,6572.2,3.7,4.3,5.3
2025-03-25 09:00:00,705.6,3692.0,846.4,1308.8,6552.8,4.5,4.7,5.4
2025-03-25 10:00:00,649.2,3731.1,856.7,1314.3,6551.3,5.0,5.7,5.4
2025-03-25 11:00:00,597.3,3765.9,851.5,1296.2,6510.9,5.1,5.9,5.7
2025-03-25 12:00:00,591.8,3755.5,857.6,1292.4,6497.3,5.2,6.5,6.0
2025-03-25 13:00:00,544.6,3685.8,821.6,1282.3,6334.3,4.8,6.5,6.3
2025-03-25 14:00:00,556.1,3605.0,811.3,1252.9,6225.3,4.5,7.5,7.2
2025-03-25 15:00:00,605.2,3601.1,832.6,1242.1,6281.0,4.0,7.8,7.2
2025-03-25 16:00:00,680.3,,847.2,1232.0,2759.5,3.3,7.3,7.0
2025-03-25 17:00:00,697.3,3660.0,875.7,1226.3,6459.3,2.1,7.3,7.1
2025-03-25 18:00:00,722.1,3682.2,896.4,1256.1,6556.8,0.8,6.6,6.9
2025-03-25 19:00:00,741.8,3657.1,895.5,1253.4,6547.8,0.1,6.2,7.0
2025-03-25 20:00:00,701.4,3553.5,846.9,1215.9,6317.7,-0.7,5.8,7.2
2025-03-25 21:00:00,661.0,3405.9,773.3,1209.0,6049.2,-1.5,5.6,7.4
2025-03-25 22:00:00,637.9,3246.3,769.9,1187.0,5841.1,-2.4,5.1,7.6
2025-03-25 23:00:00,630.0,3055.1,769.0,1156.8,5610.9,-3.1,5.0,7.5
2025-03-26 00:00:00,624.3,2941.7,699.7,1140.0,5405.7,-3.6,4.6,7.4
2025-03-26 01:00:00,625.7,2916.0,668.4,1115.3,5325.4,-4.0,4.2,6.8
2025-03-26 02:00:00,622.3,2875.3,635.0,1104.1,5236.7,-3.4,3.8,6.6
2025-03-26 03:00:00,634.2,2891.9,629.8,1100.4,5256.3,-3.9,3.8,6.6
2025-03-26 04:00:00,656.5,2906.9,653.1,1122.0,5338.5,-4.3,3.5,6.6
2025-03-26 05:00:00,660.0,2998.7,689.1,1158.3,5506.1,-4.6,3.3,6.6
2025-03-26 06:00:00,686.6,3230.3,742.3,1170.3,5829.5,-4.6,3.2,6.7
2025-03-26 07:00:00,698.7,3559.0,804.1,1177.1,6238.9,-3.7,3.3,6.7
2025-03-26 08:00:00,664.1,3581.8,799.5,1179.3,6224.7,-1.9,3.6,6.7
2025-03-26 09:00:00,655.5,3532.7,797.5,1148.4,6134.1,-0.1,4.5,7.3
2025-03-26 10:00:00,653.3,3508.9,804.1,1142.3,6108.6,1.5,5.6,8.2
2025-03-26 11:00:00,642.1,3499.4,770.7,1135.7,6047.9,2.6,6.3,8.7
2025-03-26 12:00:00,674.8,3417.0,735.6,1129.5,5956.9,2.9,7.2,9.1
2025-03-26 13:00:00,593.4,3306.6,734.5,1127.7,5762.2,3.1,7.4,9.3
2025-03-26 14:00:00,605.0,3257.7,683.0,1148.3,5694.0,2.9,7.8,7.9
2025-03-26 15:00:00,640.5,3241.1,668.9,1152.8,5703.3,2.4,8.0,7.7
2025-03-26 16:00:00,690.2,3313.7,692.5,1163.6,5860.0,2.1,8.0,7.6
2025-03-26 17:00:00,730.2,3448.9,758.9,1186.7,6124.7,1.7,7.2,7.5
2025-03-26 18:00:00,671.4,3562.0,806.4,1271.9,6311.7,1.5,5.6,6.8
2025-03-26 19:00:00,653.1,3527.8,827.7,1308.3,6316.9,1.6,4.8,6.0
2025-03-26 20:00:00,677.4,3395.2,802.9,1280.3,6155.8,2.0,4.3,5.7
2025-03-26 21:00:00,722.7,3288.0,793.5,1283.9,6088.1,1.8,3.9,5.5
2025-03-26 22:00:00,658.2,3167.1,776.8,1262.2,5864.3,1.3,3.3,5.2
2025-03-26 23:00:00,584.1,3034.2,757.8,1225.9,5602.0,0.9,3.0,4.4
2025-03-27 00:00:00,570.7,3034.9,734.8,1206.7,5547.1,0.5,2.6,4.5
2025-03-27 01:00:00,617.6,2954.1,709.5,1189.1,5470.3,0.4,2.3,4.7
2025-03-27 02:00:00,629.0,2909.8,683.3,1183.7,5405.8,0.9,2.6,2.9
2025-03-27 03:00:00,635.0,2899.0,659.7,1190.8,5384.5,0.8,2.4,3.5
2025-03-27 04:00:00,629.2,2917.9,670.4,1209.8,5427.3,0.6,2.3,3.2
2025-03-27 05:00:00,590.4,3010.4,686.2,1274.3,5561.3,0.4,2.2,3.1
2025-03-27 06:00:00,645.2,3301.7,758.1,1316.6,6021.6,0.9,2.3,3.1
2025-03-27 07:00:00,755.0,3499.1,847.5,1322.3,6423.9,1.5,3.4,3.7
2025-03-27 08:00:00,,3550.9,853.0,1318.7,5722.6,1.8,4.1,4.7
2025-03-27 09:00:00,632.2,3575.3,833.1,1277.0,6317.6,2.2,5.5,5.8
2025-03-27 10:00:00,646.0,3605.3,825.7,1270.7,6347.7,2.6,6.7,6.8
2025-03-27 11:00:00,671.2,3670.5,772.7,1259.5,6373.9,3.2,8.3,7.7
2025-03-27 12:00:00,589.2,3651.6,769.9,1262.1,6272.8,4.2,8.3,8.0
2025-03-27 13:00:00,577.8,3606.0,801.5,1264.4,6249.7,3.7,8.1,8.1
2025-03-27 14:00:00,589.8,3576.6,804.1,1260.6,6231.1,5.3,7.7,8.7
2025-03-27 15:00:00,637.7,3543.7,787.7,1255.2,6224.3,6.0,7.6,8.5
2025-03-27 16:00:00,667.3,3576.0,761.0,1256.5,6260.8,6.2,7.7,8.6
2025-03-27 17:00:00,660.4,3710.9,778.8,1276.0,6426.1,5.4,6.9,8.5
2025-03-27 18:00:00,599.7,3709.9,818.8,1316.8,6445.2,4.5,6.9,8.1
2025-03-27 19:00:00,614.1,3670.1,863.6,1315.2,6463.0,4.2,7.0,7.7
2025-03-27 20:00:00,612.1,3543.1,842.9,1270.2,6268.3,3.8,7.1,7.3
2025-03-27 21:00:00,670.5,3380.2,794.0,1260.2,6104.9,3.2,7.1,7.1
2025-03-27 22:00:00,695.7,3274.6,752.9,1230.6,5953.8,3.0,7.2,6.9
2025-03-27 23:00:00,665.9,3083.4,,1185.3,4934.6,3.1,7.4,6.6
2025-03-28 00:00:00,564.0,2952.8,714.9,1162.4,5394.1,3.1,7.6,6.4
2025-03-28 01:00:00,502.6,2842.3,681.0,1139.5,5165.4,2.8,7.6,6.3
2025-03-28 02:00:00,550.8,2807.5,666.3,1124.2,5148.8,2.9,7.8,6.4
2025-03-28 03:00:00,586.3,2791.5,,1128.0,4505.8,2.1,7.8,6.1
2025-03-28 04:00:00,597.9,2799.7,690.2,1149.0,5236.8,1.8,7.8,5.8
2025-03-28 05:00:00,540.7,2863.2,724.7,1209.6,5338.2,2.0,8.0,5.5
2025-03-28 06:00:00,510.7,3139.8,777.6,1267.7,5695.8,2.0,8.1,5.3
2025-03-28 07:00:00,591.4,3366.8,,1311.3,5269.5,2.2,8.3,5.7
2025-03-28 08:00:00,690.2,3414.7,765.6,1335.5,6206.0,2.6,8.5,6.3
2025-03-28 09:00:00,701.6,3360.6,723.9,1339.8,6125.9,3.1,8.6,6.9
2025-03-28 10:00:00,,3312.1,700.8,1342.0,5354.9,2.0,9.3,7.4
2025-03-28 11:00:00,635.7,3216.0,697.4,1338.7,5887.8,2.3,11.0,7.9
2025-03-28 12:00:00,640.3,3093.2,665.8,1322.0,5721.3,2.5,12.6,8.3
2025-03-28 13:00:00,,2978.5,649.4,1307.2,4935.1,1.9,13.5,8.7
2025-03-28 14:00:00,602.2,2913.0,628.7,1293.9,5437.8,1.8,14.4,9.6
2025-03-28 15:00:00,574.6,2905.9,631.8,1303.7,5416.0,1.8,14.4,9.9
2025-03-28 16:00:00,592.2,2991.9,647.9,1312.8,5544.8,2.5,14.0,10.0
2025-03-28 17:00:00,608.5,3211.8,723.6,1302.4,5846.3,3.0,12.7,9.8
2025-03-28 18:00:00,592.2,3333.0,777.9,1321.5,6024.6,3.7,10.0,8.8
2025-03-28 19:00:00,647.6,3284.7,761.8,,4694.1,3.7,8.2,7.8
2025-03-28 20:00:00,691.7,3171.4,706.3,1256.5,5825.9,3.5,7.5,7.2
2025-03-28 21:00:00,671.0,2961.3,677.0,,4309.3,3.2,6.9,7.0
2025-03-28 22:00:00,675.8,2882.1,648.5,1216.5,5422.9,3.4,6.4,7.0
2025-03-28 23:00:00,567.9,2878.5,630.7,1170.9,5248.0,3.8,5.9,6.9
2025-03-29 00:00:00,502.2,2856.0,632.7,1140.1,5131.0,3.5,5.6,6.8
2025-03-29 01:00:00,484.3,2815.3,615.7,1114.9,5030.2,2.7,5.5,6.1
2025-03-29 02:00:00,,2793.8,594.4,1093.8,4482.0,3.2,5.2,4.8
2025-03-29 03:00:00,544.3,2748.2,612.3,1098.6,5003.4,2.6,4.8,4.4
2025-03-29 04:00:00,525.3,2711.1,648.5,1102.8,4987.7,2.5,4.5,3.5
2025-03-29 05:00:00,538.9,2703.2,665.8,1110.9,5018.8,1.9,4.0,3.2
2025-03-29 06:00:00,600.3,2737.8,663.2,1119.4,5120.7,1.6,3.8,4.3
2025-03-29 07:00:00,582.1,2811.7,656.0,1149.1,5198.9,1.9,4.9,5.1
2025-03-29 08:00:00,576.8,2883.1,660.0,1162.4,5282.3,2.6,6.4,6.0
2025-03-29 09:00:00,502.8,2917.6,656.0,1162.7,5239.1,3.0,8.3,6.8
2025-03-29 10:00:00,456.3,2879.2,633.6,1157.1,5126.2,3.7,10.4,7.6
2025-03-29 11:00:00,488.4,2899.7,608.2,1138.9,5135.2,4.1,11.8,8.3
2025-03-29 12:00:00,568.1,2915.6,603.6,1130.0,5217.3,4.9,12.3,8.8
2025-03-29 13:00:00,606.6,2861.9,570.0,1131.9,5170.4,5.6,12.4,9.3
2025-03-29 14:00:00,591.0,,572.9,1128.5,2292.4,6.0,12.2,9.2
2025-03-29 15:00:00,575.4,2797.4,563.4,1155.9,5092.1,6.1,12.1,9.2
2025-03-29 16:00:00,615.6,2875.9,605.4,1164.8,5261.7,5.7,11.7,9.0
2025-03-29 17:00:00,688.8,3041.4,656.8,1190.2,5577.2,4.8,10.9,8.9
2025-03-29 18:00:00,784.4,3234.2,715.5,1229.5,5963.6,3.3,9.5,8.3
2025-03-29 19:00:00,675.4,3177.6,728.5,1224.4,5805.9,2.4,8.3,6.8
2025-03-29 20:00:00,579.5,3059.0,699.7,1178.4,5516.6,1.7,7.6,6.3
2025-03-29 21:00:00,530.6,3041.4,673.0,1181.1,5426.1,1.2,6.8,7.0
2025-03-29 22:00:00,538.7,2985.7,650.5,1161.3,5336.2,1.5,5.9,6.4
2025-03-29 23:00:00,582.3,2915.0,656.0,1123.1,5276.4,1.4,4.9,6.0
2025-03-30 00:00:00,649.7,2881.4,631.3,1101.3,5263.7,0.5,4.4,5.5
2025-03-30 01:00:00,630.6,2888.6,632.1,1082.7,5234.0,-1.4,3.9,5.0
2025-03-30 03:00:00,540.9,2860.3,642.5,1076.8,5120.5,0.6,3.2,4.8
2025-03-30 04:00:00,573.0,2823.1,641.9,1080.6,5118.6,0.3,2.5,5.1
2025-03-30 05:00:00,590.8,2835.2,632.1,1091.9,5150.0,-1.2,2.1,5.2
2025-03-30 06:00:00,593.9,2830.0,605.4,1088.1,5117.4,0.4,1.6,5.1
2025-03-30 07:00:00,601.0,2889.9,633.3,1101.0,5225.2,0.2,1.6,5.5
2025-03-30 08:00:00,596.3,2944.0,665.2,1090.5,5296.0,0.7,2.5,5.3
2025-03-30 09:00:00,584.5,3081.1,696.8,1061.4,5423.8,1.4,3.6,5.0
2025-03-30 10:00:00,550.8,3095.8,763.0,1060.8,5470.4,2.0,4.6,4.4
2025-03-30 11:00:00,570.9,3114.0,783.4,1047.5,5515.8,2.4,5.7,5.4
2025-03-30 12:00:00,539.5,3084.4,797.8,1040.4,5462.1,3.0,7.0,6.5
2025-03-30 13:00:00,539.3,3053.1,758.1,1029.3,5379.8,3.4,8.0,7.6
2025-03-30 14:00:00,554.9,3044.7,727.9,1019.3,5346.8,3.5,8.8,8.0
2025-03-30 15:00:00,534.8,3040.7,700.6,1027.7,5303.8,3.0,9.2,8.4
2025-03-30 16:00:00,574.6,3084.7,,1028.0,4687.3,2.9,9.2,7.6
2025-03-30 17:00:00,608.3,3239.1,738.5,1043.9,5629.8,2.2,8.8,8.0
2025-03-30 18:00:00,603.6,3340.5,769.6,1056.2,5769.9,1.1,7.8,7.6
2025-03-30 19:00:00,584.3,3395.5,794.3,1077.8,5851.9,-0.7,6.5,7.4
2025-03-30 20:00:00,588.4,3380.5,797.5,1070.1,5836.5,-1.2,5.5,6.9
2025-03-30 21:00:00,578.0,3283.4,767.3,1081.6,5710.3,-1.5,5.2,6.6
2025-03-30 22:00:00,627.5,3182.5,732.2,1071.8,5614.0,-1.7,4.7,6.6
2025-03-30 23:00:00,601.0,3040.1,714.7,1057.5,5413.3,-2.1,4.4,6.2
2025-03-31 00:00:00,590.2,2939.1,673.2,1016.1,5218.6,-2.2,3.9,5.9
2025-03-31 01:00:00,550.2,2945.3,659.1,996.4,5151.0,-1.6,3.6,5.8
2025-03-31 02:00:00,551.3,2941.4,638.4,993.7,5124.8,-1.1,3.3,5.5
2025-03-31 03:00:00,503.8,2921.8,648.8,1001.3,5075.7,-2.0,3.2,5.4
2025-03-31 04:00:00,526.3,2948.5,665.5,1026.3,5166.6,-1.9,3.0,4.9
2025-03-31 05:00:00,593.9,3095.1,704.0,1087.8,5480.8,-1.9,3.0,4.6
2025-03-31 06:00:00,630.0,3310.5,786.3,1127.5,5854.3,-1.6,2.9,4.7
2025-03-31 07:00:00,626.1,3471.7,866.8,1154.4,6119.0,-1.3,3.0,4.6
2025-03-31 08:00:00,695.3,3562.0,883.2,1168.8,6309.3,-0.3,3.4,4.7
2025-03-31 09:00:00,687.8,3579.6,870.8,1164.1,6302.3,0.5,4.7,4.7
2025-03-31 10:00:00,646.6,3482.8,857.9,1155.5,6142.8,0.2,5.9,5.4
2025-03-31 11:00:00,658.4,3429.1,836.6,1147.1,6071.2,0.8,7.6,6.1
2025-03-31 12:00:00,605.8,3336.5,812.4,1140.5,5895.2,1.2,9.1,6.7
2025-03-31 13:00:00,574.0,3286.4,818.5,1121.9,5800.8,2.4,10.4,7.4
2025-03-31 14:00:00,541.7,3207.9,783.1,1107.5,5640.2,3.4,11.3,7.6
2025-03-31 15:00:00,546.2,3154.4,776.5,1104.7,5581.8,4.2,10.6,8.0
2025-03-31 16:00:00,583.1,3106.9,761.5,1098.3,5549.8,3.9,10.2,7.9
2025-03-31 17:00:00,585.9,3170.7,770.7,1098.3,5625.6,4.0,10.2,7.6
2025-03-31 18:00:00,638.7,3224.5,773.9,,4637.1,2.5,9.3,7.3
2025-03-31 19:00:00,673.4,3279.5,806.1,1122.2,5881.2,0.6,7.9,6.6
2025-03-31 20:00:00,647.6,3315.7,801.8,1110.5,5875.6,-0.6,6.6,5.9
2025-03-31 21:00:00,645.4,3209.5,752.9,1114.8,5722.6,-0.8,5.6,5.4
2025-03-31 22:00:00,582.7,3139.8,700.0,1090.5,5513.0,-0.4,4.7,5.1
2025-03-31 23:00:00,588.0,3036.8,647.9,1061.1,5333.8,-0.1,3.7,5.1
2025-04-01 00:00:00,559.0,3012.4,640.5,1047.8,5259.7,-0.3,2.9,5.1
2025-04-01 01:00:00,483.9,2972.7,626.4,1034.6,5117.6,-1.5,2.7,4.8
2025-04-01 02:00:00,556.5,2961.6,610.8,1029.7,5158.6,-1.6,2.2,4.6
2025-04-01 03:00:00,573.4,2990.6,616.0,1035.5,5215.5,-1.2,1.0,4.3
2025-04-01 04:00:00,630.6,3107.9,661.7,1080.5,5480.7,-2.5,0.9,4.1
2025-04-01 05:00:00,565.9,3290.6,698.8,1149.3,5704.6,-4.3,0.9,3.8
2025-04-01 06:00:00,560.0,3574.4,795.8,1192.3,6122.5,-5.1,1.4,3.3
2025-04-01 07:00:00,567.7,3672.4,861.3,1206.2,6307.6,-3.5,1.6,3.0
2025-04-01 08:00:00,738.7,3666.2,867.9,1224.5,6497.3,-1.4,2.5,3.7
2025-04-01 09:00:00,795.9,3519.6,805.5,1195.8,6316.8,0.9,4.3,4.8
2025-04-01 10:00:00,679.3,3339.5,758.9,1177.8,5955.5,3.0,6.6,6.1
2025-04-01 11:00:00,571.7,3239.8,726.7,1169.8,5708.0,4.3,9.0,7.5
2025-04-01 12:00:00,651.9,3151.5,708.0,1167.4,5678.8,5.1,10.7,8.4
2025-04-01 13:00:00,577.4,3072.7,679.3,1159.4,5488.8,5.7,11.7,9.3
2025-04-01 14:00:00,495.1,3078.5,677.0,1154.5,5405.1,6.0,12.4,10.4
2025-04-01 15:00:00,585.7,3032.3,663.8,1146.5,5428.3,6.4,12.4,11.0
2025-04-01 16:00:00,593.2,3055.4,664.9,1153.7,5467.2,6.4,12.6,11.1
2025-04-01 17:00:00,620.8,3175.3,701.7,1154.5,5652.3,6.8,12.5,10.4
2025-04-01 18:00:00,606.4,3240.1,712.9,1177.2,5736.6,6.8,11.3,9.5
2025-04-01 19:00:00,628.5,3271.1,729.9,1212.1,5841.6,5.8,9.0,8.7
2025-04-01 20:00:00,583.1,3361.0,754.1,1206.3,5904.5,5.2,7.3,7.8
2025-04-01 21:00:00,598.3,3280.5,747.7,1201.7,5828.2,4.8,6.4,7.3
2025-04-01 22:00:00,592.0,3172.0,711.2,1169.5,5644.7,5.9,5.8,6.9
2025-04-01 23:00:00,581.1,3039.8,698.3,1132.3,5451.5,6.3,5.3,5.4
2025-04-02 00:00:00,530.8,2984.1,690.2,1108.6,5313.7,7.0,4.9,4.9
2025-04-02 01:00:00,540.1,2945.0,677.6,1098.2,5260.9,6.8,4.5,4.2
2025-04-02 02:00:00,544.4,2899.7,661.5,1093.1,5198.7,6.5,4.3,4.2
2025-04-02 03:00:00,536.8,2913.4,665.2,1092.3,5207.7,7.3,3.2,3.4
2025-04-02 04:00:00,529.7,2967.1,682.2,1119.4,5298.4,6.6,3.3,2.8
2025-04-02 05:00:00,486.7,3149.2,737.4,1185.8,5559.1,5.8,3.5,2.4
2025-04-02 06:00:00,603.4,3379.5,824.2,1219.9,6027.0,4.8,3.5,2.3
2025-04-02 07:00:00,595.5,3545.0,873.4,1241.2,6255.1,4.6,3.9,2.8
2025-04-02 08:00:00,590.2,3504.0,842.3,1241.2,6177.7,5.4,5.0,3.8
2025-04-02 09:00:00,634.4,3356.7,786.0,1211.9,5989.0,6.5,6.7,5.3
2025-04-02 10:00:00,586.8,3265.2,740.2,1194.1,5786.3,7.7,8.8,7.1
2025-04-02 11:00:00,494.6,3129.4,729.9,1185.5,5539.4,8.6,11.3,8.9
2025-04-02 12:00:00,404.2,3053.4,712.6,1180.5,5350.7,9.6,13.3,10.1
2025-04-02 13:00:00,453.9,2979.5,692.5,1154.2,5280.1,10.5,14.7,10.7
2025-04-02 14:00:00,513.9,2942.0,680.1,1143.2,5279.2,11.0,15.6,11.3
2025-04-02 15:00:00,525.9,2922.5,664.9,1143.0,5256.3,11.6,17.6,11.8
2025-04-02 16:00:00,597.7,2940.1,663.5,1143.4,5344.7,11.6,17.6,11.7
2025-04-02 17:00:00,738.3,3094.5,687.9,1137.8,5658.5,10.8,17.1,11.4
2025-04-02 18:00:00,676.4,3138.8,705.2,1159.9,5680.3,9.5,15.7,11.3
2025-04-02 19:00:00,731.8,3167.5,726.2,1179.2,5804.7,8.0,13.7,10.5
2025-04-02 20:00:00,659.6,3237.2,765.8,1156.2,5818.8,6.8,12.1,9.2
2025-04-02 21:00:00,644.2,3132.0,734.2,1155.2,5665.6,6.4,11.1,8.3
2025-04-02 22:00:00,614.5,2960.0,690.2,1122.2,5386.9,6.1,9.9,7.8
2025-04-02 23:00:00,545.6,2778.5,641.3,1085.2,5050.6,5.8,8.9,7.4
2025-04-03 00:00:00,483.3,2707.5,608.8,1062.1,4861.7,5.1,8.0,6.3
2025-04-03 01:00:00,590.2,2690.5,600.5,1048.7,4929.9,4.6,7.3,6.1
2025-04-03 02:00:00,610.5,2699.0,591.6,1044.0,4945.1,4.1,6.6,6.0
2025-04-03 03:00:00,598.5,2739.1,608.5,1059.9,5006.0,4.3,6.5,5.0
2025-04-03 04:00:00,581.7,2804.6,639.6,1094.4,5120.3,4.0,6.0,4.7
2025-04-03 05:00:00,552.7,2967.4,706.3,1162.7,5389.1,3.5,5.6,4.3
2025-04-03 06:00:00,541.3,3222.8,791.7,1196.9,5752.7,2.9,5.3,4.2
2025-04-03 07:00:00,594.9,3342.4,,1220.6,5157.9,3.3,5.4,4.3
2025-04-03 08:00:00,608.5,3234.6,810.7,1206.8,5860.6,5.2,6.5,6.3
2025-04-03 09:00:00,644.4,3227.1,764.1,1177.0,5812.6,6.6,7.8,7.9
2025-04-03 10:00:00,600.8,3146.3,743.4,1167.4,5657.9,7.3,9.7,10.1
2025-04-03 11:00:00,546.0,2998.4,710.6,1153.4,5408.4,8.5,11.6,11.6
2025-04-03 12:00:00,639.1,2911.1,683.9,1137.7,5371.8,9.7,13.5,12.4
2025-04-03 13:00:00,661.6,2895.8,677.3,1135.2,5369.9,10.0,15.3,12.9
2025-04-03 14:00:00,655.3,2867.1,659.7,1127.3,5309.4,8.8,16.4,13.1
2025-04-03 15:00:00,713.4,2715.6,646.8,1121.9,5197.7,8.4,18.6,13.3
2025-04-03 16:00:00,665.5,2709.8,629.2,1133.1,5137.6,7.9,18.2,12.5
2025-04-03 17:00:00,722.1,2842.3,653.7,1139.5,5357.6,7.1,17.3,11.6
2025-04-03 18:00:00,696.7,2977.9,687.0,1157.1,5518.7,6.5,15.5,10.4
2025-04-03 19:00:00,,3016.6,714.9,1180.9,4912.4,5.9,13.8,9.2
2025-04-03 20:00:00,673.4,2978.5,703.2,1171.7,5526.8,5.6,12.2,8.2
2025-04-03 21:00:00,649.7,2838.1,666.9,1161.9,5316.6,5.1,11.1,8.1
2025-04-03 22:00:00,628.6,2715.6,624.6,1134.9,5103.7,4.9,9.3,7.8
2025-04-03 23:00:00,610.9,2625.1,622.1,,3858.1,5.0,8.0,7.6
2025-04-04 00:00:00,581.3,2500.6,584.4,1085.0,4751.3,4.7,6.7,7.6
2025-04-04 01:00:00,593.2,2469.0,567.7,1074.7,4704.6,4.1,5.9,7.5
2025-04-04 02:00:00,586.4,,531.2,1079.0,2196.6,3.8,5.2,7.2
2025-04-04 03:00:00,603.8,2475.2,520.2,1091.3,4690.5,4.5,5.7,6.8
2025-04-04 04:00:00,620.2,2574.6,556.2,1126.7,4877.7,4.1,5.8,6.9
2025-04-04 05:00:00,632.2,2721.5,633.6,1198.4,5185.7,3.4,5.6,6.9
2025-04-04 06:00:00,653.9,3012.1,708.3,1260.8,5635.1,2.8,5.2,6.8
2025-04-04 07:00:00,619.4,3253.8,719.3,1296.7,5889.2,3.0,4.0,6.8
2025-04-04 08:00:00,552.7,3298.8,754.1,1304.9,5910.5,3.5,4.2,7.6
2025-04-04 09:00:00,570.7,3174.0,756.6,1293.7,5795.0,3.9,4.8,8.6
2025-04-04 10:00:00,586.8,3162.3,752.0,1279.2,5780.3,3.9,5.6,9.3
2025-04-04 11:00:00,572.8,3225.1,741.4,1270.9,5810.2,4.0,6.4,9.7
2025-04-04 12:00:00,515.7,3312.1,710.1,1261.2,5799.1,3.9,7.5,9.9
2025-04-04 13:00:00,569.5,3058.3,687.6,1253.3,5568.7,4.1,8.1,10.1
2025-04-04 14:00:00,554.5,2884.7,652.8,1253.6,5345.6,3.8,8.4,10.4
2025-04-04 15:00:00,551.9,2804.6,626.9,1248.4,5231.8,2.9,8.8,11.3
2025-04-04 16:00:00,599.5,2797.4,596.2,1248.4,5241.5,2.6,8.9,11.2
2025-04-04 17:00:00,578.4,2945.0,658.3,,4181.7,2.1,8.5,11.8
2025-04-04 18:00:00,682.3,3040.4,700.8,1253.5,5677.0,1.4,8.3,11.1
2025-04-04 19:00:00,807.3,3083.1,688.5,1268.6,5847.5,0.3,7.3,9.4
2025-04-04 20:00:00,652.7,3075.9,710.1,1256.4,5695.1,-0.9,5.9,7.7
2025-04-04 21:00:00,617.6,2922.5,698.0,1238.3,5476.4,-1.5,4.9,6.4
2025-04-04 22:00:00,515.7,2778.8,699.1,1226.1,5219.7,-2.1,4.4,5.5
2025-04-04 23:00:00,467.0,2693.5,661.7,1197.4,5019.6,-2.7,4.0,4.6
2025-04-05 00:00:00,573.4,2720.2,574.6,1176.6,5044.8,-3.0,3.4,4.2
2025-04-05 01:00:00,542.5,2718.6,586.4,1165.8,5013.3,-3.5,2.8,3.8
2025-04-05 02:00:00,491.4,2715.9,598.8,1155.5,4961.6,-4.1,2.0,4.4
2025-04-05 03:00:00,513.5,2629.9,584.1,1164.9,4892.4,-3.9,1.4,4.3
2025-04-05 04:00:00,562.6,2657.3,573.7,1177.6,4971.2,-4.3,0.7,4.1
2025-04-05 05:00:00,581.1,,576.6,1189.2,2346.9,-4.7,0.6,3.7
2025-04-05 06:00:00,592.4,2818.2,589.3,1204.5,5204.4,-5.1,0.3,3.4
2025-04-05 07:00:00,639.3,2967.8,614.6,1225.9,5447.6,-4.8,0.4,3.4
2025-04-05 08:00:00,678.7,3021.8,639.3,1256.7,5596.5,-3.9,1.1,3.7
2025-04-05 09:00:00,668.1,3004.9,643.9,1278.0,5594.9,-2.7,1.8,4.2
2025-04-05 10:00:00,694.3,2928.7,625.2,1282.4,5530.6,-1.2,2.7,5.3
2025-04-05 11:00:00,591.2,2952.8,633.6,1282.0,5459.6,0.2,3.3,6.5
2025-04-05 12:00:00,577.2,3037.5,632.1,1269.0,5515.8,1.2,3.7,7.3
2025-04-05 13:00:00,599.1,3032.9,650.8,1249.3,5532.1,1.6,3.4,8.3
2025-04-05 14:00:00,603.4,3017.0,622.6,1242.7,5485.7,2.0,3.7,8.9
2025-04-05 15:00:00,627.5,2949.2,597.3,1242.0,5416.0,2.0,3.5,8.6
2025-04-05 16:00:00,609.7,,587.3,1255.2,2452.2,0.9,3.4,8.7
2025-04-05 17:00:00,639.7,2981.8,605.4,1253.7,5480.6,1.1,2.7,8.6
2025-04-05 18:00:00,630.4,3143.4,650.2,1216.8,5640.8,1.2,2.1,8.2
2025-04-05 19:00:00,708.3,3246.3,708.6,1216.1,5879.3,1.2,1.3,7.0
2025-04-05 20:00:00,655.1,3277.6,742.5,1204.2,5879.4,0.9,0.4,6.0
2025-04-05 21:00:00,665.1,3176.3,725.6,1211.4,5778.4,0.4,-0.4,4.4
2025-04-05 22:00:00,640.7,3080.5,684.2,1196.2,5601.6,-0.7,-0.8,2.9
2025-04-05 23:00:00,649.2,3014.0,653.1,1179.6,5495.9,-1.4,-1.1,2.4
2025-04-06 00:00:00,577.8,2994.8,620.0,1147.2,5339.8,-2.0,-1.1,1.6
2025-04-06 01:00:00,572.1,2956.7,631.3,1143.4,5303.5,-2.1,-0.8,1.4
2025-04-06 02:00:00,629.4,2927.0,654.0,1129.1,5339.5,-1.2,-1.1,1.2
2025-04-06 03:00:00,629.4,2924.1,670.9,1145.3,5369.7,-0.6,-1.7,0.7
2025-04-06 04:00:00,624.7,2938.1,690.8,1154.0,5407.6,-1.1,-1.6,1.1
2025-04-06 05:00:00,569.1,2926.4,706.9,1139.3,5341.7,-1.5,-0.7,1.6
2025-04-06 06:00:00,534.2,2925.1,693.4,1127.9,5280.6,-0.5,0.3,1.4
2025-04-06 07:00:00,599.1,2980.8,659.7,1140.3,5379.9,0.1,0.7,1.1
2025-04-06 08:00:00,621.7,,664.9,1155.0,2441.6,1.1,1.2,1.9
2025-04-06 09:00:00,559.8,3182.1,699.4,1170.4,5611.7,3.2,2.0,3.0
2025-04-06 10:00:00,504.4,3222.2,722.1,1178.9,5627.6,5.1,3.5,4.1
2025-04-06 11:00:00,621.4,3232.9,727.0,1156.8,5738.1,7.0,5.9,5.1
2025-04-06 12:00:00,604.4,3222.5,722.7,1152.4,5702.0,7.6,6.1,6.1
2025-04-06 13:00:00,604.8,3070.1,700.0,1151.6,5526.5,7.5,5.8,6.9
2025-04-06 14:00:00,570.7,3025.1,674.4,1144.9,5415.1,7.6,5.7,7.4
2025-04-06 15:00:00,590.6,2943.7,,1142.9,4677.2,7.6,6.9,7.8
2025-04-06 16:00:00,630.0,2903.9,677.6,1158.5,5370.0,7.9,7.1,8.0
2025-04-06 17:00:00,701.6,3012.1,713.5,1152.8,5580.0,7.4,6.3,7.6
2025-04-06 18:00:00,620.6,3096.4,730.2,1140.8,5588.0,6.1,5.3,7.4
2025-04-06 19:00:00,590.8,3201.7,746.6,1147.8,5686.9,4.2,5.0,6.9
2025-04-06 20:00:00,667.9,3282.1,757.5,1158.2,5865.7,2.9,4.7,6.6
2025-04-06 21:00:00,678.7,3129.7,719.5,1176.4,5704.3,1.9,4.8,6.4
2025-04-06 22:00:00,675.2,2979.8,702.0,1173.2,5530.2,1.9,5.0,6.0
2025-04-06 23:00:00,665.1,2860.6,700.0,1165.6,5391.3,1.4,5.0,5.7
2025-04-07 00:00:00,665.7,2868.4,649.1,1168.8,5352.0,0.6,4.8,5.3
2025-04-07 01:00:00,619.8,2798.0,630.4,1165.9,5214.1,0.3,4.7,5.2
2025-04-07 02:00:00,567.3,2809.1,622.1,1155.4,5153.9,0.0,4.5,5.2
2025-04-07 03:00:00,542.5,2852.1,635.0,1163.8,5193.4,-0.5,4.7,5.2
2025-04-07 04:00:00,622.1,2890.6,655.7,1184.1,5352.5,-1.1,4.1,5.0
2025-04-07 05:00:00,607.2,3028.0,723.3,1211.8,5570.3,-1.5,3.9,4.7
2025-04-07 06:00:00,636.1,3273.3,813.0,1232.4,5954.8,-1.8,4.0,4.6
2025-04-07 07:00:00,642.5,3427.1,869.1,1236.3,6175.0,-1.2,4.3,4.5
2025-04-07 08:00:00,636.3,3491.0,852.7,1220.7,6200.7,0.0,4.5,5.1
2025-04-07 09:00:00,619.8,3420.6,835.4,1203.7,6079.5,1.5,5.5,5.8
2025-04-07 10:00:00,633.0,3375.0,823.4,1199.9,6031.3,3.0,6.9,6.6
2025-04-07 11:00:00,599.3,3231.6,788.9,1196.7,5816.5,4.2,8.4,7.9
2025-04-07 12:00:00,612.3,3204.6,772.5,1190.5,5779.9,5.3,9.2,8.6
2025-04-07 13:00:00,588.4,3240.4,757.2,1189.3,5775.3,5.7,8.8,9.2
2025-04-07 14:00:00,632.6,3226.8,742.3,1174.7,5776.4,5.4,9.5,9.6
2025-04-07 15:00:00,632.8,3191.2,716.1,,4540.1,5.1,9.3,10.2
2025-04-07 16:00:00,633.4,3157.0,732.2,1158.0,5680.6,4.7,9.2,10.2
2025-04-07 17:00:00,607.0,3259.3,756.1,1141.6,5764.0,4.2,9.2,9.9
2025-04-07 18:00:00,578.2,3272.0,746.6,1142.0,5738.8,2.9,8.3,9.5
2025-04-07 19:00:00,593.4,3286.7,756.6,1147.5,5784.2,1.3,6.5,8.6
2025-04-07 20:00:00,590.4,3334.6,781.9,1154.6,5861.5,0.4,4.8,8.2
2025-04-07 21:00:00,607.9,3255.8,762.4,1161.3,5787.4,0.0,4.2,7.5
2025-04-07 22:00:00,632.6,3135.5,720.1,1136.5,5624.7,0.0,3.5,6.2
2025-04-07 23:00:00,678.3,3018.3,698.5,1120.7,5515.8,-0.1,2.9,5.6
2025-04-08 00:00:00,699.6,2894.8,677.8,1100.6,5372.8,-0.1,2.2,5.3
2025-04-08 01:00:00,616.8,2926.7,670.7,1105.7,5319.9,-0.2,1.6,5.4
2025-04-08 02:00:00,612.7,2913.0,674.1,1102.5,5302.3,-0.7,1.2,5.4
2025-04-08 03:00:00,616.4,2898.4,678.1,1114.0,5306.9,0.2,0.0,5.3
2025-04-08 04:00:00,616.0,2988.0,700.8,1146.5,5451.3,0.3,-0.4,5.0
2025-04-08 05:00:00,590.8,3133.3,750.6,1195.2,5669.9,-0.3,-0.7,5.0
2025-04-08 06:00:00,602.4,3381.5,819.0,1239.6,6042.5,0.8,-1.0,4.9
2025-04-08 07:00:00,626.5,3592.6,842.6,1251.6,6313.3,1.5,-0.5,5.1
2025-04-08 08:00:00,614.3,3581.2,818.5,1245.1,6259.1,3.1,0.8,5.6
2025-04-08 09:00:00,619.2,3474.7,769.9,1235.0,6098.8,5.5,2.7,6.5
2025-04-08 10:00:00,620.4,3392.9,735.6,,4748.9,7.2,4.7,7.7
2025-04-08 11:00:00,599.3,3348.6,729.6,1237.4,5914.9,7.1,6.4,8.5
2025-04-08 12:00:00,567.3,3312.8,748.6,1228.0,5856.7,8.3,7.7,8.8
2025-04-08 13:00:00,498.7,3325.5,737.7,1223.1,5785.0,9.0,8.6,8.7
2025-04-08 14:00:00,560.0,3318.6,711.5,1211.4,5801.5,9.1,9.0,8.7
2025-04-08 15:00:00,554.3,3348.6,710.9,1210.5,5824.3,10.6,9.5,8.9
2025-04-08 16:00:00,542.3,3322.5,727.9,1223.5,5816.2,10.5,9.6,8.7
2025-04-08 17:00:00,591.0,3383.8,754.3,1229.4,5958.5,9.8,8.5,8.5
2025-04-08 18:00:00,487.3,3425.2,766.1,1240.3,5918.9,8.8,8.2,7.9
2025-04-08 19:00:00,554.5,3437.9,779.4,1267.8,6039.6,7.8,7.8,7.6
2025-04-08 20:00:00,613.5,3491.3,808.1,1258.2,6171.1,7.0,7.1,7.4
2025-04-08 21:00:00,594.1,3375.6,775.0,1242.6,5987.3,5.8,6.2,7.2
2025-04-08 22:00:00,619.4,3250.2,737.9,1216.1,5823.6,5.2,5.5,6.7
2025-04-08 23:00:00,548.2,3079.5,730.5,1175.3,5533.5,4.6,5.0,6.4
2025-04-09 00:00:00,543.7,2890.9,694.2,1151.0,5279.8,3.0,4.9,6.0
2025-04-09 01:00:00,490.2,2819.5,688.8,1125.3,5123.8,0.8,4.4,6.0
2025-04-09 02:00:00,538.5,2802.6,687.3,1118.7,5147.1,-0.5,4.1,5.6
2025-04-09 03:00:00,531.6,2800.3,697.1,1122.5,5151.5,0.1,4.1,5.0
2025-04-09 04:00:00,574.0,2830.9,703.7,1152.4,5261.0,-1.3,4.4,4.7
2025-04-09 05:00:00,578.0,2931.6,735.9,1223.3,5468.8,-2.2,4.9,4.6
2025-04-09 06:00:00,634.2,3194.8,808.1,1275.4,5912.5,-2.7,4.9,4.4
2025-04-09 07:00:00,632.6,3466.2,858.7,1309.2,6266.7,-2.4,5.1,4.5
2025-04-09 08:00:00,594.3,3526.1,857.6,1320.3,6298.3,-1.5,5.7,5.5
2025-04-09 09:00:00,562.6,3420.6,830.0,1314.1,6127.3,-0.7,7.2,6.6
2025-04-09 10:00:00,602.6,3414.7,750.3,1313.8,6081.4,0.4,6.6,7.7
2025-04-09 11:00:00,567.9,3403.3,718.4,1320.7,6010.3,1.2,5.0,8.6
2025-04-09 12:00:00,644.0,3276.6,689.9,1309.2,5919.7,1.6,4.8,9.5
2025-04-09 13:00:00,611.5,3166.5,718.1,1287.3,5783.4,2.0,4.9,10.4
2025-04-09 14:00:00,593.9,3160.6,725.3,1289.0,5768.8,2.2,5.0,10.9
2025-04-09 15:00:00,585.7,3144.0,693.9,1299.5,5723.1,1.8,4.4,10.1
2025-04-09 16:00:00,626.3,3124.1,702.6,1311.1,5764.1,1.5,4.5,9.9
2025-04-09 17:00:00,635.7,3261.6,723.3,1318.6,5939.2,1.1,4.1,9.4
2025-04-09 18:00:00,671.4,3381.2,738.2,1339.9,6130.7,0.3,3.5,8.8
2025-04-09 19:00:00,622.3,3521.3,761.0,1348.6,6253.2,-0.9,3.0,8.5
2025-04-09 20:00:00,720.9,3683.5,766.7,1335.5,6506.6,-2.0,2.3,7.8
2025-04-09 21:00:00,722.1,3579.2,737.7,1320.5,6359.5,-2.8,2.0,7.5
2025-04-09 22:00:00,687.6,3409.2,714.9,1284.1,6095.8,-3.4,1.6,7.3
2025-04-09 23:00:00,700.2,3218.3,675.3,1252.8,5846.6,-3.9,2.2,6.9
2025-04-10 00:00:00,581.7,,666.9,1224.5,2473.1,-4.3,1.9,6.4
2025-04-10 01:00:00,615.4,3048.2,677.8,1194.4,5535.8,-4.7,1.1,5.5
2025-04-10 02:00:00,690.8,3039.4,667.2,1191.8,5589.2,-5.1,0.7,4.9
2025-04-10 03:00:00,722.5,3028.4,655.4,1205.2,5611.5,-5.2,-0.1,4.3
2025-04-10 04:00:00,690.8,3123.8,657.7,1222.1,5694.4,-5.5,-0.5,3.8
2025-04-10 05:00:00,695.3,3261.3,721.3,1241.6,5919.5,-5.5,-0.7,3.4
2025-04-10 06:00:00,621.0,3483.1,800.9,1262.3,6167.3,-5.2,-0.9,3.2
2025-04-10 07:00:00,591.6,3684.8,870.8,1260.4,6407.6,-4.3,-0.4,3.1
2025-04-10 08:00:00,564.8,3666.2,900.4,1275.0,6406.4,-3.3,0.4,3.7
2025-04-10 09:00:00,643.8,3534.6,883.5,1253.0,6314.9,-2.9,1.5,4.7
2025-04-10 10:00:00,633.6,3452.2,834.0,1245.3,6165.1,-2.9,2.5,5.6
2025-04-10 11:00:00,614.1,3422.9,773.9,1258.0,6068.9,-2.8,3.4,6.6
2025-04-10 12:00:00,622.7,3364.2,748.9,1272.8,6008.6,-2.8,3.6,7.5
2025-04-10 13:00:00,593.7,3225.8,759.8,1279.6,5858.9,-2.6,4.1,8.2
2025-04-10 14:00:00,648.6,3344.4,711.5,1296.7,6001.2,-2.3,4.3,9.1
2025-04-10 15:00:00,645.0,3363.3,679.6,1312.8,6000.7,-2.2,5.9,9.2
2025-04-10 16:00:00,704.0,3384.4,652.0,1321.8,6062.2,-2.0,5.4,10.9
2025-04-10 17:00:00,677.9,3450.6,690.8,1325.8,6145.1,-2.3,4.8,12.0
2025-04-10 18:00:00,635.9,3488.4,692.2,1352.1,6168.6,-3.4,5.2,12.0
2025-04-10 19:00:00,614.5,3499.1,750.6,1370.0,6234.2,-3.7,5.0,11.1
2025-04-10 20:00:00,648.2,3468.2,813.0,1346.1,6275.5,-3.8,5.5,10.1
2025-04-10 21:00:00,653.1,3314.1,798.9,1338.8,6104.9,-3.9,6.1,9.3
2025-04-10 22:00:00,648.6,3135.9,729.9,1311.7,5826.1,-3.8,6.4,8.5
2025-04-10 23:00:00,616.4,2949.5,645.9,1277.8,5489.6,-3.8,6.5,7.8
2025-04-11 00:00:00,624.5,2839.4,612.0,1245.2,5321.1,-4.3,6.5,7.5
2025-04-11 01:00:00,689.2,2788.6,619.5,1228.0,5325.3,-4.9,6.7,7.4
2025-04-11 02:00:00,678.5,2743.6,621.8,1213.0,5256.9,-5.0,6.7,7.3
2025-04-11 03:00:00,736.5,2740.7,624.4,1228.4,5330.0,-5.8,7.0,7.3
2025-04-11 04:00:00,698.3,2742.3,636.4,1256.0,5333.0,-6.4,6.9,7.3
2025-04-11 05:00:00,691.9,2862.5,652.5,1305.0,5511.9,-7.7,6.5,7.3
2025-04-11 06:00:00,691.2,3142.1,730.8,1349.6,5913.7,-8.2,5.4,7.2
2025-04-11 07:00:00,714.4,3391.9,783.7,1334.6,6224.6,-8.0,3.8,7.3
2025-04-11 08:00:00,745.0,3412.8,818.5,1322.3,6298.6,-6.7,3.2,8.1
2025-04-11 09:00:00,656.8,3318.6,821.3,1350.5,6147.2,-4.6,3.8,8.9
2025-04-11 10:00:00,608.5,3236.2,805.5,1323.8,5974.0,-3.8,4.6,9.3
2025-04-11 11:00:00,616.6,3176.3,742.0,1310.9,5845.8,-3.0,5.6,10.0
2025-04-11 12:00:00,648.8,3126.7,682.4,1310.3,5768.2,-2.3,6.3,10.6
2025-04-11 12:00:00,648.8,3126.7,682.4,1310.3,5768.2,-2.3,6.3,10.6
2025-04-11 13:00:00,596.3,3024.8,654.8,1298.8,5574.7,-1.8,6.7,11.7
2025-04-11 14:00:00,637.3,2969.7,635.6,1281.6,5524.2,-1.6,7.3,12.3
2025-04-11 15:00:00,645.8,2994.2,619.5,,4259.5,-1.9,8.7,12.7
2025-04-11 16:00:00,632.2,2996.1,631.3,1241.1,5500.7,-2.2,9.0,12.8
2025-04-11 17:00:00,619.4,3131.6,670.9,1226.5,5648.4,-2.4,9.8,12.8
2025-04-11 18:00:00,611.7,3207.2,689.3,1213.7,5721.9,-2.5,9.8,12.5
2025-04-11 19:00:00,635.7,3134.6,707.8,1207.2,5685.3,-2.2,5.6,12.1
2025-04-11 20:00:00,618.0,3093.5,709.5,1214.8,5635.8,-2.3,2.7,11.3
2025-04-11 21:00:00,622.9,2973.6,681.6,1228.5,5506.6,-2.0,2.5,11.1
2025-04-11 22:00:00,550.0,2898.7,656.0,1224.8,5329.5,-1.8,2.0,10.9
2025-04-11 23:00:00,605.6,2760.9,627.8,1224.7,5219.0,-1.7,2.0,10.1
2025-04-12 00:00:00,616.8,2672.6,588.4,1228.5,5106.3,-1.5,2.6,9.4
2025-04-12 01:00:00,569.5,2611.7,567.7,1222.8,4971.7,-1.1,3.1,9.0
2025-04-12 02:00:00,613.7,2567.1,531.7,1217.1,4929.6,-0.6,3.4,9.1
2025-04-12 03:00:00,615.8,2561.9,514.8,1222.0,4914.5,-0.8,3.4,9.3
2025-04-12 04:00:00,588.0,2543.0,532.0,1227.8,4890.8,-0.9,3.3,9.0
2025-04-12 05:00:00,530.2,2589.6,539.8,1235.6,4895.2,-0.7,3.6,8.4
2025-04-12 06:00:00,503.6,2640.0,532.9,,3676.5,-0.4,3.9,7.6
2025-04-12 07:00:00,578.4,2723.8,564.8,1272.3,5139.3,-0.3,5.0,7.3
2025-04-12 08:00:00,530.2,2844.6,620.9,1305.2,5300.9,1.5,6.4,7.8
2025-04-12 09:00:00,462.0,2943.0,665.2,1318.1,5388.3,2.8,7.6,8.2
2025-04-12 10:00:00,550.8,2887.6,700.0,1307.5,5445.9,3.1,8.9,8.8
2025-04-12 11:00:00,668.1,2779.5,697.1,1282.1,5426.8,3.2,10.0,9.4
2025-04-12 12:00:00,543.9,2692.2,690.5,1247.5,5174.1,3.0,10.0,10.3
2025-04-12 13:00:00,537.3,2590.5,698.0,1214.5,5040.3,3.0,11.2,11.4
2025-04-12 14:00:00,529.7,2559.9,668.6,1204.5,4962.7,3.3,12.4,12.4
2025-04-12 15:00:00,469.7,2534.2,611.1,1203.8,4818.8,2.7,13.2,11.5
2025-04-12 16:00:00,551.2,2539.1,568.6,1218.9,4877.8,3.0,12.8,12.0
2025-04-12 17:00:00,469.1,2695.4,595.3,1223.2,4983.0,2.3,12.3,11.9
2025-04-12 18:00:00,494.2,2782.4,622.9,1220.9,5120.4,2.0,12.2,11.3
2025-04-12 19:00:00,609.1,2824.4,613.7,1198.1,5245.3,0.8,11.2,10.1
2025-04-12 20:00:00,579.4,2917.9,634.4,1191.1,5322.8,0.2,9.0,8.8
2025-04-12 21:00:00,604.8,2892.5,604.8,1226.3,5328.4,0.3,6.2,8.2
2025-04-12 22:00:00,655.1,2837.5,593.0,1213.6,5299.2,0.6,5.2,7.6
2025-04-12 23:00:00,646.8,,581.2,1178.2,2406.2,1.5,4.8,7.2
2025-04-13 00:00:00,573.4,2713.7,593.9,1147.3,5028.3,2.5,4.5,7.0
2025-04-13 01:00:00,563.4,2687.6,594.7,1132.5,4978.2,2.4,4.3,6.8
2025-04-13 02:00:00,519.2,2671.0,588.4,1134.1,4912.7,2.0,4.2,6.7
2025-04-13 03:00:00,516.2,2667.4,590.7,1130.7,4905.0,2.4,3.5,5.9
2025-04-13 04:00:00,529.5,2680.4,576.9,1132.5,4919.3,2.5,3.7,6.0
2025-04-13 05:00:00,513.7,2662.2,535.5,1136.5,4847.9,2.1,3.8,6.0
2025-04-13 06:00:00,523.0,2560.9,493.8,1139.5,4717.2,2.1,3.8,6.0
2025-04-13 07:00:00,544.3,2525.7,507.9,1145.7,4723.6,2.5,4.9,6.3
2025-04-13 08:00:00,604.0,2574.9,562.2,,3741.1,3.3,6.6,7.8
2025-04-13 09:00:00,575.2,2602.3,593.9,1121.6,4893.0,4.2,8.5,9.4
2025-04-13 10:00:00,507.4,2562.5,574.0,1110.5,4754.4,5.0,10.1,11.2
2025-04-13 11:00:00,478.0,2537.8,569.7,1102.4,4687.9,5.7,11.4,12.0
2025-04-13 12:00:00,484.1,2511.7,550.4,1092.2,4638.4,5.3,12.5,12.9
2025-04-13 13:00:00,493.0,2510.1,536.1,1076.7,4615.9,5.7,12.9,13.7
2025-04-13 14:00:00,521.6,2495.1,545.8,1068.3,4630.8,6.1,12.9,14.3
2025-04-13 15:00:00,529.7,2492.5,595.6,1074.4,4692.2,6.5,12.6,14.6
2025-04-13 16:00:00,463.6,2615.9,633.8,1081.5,4794.8,5.9,11.2,13.8
2025-04-13 17:00:00,583.9,2860.6,673.8,1084.8,5203.1,4.9,9.1,13.4
2025-04-13 18:00:00,550.8,2900.3,688.8,1113.8,5253.7,3.6,7.8,12.2
2025-04-13 19:00:00,490.4,3000.7,684.5,1130.9,5306.5,2.5,6.7,11.8
2025-04-13 20:00:00,485.5,3008.5,,1142.3,4636.3,2.0,6.5,11.5
2025-04-13 21:00:00,479.4,2954.4,657.7,1162.1,5253.6,1.6,6.8,11.2
2025-04-13 22:00:00,502.6,2843.0,624.9,1153.5,5124.0,1.5,7.3,11.2
2025-04-13 23:00:00,502.8,2697.1,551.0,1121.4,4872.3,1.7,8.1,10.7
2025-04-14 00:00:00,487.1,2628.3,521.4,1076.3,4713.1,1.9,8.3,10.0
2025-04-14 01:00:00,511.5,2574.2,529.2,1060.1,4675.0,1.9,8.0,9.3
2025-04-14 02:00:00,497.9,2620.5,531.5,1052.2,4702.1,1.9,7.6,8.7
2025-04-14 03:00:00,518.2,2586.9,570.3,1063.4,4738.8,2.7,7.8,8.1
2025-04-14 04:00:00,557.5,2605.5,564.8,1087.3,4815.1,2.6,7.7,7.6
2025-04-14 05:00:00,486.1,2686.3,601.9,1143.3,4917.6,2.5,7.9,7.2
2025-04-14 06:00:00,551.2,2944.0,681.6,1203.3,5380.1,2.7,7.6,7.0
2025-04-14 07:00:00,601.4,3144.3,,1237.4,4983.1,3.0,8.5,7.1
2025-04-14 08:00:00,575.6,3268.8,746.0,1248.8,5839.2,3.9,10.4,7.8
2025-04-14 09:00:00,585.1,3293.9,717.5,1251.8,5848.3,4.4,11.0,8.1
2025-04-14 10:00:00,600.3,3243.0,755.8,1248.6,5847.7,4.8,12.2,8.3
2025-04-14 11:00:00,578.6,3130.0,800.4,1230.6,5739.6,4.6,12.9,8.7
2025-04-14 12:00:00,542.9,,776.8,1212.7,2532.4,4.6,13.3,8.7
2025-04-14 13:00:00,541.9,3025.8,830.8,1184.7,5583.2,4.5,13.7,9.4
2025-04-14 14:00:00,547.4,3026.4,813.0,1189.2,5576.0,3.8,14.6,10.9
2025-04-14 15:00:00,533.8,2993.5,782.2,1180.0,5489.5,3.7,14.5,10.3
2025-04-14 16:00:00,578.6,3007.8,715.8,1183.7,5485.9,4.5,14.7,10.5
2025-04-14 17:00:00,641.9,3108.5,722.1,1166.5,5639.0,7.2,14.6,11.1
2025-04-14 18:00:00,675.4,3142.1,734.2,1171.3,5723.0,8.4,13.7,11.0
2025-04-14 19:00:00,685.0,3151.5,744.9,1157.4,5738.8,9.4,12.3,10.6
2025-04-14 20:00:00,653.7,3189.0,735.6,1147.4,5725.7,8.4,10.5,9.3
2025-04-14 21:00:00,602.4,3122.2,709.5,1153.9,5588.0,6.9,9.8,8.4
2025-04-14 22:00:00,555.3,2968.4,677.8,1132.7,5334.2,5.9,9.0,7.9
2025-04-14 23:00:00,554.7,2884.0,647.9,1098.4,5185.0,5.1,8.1,7.5
2025-04-15 00:00:00,531.4,2738.4,619.2,,3889.0,4.2,7.4,7.2
2025-04-15 01:00:00,504.2,2754.1,603.6,1052.1,4914.0,3.5,6.9,7.1
2025-04-15 02:00:00,502.1,2755.0,605.7,1050.3,4913.1,3.2,6.3,6.9
2025-04-15 03:00:00,522.4,2788.9,618.9,1056.1,4986.3,3.7,4.9,6.2
2025-04-15 04:00:00,554.1,2816.3,629.5,1084.4,5084.3,3.4,4.4,6.2
2025-04-15 05:00:00,576.0,2912.1,,1150.7,4638.8,3.2,3.7,6.2
2025-04-15 06:00:00,618.6,3085.7,650.2,1183.6,5538.1,3.2,3.5,6.3
2025-04-15 07:00:00,681.1,3201.3,664.9,1181.3,5728.6,4.0,5.0,7.1
2025-04-15 08:00:00,637.7,3196.1,709.2,1176.2,5719.2,5.4,6.2,8.5
2025-04-15 09:00:00,570.9,3135.5,696.2,1171.0,5573.6,6.5,8.0,10.1
2025-04-15 10:00:00,519.2,3066.5,689.6,1168.8,5444.1,7.3,10.1,11.9
2025-04-15 11:00:00,503.4,2990.6,765.8,1160.1,5419.9,8.2,12.1,13.3
2025-04-15 12:00:00,510.5,2975.6,738.5,1157.5,5382.1,9.1,13.6,14.8
2025-04-15 13:00:00,453.0,2911.1,701.7,1149.4,5215.2,9.9,14.7,16.0
2025-04-15 14:00:00,453.1,2894.1,672.4,1135.7,5155.3,10.2,15.2,16.2
2025-04-15 15:00:00,525.1,2924.1,640.5,1126.7,5216.4,9.5,15.5,15.9
2025-04-15 16:00:00,569.3,2945.6,626.7,1109.9,5251.5,8.2,14.6,16.0
2025-04-15 17:00:00,552.3,3026.7,660.9,1082.3,5322.2,7.1,13.0,15.6
2025-04-15 18:00:00,568.3,3100.7,666.3,1070.8,5406.1,5.9,11.5,14.7
2025-04-15 19:00:00,522.2,3153.5,676.7,1039.1,5391.5,4.4,9.9,13.2
2025-04-15 20:00:00,562.2,3116.6,692.5,1059.1,5430.4,3.6,8.0,11.9
2025-04-15 21:00:00,530.2,3015.7,670.7,1086.6,5303.2,3.6,7.0,11.7
2025-04-15 22:00:00,549.4,2819.5,651.1,1074.8,5094.8,3.7,7.0,12.0
2025-04-15 23:00:00,493.2,2698.4,648.2,1056.8,4896.6,4.2,7.4,12.3
2025-04-16 00:00:00,464.6,2680.1,659.1,1058.2,4862.0,4.3,7.8,12.6
2025-04-16 01:00:00,478.6,2625.4,651.7,1064.4,4820.1,4.0,7.9,12.3
2025-04-16 02:00:00,473.3,2574.9,627.8,1067.1,4743.1,3.5,7.9,11.9
2025-04-16 03:00:00,479.0,2534.5,595.9,1074.9,4684.3,3.4,7.5,11.9
2025-04-16 04:00:00,508.0,2529.0,598.5,1095.1,4730.6,2.7,7.2,11.9
2025-04-16 05:00:00,,2614.3,633.8,1173.3,4421.4,2.5,7.2,11.9
2025-04-16 05:00:00,,2614.3,633.8,1173.3,4421.4,2.5,7.2,11.9
2025-04-16 06:00:00,480.4,2847.2,693.1,1232.0,5252.7,2.7,7.2,11.7
2025-04-16 07:00:00,564.4,3118.9,777.3,1236.7,5697.3,3.3,8.2,11.4
2025-04-16 08:00:00,545.8,3238.8,809.8,1151.4,5745.8,4.0,9.4,11.7
2025-04-16 09:00:00,520.2,3245.3,793.7,1136.2,5695.4,4.9,11.3,12.5
2025-04-16 10:00:00,494.2,3210.8,784.0,1142.1,5631.1,5.4,12.9,14.2
2025-04-16 11:00:00,486.5,3197.4,775.3,1142.4,5601.6,6.0,14.3,15.7
2025-04-16 12:00:00,497.3,3135.2,,1140.4,4772.9,6.5,15.3,15.7
2025-04-16 13:00:00,454.3,3106.9,698.5,1123.6,5383.3,7.1,15.8,15.5
2025-04-16 14:00:00,468.7,3100.0,673.2,1115.2,5357.1,7.5,16.2,16.7
2025-04-16 15:00:00,495.3,3118.3,660.3,1106.6,5380.5,8.2,16.2,17.3
2025-04-16 16:00:00,503.6,3140.4,666.6,1098.6,5409.2,8.4,14.8,16.7
2025-04-16 17:00:00,569.1,3192.2,693.4,1087.1,5541.8,8.2,12.3,17.0
2025-04-16 18:00:00,517.2,3185.4,681.0,1090.2,5473.8,7.5,11.0,16.7
2025-04-16 19:00:00,533.4,3163.6,677.3,1096.6,5470.9,7.2,10.5,15.2
2025-04-16 20:00:00,578.4,3165.5,687.9,1120.2,5552.0,7.2,9.7,13.4
2025-04-16 21:00:00,503.2,3092.2,672.4,1122.0,5389.8,6.9,8.6,12.0
2025-04-16 22:00:00,490.6,2938.8,648.8,1085.9,5164.1,7.1,7.9,11.4
2025-04-16 23:00:00,434.4,2784.4,599.3,,3818.1,6.6,7.3,11.4
2025-04-17 00:00:00,382.0,2666.1,581.5,1048.8,4678.4,6.2,7.0,11.2
2025-04-17 01:00:00,322.4,2601.0,571.7,1051.8,4546.9,5.6,7.0,10.7
2025-04-17 02:00:00,436.6,2597.4,565.1,1031.2,4630.3,5.7,7.3,10.5
2025-04-17 03:00:00,484.3,2576.8,558.2,1024.1,4643.4,5.5,7.8,10.4
2025-04-17 04:00:00,485.9,2617.2,565.4,1040.0,4708.5,5.2,8.1,10.1
2025-04-17 05:00:00,452.0,2687.6,602.2,1078.4,4820.2,4.4,8.3,9.9
2025-04-17 06:00:00,623.3,2873.6,643.9,1097.4,5238.2,4.7,8.3,9.8
2025-04-17 07:00:00,685.4,3089.6,686.8,1120.0,5581.8,5.7,8.8,9.8
2025-04-17 08:00:00,771.6,3181.5,705.5,1126.4,5785.0,6.7,9.8,10.6
2025-04-17 09:00:00,692.1,3180.5,708.0,1120.6,5701.2,8.5,10.6,12.4
2025-04-17 10:00:00,586.3,3209.2,706.6,1125.0,5627.1,9.1,11.4,14.2
2025-04-17 11:00:00,492.6,3187.7,681.0,1127.2,5488.5,10.4,13.0,15.7
2025-04-17 12:00:00,444.3,3180.5,651.1,1112.1,5388.0,10.9,14.1,16.6
2025-04-17 13:00:00,486.3,3093.5,625.2,1088.8,5293.8,10.7,14.5,17.1
2025-04-17 14:00:00,553.7,2990.9,599.6,1066.3,5210.5,9.6,15.3,17.4
2025-04-17 15:00:00,558.1,2914.3,583.8,1065.4,5121.6,10.4,12.7,17.4
2025-04-17 16:00:00,576.6,2885.3,576.3,1059.7,5097.9,10.4,13.3,17.8
2025-04-17 17:00:00,557.5,2947.6,,1048.4,4553.5,10.1,12.8,17.8
2025-04-17 18:00:00,607.2,2975.3,609.1,1053.3,5244.9,9.1,12.2,17.1
2025-04-17 19:00:00,606.8,2992.9,621.5,1050.5,5271.7,8.7,11.1,15.9
2025-04-17 20:00:00,608.3,2925.7,649.4,1061.4,5244.8,8.4,9.8,14.2
2025-04-17 21:00:00,600.3,2787.0,626.4,1083.2,5096.9,8.0,9.0,12.8
2025-04-17 22:00:00,582.9,,587.8,1066.2,2236.9,7.2,9.0,11.7
2025-04-17 23:00:00,532.8,2597.0,557.3,1042.6,4729.7,6.5,8.2,10.6
2025-04-18 00:00:00,475.8,2545.9,555.6,1026.5,4603.8,5.7,7.2,10.1
2025-04-18 01:00:00,454.1,2485.3,541.8,1018.5,4499.7,5.2,6.7,9.7
2025-04-18 02:00:00,426.1,2427.6,532.9,1009.1,4395.7,4.8,6.2,9.4
2025-04-18 03:00:00,459.5,2409.1,528.6,1004.2,4401.4,5.0,6.1,9.7
2025-04-18 04:00:00,446.6,2407.8,531.7,1015.4,4401.5,4.3,6.1,9.5
2025-04-18 05:00:00,468.3,2424.1,532.0,1023.8,4448.2,4.2,6.3,9.5
2025-04-18 06:00:00,533.8,2450.4,528.9,1043.0,4556.1,4.7,6.5,9.3
2025-04-18 07:00:00,593.9,2563.2,550.2,1070.1,4777.4,4.1,6.9,9.0
2025-04-18 08:00:00,624.5,2685.0,599.9,1103.7,5013.1,4.3,7.4,9.3
2025-04-18 09:00:00,635.6,2772.3,644.5,1133.3,5185.7,4.3,8.5,9.9
2025-04-18 10:00:00,593.2,2843.0,641.0,1138.0,5215.2,4.8,9.6,10.8
2025-04-18 11:00:00,592.8,2866.1,640.2,1135.2,5234.3,6.0,11.1,11.6
2025-04-18 12:00:00,,2897.7,584.1,1119.8,4601.6,7.4,13.2,11.6
2025-04-18 13:00:00,503.2,2870.7,572.6,1096.2,5042.7,9.9,14.4,11.1
2025-04-18 14:00:00,511.5,2818.2,588.1,1097.2,5015.0,12.0,15.4,11.4
2025-04-18 15:00:00,462.8,2798.0,632.1,1101.0,4993.9,10.9,12.8,10.3
2025-04-18 16:00:00,528.5,2800.6,665.2,1091.7,5086.0,12.6,13.4,11.2
2025-04-18 17:00:00,536.4,2812.4,649.9,1080.1,5078.8,13.5,13.7,11.3
2025-04-18 18:00:00,539.5,2829.6,653.4,,4022.5,13.3,13.6,10.9
2025-04-18 19:00:00,607.5,2797.1,662.6,1026.1,5093.3,11.9,13.1,10.5
2025-04-18 20:00:00,583.7,2782.1,668.6,1021.8,5056.2,9.9,12.9,9.8
2025-04-18 21:00:00,509.1,2717.6,659.1,1029.5,4915.3,8.0,12.4,9.5
2025-04-18 22:00:00,,2598.7,618.6,1001.9,4219.2,6.5,10.1,9.4
2025-04-18 23:00:00,538.9,2492.1,591.0,972.1,4594.1,5.3,8.3,9.3
2025-04-19 00:00:00,512.5,2342.9,541.8,959.8,4357.0,4.3,7.8,9.4
2025-04-19 01:00:00,529.3,2280.1,528.3,964.7,4302.4,3.5,8.0,9.5
2025-04-19 02:00:00,519.0,2266.4,,966.0,3751.4,2.8,8.3,9.5
2025-04-19 03:00:00,515.3,2252.4,508.2,972.8,4248.7,2.6,9.2,9.1
2025-04-19 04:00:00,487.9,2237.1,500.1,978.7,4203.8,2.1,8.8,9.1
2025-04-19 05:00:00,476.2,2209.1,488.3,979.3,4152.9,1.5,8.4,8.8
2025-04-19 06:00:00,451.8,2204.5,477.4,967.6,4101.3,1.9,8.2,8.7
2025-04-19 07:00:00,539.5,2342.9,488.3,988.9,4359.6,3.0,8.3,9.0
2025-04-19 08:00:00,506.4,2519.5,540.4,1000.2,4566.5,3.6,8.7,9.1
2025-04-19 09:00:00,508.4,2642.0,581.5,1020.0,4751.9,4.4,9.2,9.3
2025-04-19 10:00:00,525.3,2713.7,590.4,1029.9,4859.3,5.0,9.4,9.7
2025-04-19 11:00:00,442.5,2810.1,585.8,1025.5,4863.9,5.7,9.4,10.0
2025-04-19 12:00:00,568.3,2812.1,601.9,1031.8,5014.1,6.5,9.9,10.1
2025-04-19 13:00:00,510.5,2749.5,637.0,1057.0,4954.0,6.8,10.3,10.1
2025-04-19 14:00:00,459.9,2738.4,628.7,1071.3,4898.3,5.9,11.0,9.7
2025-04-19 15:00:00,511.1,2777.5,614.3,1060.8,4963.7,6.1,9.1,8.8
2025-04-19 16:00:00,528.5,2825.7,606.5,,3960.7,6.4,9.2,8.8
2025-04-19 17:00:00,496.7,2849.8,631.3,1029.6,5007.4,6.7,8.8,8.7
2025-04-19 18:00:00,547.0,2831.9,634.1,1030.7,5043.7,6.9,8.5,8.5
2025-04-19 19:00:00,520.0,2808.8,629.2,1032.8,4990.8,6.9,8.0,8.4
2025-04-19 20:00:00,556.5,2767.7,642.8,1021.9,4988.9,5.9,8.0,8.2
2025-04-19 21:00:00,537.0,2720.5,639.3,1043.5,4940.3,5.1,7.5,8.1
2025-04-19 22:00:00,436.4,2723.4,614.0,1066.2,4840.0,4.2,7.4,8.1
2025-04-19 23:00:00,433.6,2672.3,589.0,1046.1,4741.0,3.5,7.4,8.0
2025-04-20 00:00:00,441.7,2537.4,566.8,1039.5,4585.4,2.2,7.3,7.8
2025-04-20 01:00:00,483.1,2519.5,539.5,1031.8,4573.9,1.1,6.9,7.7
2025-04-20 02:00:00,463.2,2501.3,541.8,1032.9,4539.2,0.3,6.6,7.6
2025-04-20 03:00:00,494.2,2477.8,537.5,1038.9,4548.4,-0.3,6.5,8.0
2025-04-20 04:00:00,467.5,2442.3,535.2,1043.0,4488.0,-0.9,6.5,8.0
2025-04-20 05:00:00,503.4,2473.2,532.9,1035.0,4544.5,-1.3,6.5,7.9
2025-04-20 06:00:00,518.8,2495.4,532.0,1043.8,4590.0,-1.1,6.5,7.9
2025-04-20 07:00:00,554.7,2574.6,549.9,1056.8,4736.0,-0.1,6.7,7.9
2025-04-20 08:00:00,587.2,2708.8,582.9,1061.3,4940.2,1.4,6.8,8.1
2025-04-20 09:00:00,555.5,2834.5,614.9,1089.0,5093.9,3.0,7.1,8.2
2025-04-20 10:00:00,530.4,2935.2,642.5,1107.7,5215.8,4.2,7.2,8.5
2025-04-20 11:00:00,499.1,2988.0,657.7,1120.1,5264.9,5.1,7.1,8.5
2025-04-20 12:00:00,513.5,3003.3,647.6,1118.0,5282.4,5.9,7.4,8.6
2025-04-20 13:00:00,484.3,2990.9,639.9,1109.7,5224.8,6.5,7.8,8.6
2025-04-20 14:00:00,460.4,2976.6,621.8,1113.3,5172.1,6.9,8.1,8.8
2025-04-20 15:00:00,485.7,2935.2,622.3,1124.3,5167.5,7.3,9.1,8.6
2025-04-20 16:00:00,538.3,2956.0,625.5,1105.8,5225.6,7.4,9.4,8.9
2025-04-20 17:00:00,543.9,3012.7,639.9,1085.7,5282.2,7.3,9.4,9.1
2025-04-20 18:00:00,549.2,3043.7,653.7,1080.7,5327.3,6.9,8.9,9.2
2025-04-20 19:00:00,568.5,3039.8,662.9,1081.1,5352.3,5.3,8.1,9.0
2025-04-20 20:00:00,588.6,3071.0,664.3,1114.0,5437.9,3.1,7.4,8.7
2025-04-20 21:00:00,588.2,3064.8,655.1,1149.1,5457.2,1.9,7.1,8.3
2025-04-20 22:00:00,535.2,2943.7,631.5,1147.9,5258.3,1.3,6.8,7.7
2025-04-20 23:00:00,542.5,2835.2,601.3,1126.6,5105.6,1.3,6.5,7.2
2025-04-21 00:00:00,454.9,2770.7,572.9,1106.8,4905.3,0.5,6.2,6.7
2025-04-21 01:00:00,443.1,2736.5,549.6,1089.4,4818.6,0.2,6.1,6.3
2025-04-21 02:00:00,521.6,2690.5,552.5,1085.3,4849.9,-0.3,6.0,5.9
2025-04-21 03:00:00,454.5,2651.1,541.8,1091.9,4739.3,-0.4,5.5,7.7
2025-04-21 04:00:00,428.3,2636.5,549.0,1095.5,4709.3,-0.2,5.5,7.5
2025-04-21 05:00:00,475.8,2617.2,561.9,1103.1,4758.0,0.2,5.6,7.2
2025-04-21 06:00:00,508.2,2672.9,555.6,1095.2,4831.9,0.5,5.7,6.7
2025-04-21 07:00:00,529.9,2754.7,569.7,1082.3,4936.6,0.7,5.9,6.8
2025-04-21 08:00:00,597.5,2890.6,576.0,1094.3,5158.4,0.9,6.4,7.6
2025-04-21 09:00:00,622.5,3016.6,585.2,1120.1,5344.4,1.3,6.7,9.3
2025-04-21 10:00:00,584.9,3124.1,597.0,1131.9,5437.9,1.4,7.4,10.3
2025-04-21 11:00:00,572.4,3143.4,598.2,1144.8,5458.8,2.0,8.2,10.8
2025-04-21 12:00:00,603.2,3130.3,595.9,1138.5,5467.9,3.1,8.5,11.0
2025-04-21 13:00:00,552.3,3171.4,599.9,1134.2,5457.8,4.3,8.7,11.1
2025-04-21 14:00:00,551.7,3189.6,577.5,1118.8,5437.6,4.6,9.2,10.6
2025-04-21 15:00:00,569.1,3125.8,596.2,1105.7,5396.8,4.6,8.7,11.1
2025-04-21 16:00:00,579.7,3143.7,610.0,1091.8,5425.2,4.3,8.6,10.6
2025-04-21 17:00:00,542.3,3214.7,626.4,1094.1,5477.5,3.8,8.0,10.2
2025-04-21 18:00:00,525.9,3230.0,640.2,1089.3,5485.4,2.9,7.8,9.7
2025-04-21 19:00:00,520.8,3222.5,652.5,1086.2,5482.0,2.0,7.5,9.7
2025-04-21 20:00:00,530.6,3218.6,668.4,1096.3,5513.9,1.0,7.2,9.0
2025-04-21 21:00:00,528.7,3139.8,664.0,1138.6,5471.1,0.3,6.9,8.0
2025-04-21 22:00:00,480.0,3008.2,624.6,1131.8,5244.6,-0.1,6.6,7.5
2025-04-21 23:00:00,433.8,2875.9,592.7,1121.9,5024.3,-0.1,6.3,7.1
2025-04-22 00:00:00,473.9,2778.2,571.4,1114.0,4937.5,-0.3,6.1,6.6
2025-04-22 01:00:00,471.7,2681.1,563.7,1105.8,4822.3,-0.3,6.0,6.4
2025-04-22 02:00:00,483.1,2652.4,566.3,1096.0,4797.8,0.3,5.9,6.2
2025-04-22 03:00:00,609.7,2637.4,573.4,1092.4,4912.9,0.1,5.8,5.6
2025-04-22 04:00:00,530.2,2658.9,580.4,1089.7,4859.2,-0.5,5.8,5.5
2025-04-22 05:00:00,528.7,2776.5,601.3,1135.9,5042.4,-0.8,5.7,5.3
2025-04-22 06:00:00,576.0,3056.7,682.2,1164.9,5479.8,-0.3,5.8,5.3
2025-04-22 07:00:00,577.0,3284.4,751.5,1158.0,5770.9,0.3,6.0,5.3
2025-04-22 08:00:00,596.9,3366.8,758.7,1143.0,5865.4,1.0,6.2,5.7
2025-04-22 09:00:00,571.1,3480.2,,1139.1,5190.4,1.5,6.3,6.7
2025-04-22 10:00:00,530.2,3500.1,767.9,1143.4,5941.6,1.5,7.1,8.6
2025-04-22 11:00:00,501.9,3532.0,765.3,1153.0,5952.2,1.7,8.0,10.2
2025-04-22 12:00:00,484.9,3501.1,739.7,1146.9,5872.6,1.8,9.3,11.2
2025-04-22 13:00:00,483.5,3455.8,3677.0,1141.5,8757.8,2.0,10.4,11.5
2025-04-22 14:00:00,490.0,3402.7,733.3,1136.3,5762.3,1.7,11.8,12.3
2025-04-22 15:00:00,541.7,3377.3,744.6,1135.5,5799.1,1.9,7.9,10.4
2025-04-22 16:00:00,551.2,3382.5,728.5,1132.9,5795.1,1.8,7.8,10.9
2025-04-22 17:00:00,562.8,3406.9,721.8,1124.5,5816.0,1.8,7.5,11.6
2025-04-22 18:00:00,554.5,3368.1,727.6,1111.6,5761.8,2.0,7.3,11.3
2025-04-22 19:00:00,546.0,3322.2,723.9,1119.3,5711.4,2.4,7.0,10.8
2025-04-22 20:00:00,546.0,3262.6,717.8,1091.2,5617.6,2.7,6.6,10.4
2025-04-22 21:00:00,579.2,3185.7,701.4,1098.9,5565.2,3.2,6.2,10.0
2025-04-22 22:00:00,591.0,3066.2,651.4,1062.8,5371.4,4.4,6.1,9.1
2025-04-22 23:00:00,597.7,2868.4,620.0,1024.6,5110.7,4.7,6.0,9.2
2025-04-23 00:00:00,582.9,2761.2,601.3,983.9,4929.3,4.6,5.9,9.7
2025-04-23 01:00:00,570.9,2758.6,590.1,961.8,4881.4,3.7,5.8,9.6
2025-04-23 02:00:00,543.1,2703.9,588.1,950.9,4786.0,2.7,5.9,9.3
2025-04-23 03:00:00,526.9,2741.7,601.9,953.8,4824.3,1.7,5.9,8.7
2025-04-23 04:00:00,453.9,2734.2,601.1,963.7,4752.9,0.9,6.2,8.3
2025-04-23 05:00:00,487.1,2796.1,609.7,1025.0,4917.9,0.7,6.3,7.9
2025-04-23 06:00:00,561.8,3026.7,668.4,1077.3,5334.2,0.8,6.5,7.6
2025-04-23 07:00:00,534.4,3244.0,727.0,1107.8,5613.2,1.3,7.0,8.0
2025-04-23 08:00:00,596.9,3323.2,728.5,1124.7,5773.3,2.5,8.2,8.7
2025-04-23 09:00:00,605.8,3319.0,692.2,1129.8,5746.8,3.5,9.0,9.5
2025-04-23 10:00:00,619.6,3371.7,668.4,1156.5,5816.2,3.4,9.7,10.4
2025-04-23 11:00:00,519.0,3351.9,,1153.6,5024.5,3.3,10.6,11.1
2025-04-23 12:00:00,468.3,3393.6,675.0,1165.3,5702.2,3.8,10.8,11.5
2025-04-23 13:00:00,489.8,3353.8,,1195.5,5039.1,4.3,11.1,11.9
2025-04-23 14:00:00,485.9,3349.2,633.3,1196.4,5664.8,5.2,11.0,12.3
2025-04-23 15:00:00,418.4,3324.2,643.9,1212.5,5599.0,5.2,9.7,12.3
2025-04-23 16:00:00,465.8,3333.8,641.9,1218.3,5659.8,5.0,9.5,11.7
2025-04-23 17:00:00,490.4,3343.4,661.5,1217.3,5712.6,4.8,8.7,11.2
2025-04-23 18:00:00,520.0,3378.2,669.5,1216.8,5784.5,4.5,7.6,11.0
2025-04-23 19:00:00,615.8,3331.0,670.4,1194.1,5811.3,3.9,6.9,10.5
2025-04-23 20:00:00,592.6,3293.5,690.5,1162.2,5738.8,2.7,6.2,9.7
2025-04-23 21:00:00,524.7,3265.8,679.0,1161.6,5631.1,1.3,5.7,8.7
2025-04-23 22:00:00,534.4,3141.4,642.5,1133.3,5451.6,0.4,5.2,8.5
2025-04-23 23:00:00,527.7,2998.1,599.3,1106.1,5231.2,-0.3,4.9,8.3
2025-04-24 00:00:00,530.1,2897.1,608.5,1098.3,5134.0,-0.9,4.7,8.1
2025-04-24 01:00:00,545.4,2891.2,610.0,1089.7,5136.3,-1.4,4.4,7.9
2025-04-24 02:00:00,589.8,2805.2,616.0,1073.8,5084.8,-1.7,4.3,7.7
2025-04-24 03:00:00,582.1,2804.9,606.5,1074.5,5068.0,-2.3,3.5,7.5
2025-04-24 04:00:00,534.4,2812.4,615.7,1084.4,5046.9,-2.5,2.9,7.4
2025-04-24 05:00:00,540.9,2876.2,633.8,1122.5,5173.4,-2.6,2.2,7.3
2025-04-24 06:00:00,532.8,3179.8,685.3,1146.5,5544.4,-2.1,2.0,7.4
2025-04-24 07:00:00,544.8,3345.3,748.9,1144.9,5783.9,-0.9,2.6,7.8
2025-04-24 08:00:00,550.4,3311.1,733.3,1157.8,5752.6,0.7,3.9,8.4
2025-04-24 09:00:00,524.7,3206.9,691.6,1147.8,5571.0,2.2,5.3,9.0
2025-04-24 10:00:00,482.7,3123.2,692.8,1157.2,5455.9,3.0,6.4,10.4
2025-04-24 11:00:00,471.5,3052.5,673.0,1141.6,5338.6,3.3,7.1,11.7
2025-04-24 12:00:00,536.6,3034.9,664.9,1114.4,5350.8,3.2,7.6,12.2
2025-04-24 13:00:00,575.4,3013.7,675.0,1113.6,5377.7,3.4,8.1,12.4
2025-04-24 14:00:00,529.5,3023.5,669.5,1104.5,5327.0,3.5,8.9,12.1
2025-04-24 15:00:00,538.1,3039.8,675.3,1102.4,5355.6,4.0,8.6,11.7
2025-04-24 16:00:00,563.8,3091.2,668.1,1103.1,5426.2,3.5,8.8,10.7
2025-04-24 17:00:00,527.9,3179.8,693.9,1089.3,5490.9,3.5,8.2,10.3
2025-04-24 18:00:00,507.6,3218.6,696.5,1097.1,5519.8,3.4,7.5,10.4
2025-04-24 19:00:00,457.5,3205.6,700.8,1078.2,5442.1,2.4,6.5,10.0
2025-04-24 20:00:00,649.7,3164.9,,1082.2,4896.8,1.4,5.7,9.4
2025-04-24 21:00:00,658.6,3177.2,725.3,1106.4,5667.5,0.5,5.3,9.3
2025-04-24 22:00:00,644.8,3040.4,696.5,1085.3,5467.0,-0.1,5.1,8.9
2025-04-24 23:00:00,614.1,2882.7,668.9,1052.0,5217.7,-0.9,4.8,8.3
2025-04-25 00:00:00,532.4,2794.5,644.8,1031.5,5003.2,-1.4,4.6,7.5
2025-04-25 01:00:00,494.6,2745.3,628.1,1027.5,4895.5,-1.7,4.0,6.9
2025-04-25 02:00:00,484.7,2741.0,633.3,1025.7,4884.7,-2.1,3.4,6.5
2025-04-25 03:00:00,527.5,2730.3,634.1,1029.4,4921.3,-2.3,2.3,5.0
2025-04-25 04:00:00,579.7,2750.8,649.7,1040.0,5020.2,-2.8,1.8,4.7
2025-04-25 05:00:00,,2816.9,679.3,1100.8,4597.0,-2.9,1.2,4.5
2025-04-25 06:00:00,642.3,3098.4,737.9,1139.1,5617.7,-2.2,0.9,4.5
2025-04-25 07:00:00,743.4,3304.9,796.0,1160.1,6004.4,-1.0,1.4,5.1
2025-04-25 08:00:00,665.7,3298.4,,1168.9,5133.0,0.8,2.3,6.1
2025-04-25 09:00:00,557.5,3257.1,777.9,1159.3,5751.8,2.3,3.4,7.4
2025-04-25 10:00:00,519.0,3187.3,769.3,1163.2,5638.8,3.3,4.8,8.7
2025-04-25 11:00:00,514.7,3161.6,741.7,1167.7,5585.7,4.2,6.0,9.5
2025-04-25 12:00:00,530.4,3097.4,734.2,1158.9,5520.9,5.2,7.0,10.2
2025-04-25 13:00:00,491.8,3012.7,706.9,1163.8,5375.2,5.8,7.5,10.7
2025-04-25 14:00:00,447.0,2947.9,670.7,1166.6,5232.2,6.0,8.1,10.7
2025-04-25 15:00:00,495.5,2918.9,637.9,1165.2,5217.5,6.1,7.2,10.6
2025-04-25 16:00:00,487.3,2936.2,646.8,1168.4,5238.7,5.6,7.7,9.5
2025-04-25 17:00:00,599.7,3064.8,694.5,1178.4,5537.4,5.6,7.6,9.1
2025-04-25 18:00:00,593.4,3111.4,692.8,1183.1,5580.7,5.4,7.2,9.2
2025-04-25 19:00:00,565.2,3143.0,676.1,1187.7,5572.0,4.9,6.8,8.9
2025-04-25 20:00:00,697.9,3141.4,671.8,1189.5,5700.6,3.7,5.4,8.2
2025-04-25 21:00:00,670.8,3170.4,690.8,1222.6,5754.6,2.4,4.5,7.2
2025-04-25 22:00:00,556.3,3084.4,665.2,1205.1,5511.0,1.4,2.8,6.7
2025-04-25 23:00:00,528.7,2981.5,633.8,1172.8,5316.8,0.3,2.2,6.4
2025-04-26 00:00:00,554.1,2902.9,608.5,1148.6,5214.1,-0.6,2.2,6.3
2025-04-26 01:00:00,564.8,2899.4,599.3,1130.5,5194.0,-1.2,2.4,6.5
2025-04-26 02:00:00,546.0,2892.8,586.1,1124.7,5149.6,-2.1,3.1,6.4
2025-04-26 03:00:00,543.3,2923.8,580.9,1120.3,5168.3,-2.9,2.5,6.0
2025-04-26 04:00:00,548.3,2924.4,578.1,1119.2,5170.0,-3.5,2.5,5.8
2025-04-26 05:00:00,563.2,2917.6,574.6,1134.5,5189.9,-3.8,1.6,5.9
2025-04-26 06:00:00,594.5,2940.7,571.4,1145.2,5251.8,-3.6,1.0,6.1
2025-04-26 07:00:00,591.4,2872.0,589.6,1158.9,5211.9,-3.0,1.8,6.6
2025-04-26 08:00:00,541.3,2837.5,615.7,1167.5,5162.0,-2.0,3.1,7.3
2025-04-26 09:00:00,559.2,2782.1,612.6,1190.6,5144.5,-0.8,4.6,7.8
2025-04-26 10:00:00,552.9,2726.7,617.4,,3897.0,0.2,6.1,8.2
2025-04-26 11:00:00,556.3,2684.0,593.9,1195.2,5029.4,0.9,7.4,8.6
2025-04-26 12:00:00,524.9,2617.6,574.9,1179.5,4896.9,1.5,8.3,9.2
2025-04-26 13:00:00,541.5,2573.9,552.7,1169.2,4837.3,2.2,8.6,9.2
2025-04-26 14:00:00,514.7,2531.6,533.5,1168.6,4748.4,2.6,8.5,9.6
2025-04-26 15:00:00,527.1,2502.2,513.6,1176.2,4719.1,1.8,8.8,11.6
2025-04-26 16:00:00,541.9,2538.4,512.5,1186.0,4778.8,1.5,9.1,11.6
2025-04-26 17:00:00,557.5,2722.1,550.4,1169.7,4999.7,1.4,9.2,11.3
2025-04-26 18:00:00,551.7,2805.2,581.8,1148.0,5086.7,0.9,9.0,10.5
2025-04-26 19:00:00,563.0,2848.9,609.1,1119.1,5140.1,0.2,7.8,9.6
2025-04-26 20:00:00,565.3,2944.3,641.0,1106.5,5257.1,-0.1,4.8,8.7
2025-04-26 21:00:00,482.1,2930.3,647.1,1129.8,5189.3,-0.5,3.7,7.6
2025-04-26 22:00:00,484.7,2804.6,620.3,1121.8,5031.4,-0.6,3.4,7.4
2025-04-26 23:00:00,498.1,2704.9,607.1,1097.4,4907.5,-0.5,3.0,7.6
2025-04-27 00:00:00,472.3,2649.5,603.6,1061.5,4786.9,-0.5,2.5,7.6
2025-04-27 01:00:00,520.0,2674.6,592.7,1046.6,4833.9,-0.9,2.3,7.3
2025-04-27 02:00:00,547.0,2664.8,601.6,1054.7,4868.1,-1.3,2.3,6.9
2025-04-27 03:00:00,543.1,2676.2,603.9,1051.5,4874.7,-1.5,1.5,6.2
2025-04-27 04:00:00,539.1,2692.8,600.2,1047.5,4879.6,-1.2,1.6,6.0
2025-04-27 05:00:00,502.4,2620.5,583.5,1073.5,4779.9,-0.5,1.7,5.8
2025-04-27 06:00:00,497.1,2504.8,533.2,1115.4,4650.5,0.2,2.3,5.6
2025-04-27 07:00:00,530.1,2511.0,529.4,1113.5,4684.0,0.8,3.6,6.1
2025-04-27 08:00:00,596.5,2572.6,541.5,1130.5,4841.1,1.6,5.5,7.2
2025-04-27 09:00:00,503.2,2560.9,544.1,1159.0,4767.2,2.5,7.6,8.5
2025-04-27 10:00:00,481.0,2563.5,533.8,1161.2,4739.5,3.4,9.4,9.5
2025-04-27 11:00:00,501.5,2558.3,554.5,1160.8,4775.1,4.0,10.8,10.2
2025-04-27 12:00:00,,2526.0,551.9,1163.9,4241.8,4.7,11.9,10.7
2025-04-27 13:00:00,545.6,2576.2,544.4,1154.4,4820.6,5.3,12.6,11.2
2025-04-27 14:00:00,497.7,2578.5,536.1,1152.6,4764.9,5.6,12.9,11.7
2025-04-27 15:00:00,496.9,2595.4,528.0,1147.8,4768.1,5.1,14.1,12.9
2025-04-27 16:00:00,500.1,2501.6,526.3,1157.8,4685.8,4.9,14.1,12.8
2025-04-27 17:00:00,475.8,2582.7,541.2,1129.8,4729.5,4.8,14.0,12.5
2025-04-27 18:00:00,490.6,2693.1,572.6,1091.5,4847.8,4.5,13.6,12.0
2025-04-27 19:00:00,547.8,2766.8,610.0,1073.9,4998.5,3.5,13.1,11.1
2025-04-27 20:00:00,576.8,2863.5,632.7,1068.8,5141.8,2.1,12.2,9.9
2025-04-27 21:00:00,533.4,2834.9,635.9,1102.3,5106.5,1.3,11.4,8.8
2025-04-27 22:00:00,507.6,2739.1,614.6,1105.0,4966.3,1.2,10.7,8.3
2025-04-27 23:00:00,478.4,2707.2,601.9,1069.7,4857.2,1.2,10.0,8.3
2025-04-28 00:00:00,494.6,2510.7,570.3,1074.4,4650.0,0.8,9.2,8.2
2025-04-28 01:00:00,501.9,2448.2,545.6,1063.3,4559.0,0.7,9.0,8.2
2025-04-28 02:00:00,486.7,2466.1,535.8,1067.3,4555.9,-1.0,8.8,8.1
2025-04-28 03:00:00,471.7,2459.2,565.4,1077.0,4573.3,-1.0,9.0,7.0
2025-04-28 04:00:00,471.5,2494.1,596.2,1088.8,4650.6,0.2,8.5,6.7
2025-04-28 05:00:00,501.3,2527.0,608.2,1141.9,4778.4,-0.3,7.9,6.9
2025-04-28 06:00:00,572.6,2807.2,668.6,1140.4,5188.8,0.5,8.3,7.1
2025-04-28 07:00:00,769.6,3106.2,747.7,1144.6,5768.1,2.4,8.8,8.4
2025-04-28 08:00:00,650.9,3080.2,767.0,1131.7,5629.8,4.8,9.6,9.7
2025-04-28 09:00:00,613.5,2992.5,729.6,1128.2,5463.8,6.8,10.7,10.8
2025-04-28 10:00:00,537.5,3016.0,639.9,1138.7,5332.1,8.4,12.0,11.8
2025-04-28 11:00:00,380.2,3150.9,641.6,1158.7,5331.4,9.7,13.1,12.6
2025-04-28 12:00:00,477.8,3110.8,664.9,1168.8,5422.3,10.1,14.1,13.1
2025-04-28 13:00:00,505.0,3131.3,658.6,1156.1,5451.0,10.0,14.5,13.9
2025-04-28 14:00:00,472.9,3105.6,649.4,1147.7,5375.6,10.8,15.4,14.6
2025-04-28 15:00:00,538.3,3075.9,,1129.9,4744.1,8.4,16.3,15.5
2025-04-28 16:00:00,637.1,2885.7,653.1,1123.2,5299.1,7.3,16.4,15.0
2025-04-28 17:00:00,586.1,2980.1,649.7,1108.1,5324.0,7.8,15.7,15.1
2025-04-28 18:00:00,486.9,2919.6,659.1,1094.6,5160.2,8.0,14.8,15.5
2025-04-28 19:00:00,595.5,3027.4,673.8,1090.0,5386.7,8.4,14.3,15.4
2025-04-28 20:00:00,546.0,2958.0,669.2,1090.6,5263.8,7.8,13.5,14.1
2025-04-28 21:00:00,534.0,2921.8,647.9,1113.3,5217.0,5.7,12.9,13.3
2025-04-28 22:00:00,547.4,2816.9,611.4,1087.3,5063.0,4.8,11.6,12.9
2025-04-28 23:00:00,531.4,2694.1,573.4,1070.4,4869.3,3.8,11.1,12.4
2025-04-29 00:00:00,508.6,2654.1,580.1,1041.3,4784.1,2.2,10.1,11.9
2025-04-29 01:00:00,467.9,2552.4,588.1,1038.6,4647.0,1.7,9.3,11.4
2025-04-29 02:00:00,422.4,2574.2,582.4,1044.5,4623.5,1.0,8.8,11.0
2025-04-29 03:00:00,396.4,2527.7,577.8,1056.5,4558.4,0.3,8.3,11.2
2025-04-29 04:00:00,431.9,2601.9,573.4,1074.2,4681.4,-0.2,7.9,10.9
2025-04-29 05:00:00,490.2,2722.8,575.2,1133.7,4921.9,-0.6,8.1,10.7
2025-04-29 06:00:00,506.4,2744.6,646.8,1189.1,5086.9,-0.9,8.6,10.5
2025-04-29 07:00:00,,3025.8,694.8,1206.5,4927.1,-0.9,9.9,11.0
2025-04-29 08:00:00,547.4,3016.0,690.2,1209.8,5463.4,-0.6,11.3,11.6
2025-04-29 09:00:00,571.5,2949.5,678.1,1203.2,5402.3,-0.1,12.5,12.3
2025-04-29 10:00:00,529.5,2876.9,660.3,1214.0,5280.7,1.2,13.5,13.1
2025-04-29 11:00:00,511.3,2837.1,631.3,1203.5,5183.2,2.2,14.4,13.7
2025-04-29 12:00:00,493.4,2834.2,613.4,1193.0,5134.0,2.7,14.4,14.2
2025-04-29 13:00:00,540.5,2813.7,615.1,1184.6,5153.9,3.8,14.9,14.7
2025-04-29 14:00:00,508.4,2764.8,,1175.4,4448.6,4.5,15.4,15.3
2025-04-29 15:00:00,524.7,2780.8,590.4,1167.0,5062.9,4.7,15.7,16.0
2025-04-29 16:00:00,641.5,2856.7,582.4,1161.5,5242.1,5.2,15.8,15.9
2025-04-29 17:00:00,657.6,2899.7,627.8,1141.3,5326.4,5.3,15.6,15.7
2025-04-29 18:00:00,669.1,2898.1,645.6,1122.4,5335.2,5.0,14.8,15.4
2025-04-29 19:00:00,751.7,2928.4,671.5,1095.5,5447.1,4.0,14.3,15.1
2025-04-29 20:00:00,736.9,2920.9,664.3,1083.2,5405.3,3.0,12.7,14.4
2025-04-29 21:00:00,685.0,2898.1,669.8,1111.9,5364.8,2.3,11.6,13.6
2025-04-29 22:00:00,668.7,2813.0,636.7,1091.5,5209.9,1.8,11.1,12.9
2025-04-29 23:00:00,628.3,2692.2,589.0,1063.0,4972.5,1.6,10.2,12.3
2025-04-30 00:00:00,643.4,2487.3,580.9,1043.4,4755.0,1.3,10.1,11.8
2025-04-30 01:00:00,559.4,2413.0,559.6,1030.3,4562.3,-0.1,10.3,11.5
2025-04-30 02:00:00,562.8,2409.4,538.7,1027.7,4538.6,0.1,9.6,11.2
2025-04-30 03:00:00,561.0,2391.8,552.2,1037.1,4542.1,0.6,11.1,10.9
2025-04-30 04:00:00,503.4,2353.7,590.1,1038.3,4485.5,0.6,10.2,10.5
2025-04-30 05:00:00,574.0,2423.7,617.7,1102.5,4717.9,1.0,9.6,10.2
2025-04-30 06:00:00,630.0,2726.7,682.4,1127.6,5166.7,1.8,9.7,10.2
2025-04-30 07:00:00,642.8,2988.0,732.2,1149.5,5512.5,2.6,10.2,10.8
2025-04-30 08:00:00,631.8,3032.9,730.2,1157.7,5552.6,3.0,11.0,11.7
2025-04-30 09:00:00,605.0,3054.4,665.5,1144.0,5468.9,3.3,11.8,12.9
2025-04-30 10:00:00,585.3,3065.5,614.6,1146.9,5412.3,3.5,11.4,14.1
2025-04-30 11:00:00,531.0,,591.6,1148.6,2271.2,3.7,9.4,15.2
2025-04-30 12:00:00,538.3,2985.4,585.2,1133.2,5242.1,3.8,9.2,16.2
2025-04-30 13:00:00,510.3,2942.0,592.6,1119.6,5164.5,3.9,9.2,16.9
2025-04-30 14:00:00,569.9,2818.9,599.9,1116.3,5105.0,4.0,10.1,17.4
2025-04-30 15:00:00,591.4,2736.1,588.4,1113.3,5029.2,3.8,10.0,17.7
2025-04-30 16:00:00,657.2,2780.5,584.1,1114.8,5136.6,3.7,10.1,17.8
2025-04-30 17:00:00,536.4,2840.4,608.0,1118.0,5102.8,3.3,10.5,17.7
2025-04-30 18:00:00,664.1,2804.6,603.4,1113.3,5185.4,3.1,9.4,17.7
2025-04-30 19:00:00,590.8,2792.2,601.8,1090.0,5074.8,3.1,9.2,17.0
2025-04-30 20:00:00,585.1,2796.7,600.2,1075.2,5057.2,2.6,8.6,15.9
2025-04-30 21:00:00,539.7,2827.7,604.8,1110.3,5082.5,2.3,7.6,14.4
2025-04-30 22:00:00,578.6,2751.1,576.9,1094.2,5000.8,1.8,6.5,13.5
2025-04-30 23:00:00,609.1,2628.0,540.1,1066.9,4844.1,1.7,5.6,12.5
2025-05-01 00:00:00,578.6,2506.2,533.5,1069.8,4688.1,1.5,4.8,12.1
2025-05-01 01:00:00,566.7,2453.4,527.4,1075.8,4623.3,1.4,4.6,11.6
2025-05-01 02:00:00,598.5,2450.4,,1074.2,4123.1,1.4,4.3,10.8
2025-05-01 03:00:00,559.2,2453.4,532.9,1101.9,4647.4,1.0,2.9,9.4
2025-05-01 04:00:00,493.6,2428.6,530.6,1108.7,4561.5,0.5,4.0,8.3
2025-05-01 05:00:00,555.7,2396.7,502.7,1125.5,4580.6,0.4,4.0,7.8
2025-05-01 06:00:00,601.8,2383.3,486.6,1127.5,4599.2,1.2,4.8,7.9
2025-05-01 07:00:00,593.5,2448.8,505.0,1111.1,4658.4,2.9,5.9,8.4
2025-05-01 08:00:00,553.9,2577.5,525.1,1127.0,4783.5,4.9,6.5,9.9
2025-05-01 09:00:00,489.2,2614.6,520.2,1158.3,4782.3,6.7,7.7,11.7
2025-05-01 10:00:00,405.0,2572.3,506.7,1152.1,4636.1,7.9,8.9,13.0
2025-05-01 11:00:00,510.5,2640.7,483.4,1144.0,4778.6,8.4,9.8,13.8
2025-05-01 12:00:00,441.9,2718.2,486.3,1127.6,4774.0,8.3,10.7,14.4
2025-05-01 13:00:00,480.2,2677.5,484.3,1110.3,4752.3,8.3,10.9,15.4
2025-05-01 14:00:00,478.0,2673.6,483.1,1093.7,4728.4,7.8,10.3,16.2
2025-05-01 15:00:00,472.1,2497.7,486.3,1095.8,4551.9,7.1,10.2,16.9
2025-05-01 16:00:00,515.1,2449.5,492.5,1090.4,4547.5,6.1,10.9,16.9
2025-05-01 17:00:00,598.5,2516.3,498.7,1101.6,4715.1,5.7,12.1,16.8
2025-05-01 18:00:00,544.6,2592.8,525.4,1114.3,4777.1,5.6,12.3,16.1
2025-05-01 19:00:00,573.6,2698.7,558.5,1124.4,4955.2,5.3,11.8,15.2
2025-05-01 20:00:00,565.0,2701.9,596.2,1108.7,4971.8,5.0,10.8,14.3
2025-05-01 21:00:00,539.5,2618.2,595.3,1158.4,4911.4,4.9,10.0,13.4
2025-05-01 22:00:00,521.6,2448.8,570.6,1148.3,4689.3,5.6,9.1,13.1
2025-05-01 23:00:00,557.9,2391.5,543.8,1124.0,4617.2,5.2,8.9,13.2
2025-05-02 00:00:00,546.2,2301.9,501.6,1095.9,4445.6,5.1,9.4,13.3
2025-05-02 01:00:00,532.6,2224.7,486.3,1083.1,4326.7,5.1,10.0,13.8
2025-05-02 02:00:00,533.2,2196.0,451.5,1066.7,4247.4,4.8,10.2,14.0
2025-05-02 03:00:00,536.8,2204.8,436.0,1068.4,4246.0,4.6,9.7,13.5
2025-05-02 04:00:00,472.1,2222.4,455.5,1075.6,4225.6,3.9,9.5,13.0
2025-05-02 05:00:00,460.0,2314.9,482.3,1127.4,4384.6,4.0,9.2,13.1
2025-05-02 06:00:00,535.2,2506.2,,,3041.4,3.9,9.8,13.0
2025-05-02 07:00:00,607.0,2768.4,584.7,1184.5,5144.6,4.1,10.7,13.2
2025-05-02 08:00:00,554.9,2865.5,634.1,1201.9,5256.4,3.6,11.4,13.9
2025-05-02 09:00:00,551.0,14500.0,661.7,1184.0,16896.7,4.0,12.5,14.8
2025-05-02 10:00:00,615.0,2891.2,668.4,1177.3,5351.9,4.4,12.9,15.9
2025-05-02 11:00:00,647.2,2862.9,717.2,1174.7,5402.0,5.2,14.4,17.4
2025-05-02 12:00:00,591.6,2852.4,708.0,1180.8,5332.8,5.7,13.6,15.9
2025-05-02 13:00:00,563.0,2811.7,617.7,1189.4,5181.8,5.2,11.5,15.3
2025-05-02 14:00:00,554.3,2701.0,553.9,1183.4,4992.6,6.1,12.7,14.8
2025-05-02 15:00:00,566.7,2602.3,550.4,1195.9,4915.3,6.3,14.7,15.1
2025-05-02 16:00:00,526.5,2623.1,548.4,1212.9,4910.9,5.9,14.5,15.5
2025-05-02 17:00:00,660.6,2802.0,553.9,1202.1,5218.6,5.8,13.7,15.4
2025-05-02 18:00:00,671.0,2770.7,543.5,1196.6,5181.8,6.1,13.2,14.7
2025-05-02 18:00:00,671.0,2770.7,543.5,1196.6,5181.8,6.1,13.2,14.7
2025-05-02 19:00:00,605.0,2686.6,582.9,1185.2,5059.7,6.5,12.0,14.1
2025-05-02 20:00:00,537.7,2752.1,605.9,1156.3,5052.0,6.6,11.4,13.4
2025-05-02 21:00:00,525.1,2691.5,620.3,1163.3,5000.2,6.2,10.9,12.5
2025-05-02 22:00:00,538.3,2615.6,612.0,1134.0,4899.9,5.5,10.4,11.7
2025-05-02 23:00:00,459.9,2529.6,561.1,1096.0,4646.6,5.5,9.8,11.0
2025-05-03 00:00:00,393.6,2449.5,528.3,1063.8,4435.2,5.5,9.5,10.5
2025-05-03 01:00:00,485.5,2376.5,525.3,1050.7,4438.0,5.1,8.7,10.1
2025-05-03 02:00:00,530.4,2360.2,522.3,1043.0,4455.9,4.4,8.1,9.7
2025-05-03 03:00:00,562.4,2402.6,504.7,1037.5,4507.2,4.8,6.6,9.1
2025-05-03 04:00:00,511.1,2376.2,499.3,1032.5,4419.1,4.5,6.3,8.9
2025-05-03 05:00:00,550.6,2348.8,503.0,1059.9,4462.3,4.3,6.0,8.6
2025-05-03 06:00:00,564.8,2375.2,532.6,1069.6,4542.2,4.4,6.5,8.7
2025-05-03 07:00:00,557.3,2418.2,568.8,1080.6,4624.9,5.0,7.6,9.0
2025-05-03 08:00:00,552.5,2503.2,572.0,1107.6,4735.3,5.7,8.8,9.4
2025-05-03 09:00:00,553.1,2533.2,567.4,1112.3,4766.0,6.4,10.1,10.3
2025-05-03 10:00:00,551.0,2545.6,563.1,1122.2,4781.9,7.5,11.3,11.3
2025-05-03 11:00:00,545.0,2536.8,576.6,1125.5,4783.9,8.1,12.3,11.6
2025-05-03 12:00:00,560.4,2505.2,561.1,1108.6,4735.3,7.9,13.2,12.1
2025-05-03 13:00:00,561.8,2519.5,546.7,1108.6,4736.6,8.4,13.3,13.3
2025-05-03 14:00:00,506.6,2504.8,544.7,1111.2,4667.3,8.0,13.5,14.1
2025-05-03 15:00:00,521.4,2471.0,585.8,1123.4,4701.6,7.9,13.8,13.5
2025-05-03 16:00:00,575.6,2495.4,624.9,1136.6,4832.5,7.7,13.5,13.6
2025-05-03 17:00:00,619.0,2592.5,626.7,1141.8,4980.0,6.8,14.0,12.4
2025-05-03 18:00:00,613.5,2655.0,600.2,1137.3,5006.0,6.5,13.7,11.7
2025-05-03 19:00:00,523.9,2642.7,628.7,1121.5,4916.8,6.0,13.1,10.7
2025-05-03 20:00:00,617.0,2639.4,619.8,1087.4,4963.6,3.8,11.4,10.2
2025-05-03 21:00:00,626.9,2677.2,621.8,1121.5,5047.4,3.1,9.9,9.4
2025-05-03 22:00:00,662.4,2602.9,592.7,1124.5,4982.5,3.2,9.8,9.2
2025-05-03 23:00:00,560.6,2478.1,573.4,1096.0,4708.1,3.1,7.7,8.9
2025-05-04 00:00:00,535.8,2378.1,551.6,1068.5,4534.0,2.5,7.3,8.3
2025-05-04 01:00:00,551.9,2309.7,529.2,1054.4,4445.2,1.2,6.7,7.8
2025-05-04 02:00:00,,2320.1,520.5,1046.0,3886.6,0.6,6.7,7.7
2025-05-04 03:00:00,518.0,2314.6,525.4,1047.9,4405.9,0.3,6.3,7.7
2025-05-04 04:00:00,493.8,2279.7,538.1,1043.6,4355.2,-0.1,6.2,7.4
2025-05-04 05:00:00,508.4,2243.6,528.6,1063.2,4343.8,-0.2,6.0,7.1
2025-05-04 06:00:00,517.0,2311.3,527.4,1062.4,4418.1,0.2,5.5,7.1
2025-05-04 07:00:00,507.0,2373.6,524.6,1086.3,4491.5,0.7,5.1,7.4
2025-05-04 08:00:00,510.9,2454.0,565.1,1100.5,4630.5,1.5,5.0,8.0
2025-05-04 09:00:00,522.8,2490.2,607.4,1114.2,4734.6,2.5,5.6,9.1
2025-05-04 10:00:00,542.1,2563.2,626.7,1126.4,4858.4,3.6,6.6,9.7
2025-05-04 11:00:00,557.3,2647.2,656.0,1136.7,4997.2,4.4,7.1,9.9
2025-05-04 12:00:00,576.2,2690.2,679.3,1140.0,5085.7,4.9,7.0,10.1
2025-05-04 13:00:00,537.7,2758.0,679.0,1122.6,5097.3,5.3,7.9,10.6
2025-05-04 14:00:00,485.3,2831.6,631.5,1126.1,5074.5,5.7,7.1,11.5
2025-05-04 15:00:00,521.4,2740.1,666.1,1128.9,5056.5,4.8,6.1,10.9
2025-05-04 16:00:00,532.0,2776.9,671.2,1143.3,5123.4,4.9,6.3,10.6
2025-05-04 17:00:00,548.2,2886.0,710.3,1161.8,5306.3,4.7,6.4,10.6
2025-05-04 18:00:00,518.0,2960.3,738.8,1178.8,5395.9,4.3,5.8,10.3
2025-05-04 19:00:00,607.0,2999.0,725.9,1164.2,5496.1,3.8,5.6,9.3
2025-05-04 20:00:00,588.2,3043.0,696.0,1150.1,5477.3,3.1,5.0,7.8
2025-05-04 21:00:00,611.5,3081.5,677.0,1189.7,5559.7,2.2,4.2,7.8
2025-05-04 22:00:00,519.8,2913.0,633.0,1197.3,5263.1,1.5,3.7,7.0
2025-05-04 23:00:00,536.0,2817.3,626.1,1162.8,5142.2,1.0,3.6,6.7
2025-05-05 00:00:00,458.1,2791.5,631.0,1137.8,5018.4,0.5,3.6,6.5
2025-05-05 01:00:00,493.6,2749.5,644.5,1112.8,5000.4,-0.2,3.7,6.3
2025-05-05 02:00:00,517.6,2744.3,644.8,1108.5,5015.2,-0.9,3.7,6.0
2025-05-05 03:00:00,568.1,2722.8,628.1,1107.8,5026.8,-1.7,2.2,5.6
2025-05-05 04:00:00,561.0,2763.8,627.8,1113.4,5066.0,-2.1,1.9,4.8
2025-05-05 05:00:00,628.5,2844.3,635.0,1177.6,5285.4,-1.8,2.0,4.2
2025-05-05 06:00:00,668.9,3123.8,713.5,1219.5,5725.7,-1.0,2.7,3.9
2025-05-05 07:00:00,645.8,3340.5,804.4,1217.4,6008.1,0.1,3.6,4.5
2025-05-05 08:00:00,580.3,3294.5,803.8,1231.8,5910.4,1.2,4.5,5.6
2025-05-05 09:00:00,571.5,3158.3,756.1,1221.0,5706.9,2.1,5.6,6.9
2025-05-05 10:00:00,523.3,3056.4,703.2,1219.1,5502.0,2.8,6.8,8.2
2025-05-05 11:00:00,550.8,2924.8,680.4,1211.2,5367.2,4.1,7.5,9.2
2025-05-05 12:00:00,608.5,2849.5,668.6,1193.4,5320.0,4.3,8.0,9.9
2025-05-05 13:00:00,579.2,2790.9,639.9,1182.9,5192.9,3.7,8.3,10.5
2025-05-05 14:00:00,562.8,2845.6,621.2,1181.0,5210.6,3.4,9.0,10.7
2025-05-05 15:00:00,524.7,2889.6,599.9,1172.3,5186.5,3.1,10.5,10.8
2025-05-05 16:00:00,555.5,2883.4,606.5,1154.5,5199.9,3.4,10.7,10.7
2025-05-05 17:00:00,547.4,2962.6,645.3,1127.4,5282.7,3.4,10.9,10.3
2025-05-05 18:00:00,534.2,2985.4,656.8,1119.8,5296.2,3.1,10.9,10.1
2025-05-05 19:00:00,618.0,3050.5,683.0,1108.5,5460.0,2.8,10.5,9.7
2025-05-05 20:00:00,661.6,3072.3,740.5,1087.9,5562.3,2.5,9.1,9.6
2025-05-05 21:00:00,587.8,3067.1,744.9,1117.2,5517.0,2.0,8.9,9.9
2025-05-05 22:00:00,611.5,2919.2,681.6,1129.4,5341.7,1.7,7.7,9.6
2025-05-05 23:00:00,554.1,2795.8,627.8,1104.1,5081.8,1.3,7.6,9.2
2025-05-06 00:00:00,443.1,2665.8,617.2,1092.7,4818.8,1.5,7.6,8.9
2025-05-06 01:00:00,468.1,2639.4,615.1,1072.6,4795.2,0.8,7.3,8.6
2025-05-06 02:00:00,501.9,2649.8,608.0,1068.7,4828.4,0.3,7.2,8.2
2025-05-06 03:00:00,481.9,2593.8,584.4,1071.2,4731.3,-0.1,7.2,7.7
2025-05-06 04:00:00,565.5,2563.8,592.1,1083.1,4804.5,-0.3,6.2,7.6
2025-05-06 05:00:00,551.5,2612.0,601.6,1145.2,4910.3,-0.2,5.7,8.0
2025-05-06 06:00:00,539.1,2846.9,660.0,1172.0,5218.0,0.6,5.7,8.5
2025-05-06 07:00:00,,,731.6,1191.4,1923.0,1.3,6.3,9.1
2025-05-06 08:00:00,568.1,2970.1,677.0,1212.5,5427.7,1.9,6.2,10.0
2025-05-06 09:00:00,546.8,3015.3,694.5,1224.1,5480.7,2.8,6.1,11.1
2025-05-06 10:00:00,558.3,3026.4,673.5,1233.9,5492.1,2.9,5.8,12.4
2025-05-06 11:00:00,577.2,3013.1,670.1,1255.6,5516.0,2.9,6.3,13.0
2025-05-06 12:00:00,611.9,2964.8,643.0,1253.1,5472.8,3.2,7.7,13.4
2025-05-06 13:00:00,608.1,2934.5,620.6,1253.9,5417.1,4.1,8.2,14.0
2025-05-06 14:00:00,579.2,2907.8,602.5,1238.9,5328.4,4.7,8.4,13.7
2025-05-06 15:00:00,568.7,2953.4,582.9,1242.0,5347.0,4.0,8.4,13.4
2025-05-06 16:00:00,562.0,2977.5,604.8,1247.5,5391.8,4.3,8.7,13.0
2025-05-06 17:00:00,626.7,3100.4,639.3,1242.0,5608.4,4.4,8.8,12.8
2025-05-06 18:00:00,611.1,3104.9,656.6,1230.2,5602.8,4.4,9.1,12.8
2025-05-06 19:00:00,590.2,3090.3,675.0,1198.1,5553.6,4.3,8.8,12.1
2025-05-06 20:00:00,609.9,3004.6,691.4,1144.5,5450.4,3.9,8.0,11.4
2025-05-06 21:00:00,599.3,3045.0,700.6,1157.7,5502.6,3.3,6.0,10.8
2025-05-06 22:00:00,580.9,2960.0,673.2,1152.8,5366.9,2.5,4.7,10.3
2025-05-06 23:00:00,546.8,2729.6,612.6,1144.5,5033.5,1.6,4.0,9.0
2025-05-07 00:00:00,514.3,2606.5,590.4,1131.4,4842.6,0.9,3.6,8.1
2025-05-07 01:00:00,565.3,2603.6,580.6,1122.8,4872.3,0.2,3.2,7.6
2025-05-07 02:00:00,,2576.5,578.3,1122.5,4277.3,0.2,3.2,7.2
2025-05-07 03:00:00,593.7,2549.2,572.9,1098.1,4813.9,1.5,2.9,6.4
2025-05-07 04:00:00,581.7,2580.8,561.7,1116.0,4840.2,1.3,3.0,6.1
2025-05-07 05:00:00,579.2,2704.5,576.9,1159.1,5019.7,1.2,2.9,5.8
2025-05-07 06:00:00,617.8,2976.6,664.9,1163.4,5422.7,1.6,2.8,5.7
2025-05-07 07:00:00,573.0,3122.5,735.4,1179.7,5610.6,2.4,3.4,6.6
2025-05-07 08:00:00,522.8,3101.0,728.5,1183.5,5535.8,3.5,4.4,8.1
2025-05-07 09:00:00,492.8,3011.7,695.7,1213.9,5414.1,3.6,5.5,9.8
2025-05-07 10:00:00,512.5,3042.4,672.4,1228.8,5456.1,5.3,6.8,11.2
2025-05-07 11:00:00,495.0,3010.4,665.8,1224.3,5395.5,5.5,7.1,12.2
2025-05-07 12:00:00,494.8,2978.8,684.5,1210.4,5368.5,5.8,6.9,12.7
2025-05-07 13:00:00,525.3,2998.7,680.1,1220.1,5424.2,5.6,7.4,12.8
2025-05-07 14:00:00,528.9,2975.9,650.5,1223.8,5379.1,6.1,7.6,12.4
2025-05-07 15:00:00,542.5,2840.4,656.3,1225.6,5264.8,5.2,8.2,12.3
2025-05-07 16:00:00,582.1,2850.8,636.7,1212.1,5281.7,5.5,9.0,12.6
2025-05-07 17:00:00,568.7,2866.1,639.9,1178.4,5253.1,5.8,9.9,12.8
2025-05-07 18:00:00,562.6,2888.3,642.8,1167.5,5261.2,5.9,9.1,12.7
2025-05-07 19:00:00,570.9,2975.3,672.4,1141.2,5359.8,5.7,6.4,12.2
2025-05-07 20:00:00,593.4,3071.7,690.2,1097.9,5453.2,5.0,5.2,11.5
2025-05-07 21:00:00,591.6,3057.0,698.3,1127.9,5474.8,3.9,4.7,10.8
2025-05-07 22:00:00,573.8,2950.8,668.4,1108.6,5301.6,3.1,4.5,10.8
2025-05-07 23:00:00,566.8,2770.0,618.3,1089.1,5044.2,3.0,4.5,10.8
2025-05-08 00:00:00,519.6,2586.3,585.0,1064.9,4755.8,2.7,4.4,10.2
2025-05-08 01:00:00,508.4,2555.0,582.7,1055.2,4701.3,2.4,4.2,9.8
2025-05-08 02:00:00,509.0,2510.7,577.2,1047.1,4644.0,2.5,4.0,8.8
2025-05-08 03:00:00,524.1,2515.6,582.5,1053.3,4675.5,2.6,3.7,7.2
2025-05-08 04:00:00,535.2,2564.1,587.8,1065.3,4752.4,2.2,3.6,6.0
2025-05-08 05:00:00,535.8,2682.4,583.2,1131.4,4932.8,2.6,3.8,5.2
2025-05-08 06:00:00,566.7,2934.2,654.5,1163.6,5319.0,3.3,4.4,5.1
2025-05-08 07:00:00,575.0,3067.8,723.9,1169.7,5536.4,3.7,5.1,5.6
2025-05-08 08:00:00,576.4,3082.1,743.1,1192.1,5593.7,4.9,6.1,6.9
2025-05-08 09:00:00,566.9,3057.0,708.6,1196.8,5529.3,5.8,7.1,8.8
2025-05-08 10:00:00,549.4,3031.9,694.5,1193.3,5469.1,6.1,8.2,10.8
2025-05-08 11:00:00,530.2,2926.4,693.1,1202.8,5352.5,6.6,8.6,12.3
2025-05-08 12:00:00,548.6,2844.3,681.3,1201.4,5275.6,6.4,9.6,13.3
2025-05-08 13:00:00,556.5,2744.9,658.3,1187.8,5147.5,6.8,10.2,14.0
2025-05-08 14:00:00,552.5,2768.4,657.7,1167.9,5146.5,6.1,10.6,14.3
2025-05-08 15:00:00,578.8,2773.3,652.8,1160.3,5165.2,5.2,10.0,13.6
2025-05-08 16:00:00,532.8,2778.2,636.1,1156.2,5103.3,5.1,9.7,12.7
2025-05-08 17:00:00,532.0,2892.5,658.0,1141.8,5224.3,5.0,8.4,12.0
2025-05-08 18:00:00,579.2,2912.4,662.0,1137.6,5291.2,4.6,6.5,11.7
2025-05-08 19:00:00,561.4,2942.7,676.1,1123.5,5303.7,3.9,5.9,11.3
2025-05-08 20:00:00,522.0,2903.6,669.8,1104.7,5200.1,3.3,6.0,10.3
2025-05-08 21:00:00,521.8,2918.9,691.1,1116.1,5247.9,2.8,5.1,9.6
2025-05-08 22:00:00,553.5,2816.6,654.8,1101.4,5126.3,2.5,4.8,9.5
2025-05-08 23:00:00,557.5,2671.6,597.9,1085.8,4912.8,2.6,4.7,9.5
2025-05-09 00:00:00,509.7,2512.0,595.6,1088.2,4705.5,2.6,4.4,9.6
2025-05-09 01:00:00,523.2,2457.9,558.2,1078.5,4617.8,2.4,4.2,9.5
2025-05-09 02:00:00,516.6,2453.1,553.3,1075.2,4598.2,2.4,4.0,9.4
2025-05-09 03:00:00,514.3,2476.2,543.0,1072.9,4606.4,2.7,3.2,8.9
2025-05-09 04:00:00,508.6,2538.7,553.6,1083.4,4684.3,2.5,2.7,8.8
2025-05-09 05:00:00,558.8,2594.8,578.9,1138.7,4871.2,2.7,2.8,8.5
2025-05-09 06:00:00,569.9,2773.3,624.1,1171.3,5138.6,3.2,3.0,8.5
2025-05-09 07:00:00,570.1,3057.7,682.2,1173.2,5483.2,4.2,3.5,9.2
2025-05-09 08:00:00,569.7,3204.9,683.0,1186.2,5643.8,4.3,4.1,10.1
2025-05-09 09:00:00,562.8,3236.5,658.9,1191.9,5650.1,5.2,4.5,11.2
2025-05-09 10:00:00,558.1,3226.1,632.1,1201.1,5617.4,5.9,4.5,12.7
2025-05-09 11:00:00,579.4,3197.1,609.1,1204.5,5590.1,6.5,4.9,13.9
2025-05-09 12:00:00,563.8,3192.6,586.7,1198.3,5541.4,6.8,5.5,14.9
2025-05-09 13:00:00,559.8,3151.8,580.4,1193.6,5485.6,7.0,6.1,16.0
2025-05-09 14:00:00,544.1,3105.6,619.5,1185.1,5454.3,7.2,6.7,16.5
2025-05-09 15:00:00,555.9,3098.4,629.5,1182.1,5465.9,7.1,6.2,15.6
2025-05-09 16:00:00,546.0,3134.2,647.9,1170.4,5498.5,7.2,6.4,15.5
2025-05-09 17:00:00,551.7,3185.1,664.9,1149.6,5551.3,7.2,6.2,14.3
2025-05-09 18:00:00,555.1,3084.4,650.2,1150.8,5440.5,7.0,5.9,13.4
2025-05-09 19:00:00,562.4,2994.5,635.9,1149.2,5342.0,6.5,5.5,13.3
2025-05-09 20:00:00,543.1,2886.0,617.4,1126.2,5172.7,5.4,5.1,13.1
2025-05-09 21:00:00,548.2,2866.5,618.3,1147.8,5180.8,3.9,4.8,13.0
2025-05-09 22:00:00,553.9,2792.2,600.8,1145.5,5092.4,2.3,4.6,12.6
2025-05-09 23:00:00,,2652.4,557.1,1133.5,4343.0,1.7,4.4,12.2
2025-05-10 00:00:00,572.8,2586.0,551.9,1114.3,4825.0,1.2,4.3,11.6
2025-05-10 01:00:00,539.1,2530.6,543.5,1095.8,4709.0,0.6,3.9,11.3
2025-05-10 02:00:00,531.2,2510.4,532.3,1086.1,4660.0,0.4,3.7,10.9
2025-05-10 03:00:00,534.2,2499.0,524.0,1075.5,4632.7,0.6,3.3,10.9
2025-05-10 04:00:00,,2477.2,517.1,1067.2,4061.5,1.5,3.3,10.5
2025-05-10 05:00:00,509.1,2474.2,521.7,1085.0,4590.0,1.8,3.3,10.4
2025-05-10 06:00:00,515.9,2486.9,536.9,1072.5,4612.2,3.2,3.9,10.3
2025-05-10 07:00:00,523.5,2543.3,564.8,1078.2,4709.8,4.9,4.3,10.4
2025-05-10 08:00:00,523.5,2627.7,603.1,1091.1,4845.4,6.3,5.2,11.0
2025-05-10 09:00:00,499.7,2673.6,627.8,1104.3,4905.4,7.4,6.4,11.9
2025-05-10 10:00:00,498.9,2750.8,656.3,1109.8,5015.8,8.1,7.3,12.7
2025-05-10 11:00:00,441.5,2753.4,649.1,1119.5,4963.5,8.2,7.8,12.8
2025-05-10 12:00:00,403.5,2698.0,,1104.4,4205.9,8.5,8.3,12.4
2025-05-10 13:00:00,456.1,2663.2,636.4,1101.0,4856.7,8.8,8.8,12.0
2025-05-10 14:00:00,462.2,2614.6,602.2,1097.2,4776.2,8.6,9.3,12.1
2025-05-10 15:00:00,469.1,2564.8,594.2,1091.5,4719.6,8.9,9.5,11.1
2025-05-10 16:00:00,540.5,2643.6,581.5,1087.0,4852.6,8.6,10.0,11.2
2025-05-10 17:00:00,553.7,2726.4,594.4,1083.0,4957.5,8.2,10.0,11.4
2025-05-10 18:00:00,542.3,2752.4,605.9,1067.9,4968.5,7.8,9.6,11.5
2025-05-10 19:00:00,516.8,2756.3,624.4,1063.7,4961.2,7.3,8.8,11.1
2025-05-10 20:00:00,492.6,2727.0,625.8,1057.4,4902.8,6.0,8.0,10.1
2025-05-10 21:00:00,525.3,2733.9,642.5,1087.6,4989.3,4.6,7.0,8.6
2025-05-10 22:00:00,564.6,2695.8,617.2,1081.4,4959.0,3.8,5.8,7.6
2025-05-10 23:00:00,,2606.5,586.4,1064.9,4257.8,3.6,5.4,6.9
2025-05-11 00:00:00,514.5,2570.7,564.5,1043.5,4693.2,3.4,5.5,6.5
2025-05-11 01:00:00,513.1,2521.1,550.2,1024.8,4609.2,2.9,5.1,6.2
2025-05-11 02:00:00,522.2,2494.1,547.0,1011.8,4575.1,2.6,4.9,6.2
2025-05-11 03:00:00,511.3,2477.5,541.0,1010.6,4540.4,2.9,4.0,6.3
2025-05-11 04:00:00,505.0,2445.9,541.8,1001.4,4494.1,3.4,4.5,6.7
2025-05-11 05:00:00,489.0,2410.7,529.2,1012.8,4441.7,4.1,4.6,6.9
2025-05-11 06:00:00,489.4,2414.3,530.3,1013.5,4447.5,4.7,5.1,7.1
2025-05-11 07:00:00,518.0,2426.3,526.3,1017.1,4487.7,5.1,5.7,7.5
2025-05-11 08:00:00,497.3,2480.1,533.2,1045.1,4555.7,5.9,6.5,8.2
2025-05-11 09:00:00,501.9,2585.3,551.9,1050.2,4689.3,6.8,7.8,8.8
2025-05-11 10:00:00,526.3,2647.2,556.8,1055.4,4785.7,7.7,9.3,9.3
2025-05-11 11:00:00,517.6,2692.5,532.9,1057.0,4800.0,8.2,10.7,9.7
2025-05-11 12:00:00,502.4,2696.4,517.7,1042.1,4758.6,8.7,11.4,11.0
2025-05-11 13:00:00,501.9,2644.9,495.2,1028.2,4670.2,8.8,12.1,11.8
2025-05-11 14:00:00,491.2,2606.8,493.8,1019.3,4611.1,8.6,12.9,12.5
2025-05-11 15:00:00,492.4,2590.2,,1019.3,4101.9,8.6,13.6,12.3
2025-05-11 16:00:00,487.5,2659.9,523.4,1025.8,4696.6,8.6,13.0,12.4
2025-05-11 17:00:00,542.1,2724.1,552.2,1017.2,4835.6,8.4,11.4,12.2
2025-05-11 18:00:00,538.9,2819.2,578.3,1014.4,4950.8,7.9,10.5,11.7
2025-05-11 19:00:00,524.7,2830.6,605.9,1022.1,4983.3,7.0,10.2,10.9
2025-05-11 20:00:00,579.7,2817.9,610.0,1008.6,5016.2,5.9,9.2,10.3
2025-05-11 21:00:00,577.0,2818.9,613.4,1049.4,5058.7,4.7,7.6,9.3
2025-05-11 22:00:00,520.0,2748.9,593.9,1062.2,4925.0,4.0,6.3,8.5
2025-05-11 23:00:00,503.8,2658.6,558.8,1024.0,4745.2,3.9,5.3,7.7
2025-05-12 00:00:00,529.5,2570.0,537.5,985.6,4622.6,4.0,5.1,7.2
2025-05-12 01:00:00,528.3,2555.0,531.7,965.1,4580.1,3.8,4.9,6.9
2025-05-12 02:00:00,522.6,2518.2,528.0,961.2,4530.0,3.5,4.3,6.5
2025-05-12 03:00:00,487.7,2526.4,528.6,961.5,4504.2,3.5,3.2,5.4
2025-05-12 04:00:00,483.3,2518.9,524.8,985.3,4512.3,3.6,3.4,5.1
2025-05-12 05:00:00,528.5,2544.3,544.4,1037.1,4654.3,4.1,4.5,5.0
2025-05-12 06:00:00,505.0,2762.2,628.1,1065.3,4960.6,4.8,5.2,5.2
2025-05-12 07:00:00,542.1,2943.3,717.2,1067.2,5269.8,5.6,6.1,6.1
2025-05-12 08:00:00,502.6,2960.0,757.5,1084.7,5304.8,6.5,8.0,7.3
2025-05-12 09:00:00,533.2,2930.0,751.8,1082.7,5297.7,7.1,10.2,8.2
2025-05-12 10:00:00,510.7,2845.0,742.0,1087.7,5185.4,7.7,11.8,9.1
2025-05-12 11:00:00,503.6,2810.1,712.1,1082.6,5108.4,8.6,13.1,9.7
2025-05-12 12:00:00,495.1,2822.2,681.0,1074.0,5072.3,9.0,14.3,10.7
2025-05-12 13:00:00,465.2,2804.9,666.1,1072.4,5008.6,9.2,14.2,11.2
2025-05-12 14:00:00,457.3,2772.6,628.7,1062.8,4921.4,9.1,15.2,11.6
2025-05-12 15:00:00,453.5,2781.1,607.7,1059.9,4902.2,9.4,15.9,10.7
2025-05-12 16:00:00,512.9,2791.2,611.1,1052.6,4967.8,8.6,16.5,11.8
2025-05-12 17:00:00,480.2,2868.7,650.5,1051.2,5050.6,7.5,16.5,11.7
2025-05-12 18:00:00,467.1,2895.4,651.4,1054.8,5068.7,7.0,16.8,11.4
2025-05-12 19:00:00,481.0,2873.9,658.9,1036.5,5050.3,6.3,16.5,11.0
2025-05-12 20:00:00,559.0,2816.0,645.1,1016.8,5036.9,6.1,13.6,10.5
2025-05-12 21:00:00,505.8,2782.4,,1040.3,4328.5,5.4,10.6,10.0
2025-05-12 22:00:00,561.2,2671.3,608.8,1037.4,4878.7,5.1,9.4,9.7
2025-05-12 23:00:00,598.5,2531.9,577.2,1002.6,4710.2,4.6,8.9,9.6
2025-05-13 00:00:00,531.0,2406.5,551.6,986.8,4475.9,3.8,8.4,10.0
2025-05-13 01:00:00,541.9,2386.9,526.3,985.4,4440.5,3.2,8.1,10.1
2025-05-13 02:00:00,453.3,2391.8,518.5,993.5,4357.1,2.9,7.9,10.1
2025-05-13 03:00:00,458.3,2358.3,529.2,998.1,4343.9,4.7,7.5,9.7
2025-05-13 04:00:00,484.5,2374.2,542.1,1011.8,4412.6,4.9,7.4,9.9
2025-05-13 05:00:00,494.4,2455.0,555.3,1072.4,4577.1,5.3,7.5,9.8
2025-05-13 06:00:00,535.0,2724.1,629.8,1088.0,4976.9,6.3,8.0,9.7
2025-05-13 07:00:00,507.4,2942.0,689.9,1077.3,5216.6,8.3,9.2,10.0
2025-05-13 08:00:00,472.9,2973.0,691.4,1069.0,5206.3,10.3,10.3,10.9
2025-05-13 09:00:00,453.0,2927.7,654.0,1058.6,5093.3,11.5,11.7,12.5
2025-05-13 10:00:00,415.9,2943.7,617.7,1083.9,5061.2,12.5,13.4,14.4
2025-05-13 11:00:00,449.6,2871.7,605.7,1105.2,5032.2,13.1,14.0,15.9
2025-05-13 12:00:00,483.3,2842.0,586.1,1083.5,4994.9,12.8,15.4,16.8
2025-05-13 13:00:00,486.5,2757.6,589.3,1086.1,4919.5,12.1,15.9,17.5
2025-05-13 14:00:00,582.9,2826.7,582.9,1068.9,5061.4,12.1,16.2,18.0
2025-05-13 15:00:00,503.0,2903.3,,1083.4,4489.7,12.1,16.5,18.8
2025-05-13 16:00:00,599.5,2945.6,591.6,1084.4,5221.1,10.9,16.2,18.8
2025-05-13 17:00:00,555.3,2964.5,616.9,1083.1,5219.8,13.1,15.7,18.7
2025-05-13 18:00:00,496.7,2920.9,638.2,,4055.8,13.3,15.0,18.4
2025-05-13 19:00:00,522.2,2882.7,668.4,1098.4,5171.7,10.2,14.3,17.7
2025-05-13 20:00:00,486.3,2818.2,648.8,1052.1,5005.4,9.3,13.1,16.8
2025-05-13 21:00:00,473.7,2784.7,625.5,1070.2,4954.1,8.9,11.9,16.0
2025-05-13 22:00:00,485.7,2667.4,570.3,1071.6,4795.0,8.2,10.3,15.3
2025-05-13 23:00:00,479.6,2515.6,532.9,1035.7,4563.8,6.5,9.4,14.6
2025-05-14 00:00:00,442.5,2353.4,501.3,991.8,4289.0,5.6,8.1,13.9
2025-05-14 01:00:00,470.3,,481.1,976.3,1927.7,4.8,7.6,13.1
2025-05-14 02:00:00,518.4,2216.5,473.4,969.4,4177.7,4.0,7.9,12.4
2025-05-14 03:00:00,564.8,2244.2,469.6,973.4,4252.0,3.2,8.6,11.3
2025-05-14 04:00:00,441.5,2279.7,458.7,1006.7,4186.6,3.2,7.6,10.8
2025-05-14 05:00:00,481.1,2334.5,474.2,1077.2,4367.0,3.7,6.5,10.4
2025-05-14 06:00:00,454.1,2637.4,558.2,,3649.7,4.5,6.6,10.4
2025-05-14 07:00:00,489.6,2808.8,599.0,1157.2,5054.6,5.7,6.7,10.9
2025-05-14 08:00:00,516.8,2842.7,635.0,1152.8,5147.3,7.3,7.2,11.7
2025-05-14 09:00:00,523.0,2960.3,657.1,1151.3,5291.7,8.0,7.9,12.9
2025-05-14 10:00:00,496.7,2961.6,702.6,1170.5,5331.4,8.1,8.6,14.1
2025-05-14 11:00:00,467.5,2936.5,718.7,1180.8,5303.5,7.5,9.3,15.1
2025-05-14 12:00:00,561.0,2969.4,677.3,1164.6,5372.3,7.5,10.1,15.8
2025-05-14 13:00:00,535.6,2964.8,663.2,1146.5,5310.1,9.7,10.8,16.2
2025-05-14 14:00:00,512.5,2955.4,635.6,1133.7,5237.2,11.2,11.4,16.6
2025-05-14 15:00:00,502.1,2864.8,630.7,1145.7,5143.3,10.6,10.1,15.7
2025-05-14 16:00:00,489.4,2851.5,615.7,1153.0,5109.6,11.4,10.7,14.5
2025-05-14 17:00:00,537.2,2885.7,622.6,1160.2,5205.7,12.2,11.1,13.5
2025-05-14 18:00:00,465.2,2880.8,602.5,1188.8,5137.3,11.2,6.5,12.7
2025-05-14 19:00:00,521.0,2864.2,628.7,1174.1,5188.0,11.6,6.3,12.3
2025-05-14 20:00:00,493.0,2931.9,634.7,1153.7,5213.3,11.3,6.8,12.0
2025-05-14 21:00:00,531.2,2922.8,631.3,1168.4,5253.7,10.1,6.2,12.1
2025-05-14 22:00:00,476.4,2824.1,616.9,1134.9,5052.3,8.8,4.4,11.8
2025-05-14 23:00:00,493.4,2698.4,536.6,1078.7,4807.1,7.9,4.7,11.1
2025-05-15 00:00:00,447.4,2600.0,,1040.0,4087.4,7.0,4.9,10.6
2025-05-15 01:00:00,477.4,2506.2,527.1,1022.0,4532.7,6.1,5.1,10.7
2025-05-15 02:00:00,465.2,2487.3,520.8,1014.7,4488.0,5.4,5.3,10.1
2025-05-15 03:00:00,464.2,2468.7,525.7,1004.4,4463.0,4.6,5.3,8.8
2025-05-15 04:00:00,443.3,2459.2,550.7,1017.6,4470.8,4.3,5.7,8.5
2025-05-15 05:00:00,454.5,2549.5,576.3,1090.3,4670.6,4.6,6.5,8.3
2025-05-15 06:00:00,541.9,2771.7,646.5,1133.0,5093.1,5.4,7.0,8.4
2025-05-15 07:00:00,532.8,2913.0,693.9,1163.6,5303.3,6.6,7.9,8.6
2025-05-15 08:00:00,481.0,2877.2,670.1,1175.6,5203.9,8.2,8.7,9.2
2025-05-15 09:00:00,442.5,2881.1,647.6,1178.9,5150.1,10.0,9.7,10.0
2025-05-15 10:00:00,393.6,2829.3,654.8,1171.0,5048.7,11.6,10.4,11.0
2025-05-15 11:00:00,464.6,2830.0,696.8,1178.2,5169.6,12.9,11.0,11.8
2025-05-15 12:00:00,488.6,2902.9,712.6,1172.9,5277.0,13.9,11.1,12.8
2025-05-15 13:00:00,479.6,2830.3,730.5,1156.4,5196.8,14.7,11.5,13.8
2025-05-15 14:00:00,472.7,2811.7,712.6,1137.0,5134.0,15.2,12.8,13.9
2025-05-15 15:00:00,467.7,2700.3,693.9,1129.5,4991.4,15.7,13.3,14.0
2025-05-15 16:00:00,505.2,2684.0,714.7,1130.2,5034.1,15.8,13.4,13.4
2025-05-15 17:00:00,550.2,2730.6,729.3,1127.6,5137.7,15.7,13.2,13.7
2025-05-15 18:00:00,473.1,2682.1,693.1,1138.4,4986.7,15.5,12.7,13.5
2025-05-15 19:00:00,478.4,2751.5,657.4,1127.0,5014.3,14.9,12.2,13.0
2025-05-15 20:00:00,482.1,2783.4,654.8,1090.0,5010.3,13.9,11.5,12.7
2025-05-15 21:00:00,508.6,2821.2,668.6,1089.2,5087.6,12.4,10.3,12.4
2025-05-15 22:00:00,450.2,2667.4,626.7,1076.2,4820.5,11.3,9.3,12.3
2025-05-15 23:00:00,453.0,2516.3,562.5,1047.8,4579.6,9.9,8.8,11.8
2025-05-16 00:00:00,515.7,2425.7,528.9,1029.8,4500.1,8.2,8.5,11.6
2025-05-16 01:00:00,505.2,2385.9,524.3,1015.9,4431.3,7.6,8.2,11.6
2025-05-16 02:00:00,485.9,2472.6,515.1,1009.1,4482.7,6.8,7.8,11.6
2025-05-16 03:00:00,460.2,2449.5,525.4,1006.8,4441.9,5.6,7.4,11.6
2025-05-16 04:00:00,452.2,2420.5,530.9,1024.3,4427.9,5.1,7.1,11.9
2025-05-16 05:00:00,500.5,2481.1,544.7,1051.8,4578.1,5.2,6.8,11.7
2025-05-16 06:00:00,551.3,2752.4,629.8,1076.4,5009.9,6.1,7.4,11.3
2025-05-16 07:00:00,612.9,2926.4,687.3,1088.6,5315.2,7.6,8.4,11.2
2025-05-16 08:00:00,552.1,2991.2,618.3,1085.6,5247.2,9.2,9.7,11.5
2025-05-16 09:00:00,520.6,2985.0,,1092.2,4597.8,10.8,11.2,12.2
2025-05-16 10:00:00,472.5,2878.8,610.0,1111.6,5072.9,12.0,12.4,13.5
2025-05-16 11:00:00,465.4,2798.7,643.0,1127.1,5034.2,12.7,13.4,14.2
2025-05-16 12:00:00,427.7,2750.8,695.1,1103.0,4976.6,12.3,14.1,15.1
2025-05-16 13:00:00,410.4,2681.4,683.9,1094.0,4869.7,12.0,14.5,15.0
2025-05-16 14:00:00,394.4,2602.6,645.6,1092.4,4735.0,12.2,14.7,15.4
2025-05-16 15:00:00,432.2,2494.1,641.3,1088.9,4656.5,12.4,15.4,16.8
2025-05-16 16:00:00,430.1,2477.5,617.7,1081.9,4607.2,11.2,15.1,17.1
2025-05-16 17:00:00,471.5,2580.8,639.3,1069.1,4760.7,10.9,14.6,16.9
2025-05-16 18:00:00,487.1,2487.6,631.3,1073.1,4679.1,10.6,13.8,16.6
2025-05-16 19:00:00,499.3,2509.4,563.7,1055.7,4628.1,10.0,13.1,16.3
2025-05-16 20:00:00,547.2,2544.3,587.5,1035.3,4714.3,9.5,12.2,15.4
2025-05-16 21:00:00,550.2,2528.6,606.2,1048.6,4733.6,8.4,11.0,14.6
2025-05-16 22:00:00,601.8,2386.9,566.3,1052.6,4607.6,7.9,9.9,13.6
2025-05-16 23:00:00,507.0,2247.5,514.2,1013.0,4281.7,7.6,9.4,13.3
2025-05-17 00:00:00,476.6,2203.2,467.6,978.7,4126.1,8.5,9.3,13.1
2025-05-17 01:00:00,476.2,2187.2,476.2,959.5,4099.1,8.7,8.9,12.9
2025-05-17 02:00:00,462.2,2114.3,481.4,957.0,4014.9,8.3,8.7,12.8
2025-05-17 03:00:00,433.8,2088.2,515.4,948.1,3985.5,8.4,9.1,12.0
2025-05-17 04:00:00,406.8,2084.9,539.8,954.2,3985.7,7.7,8.4,11.5
2025-05-17 05:00:00,479.2,2172.6,538.9,972.4,4163.1,7.6,8.2,10.7
2025-05-17 06:00:00,453.7,2122.4,561.9,,3138.0,7.7,8.7,10.5
2025-05-17 07:00:00,459.9,2166.0,569.1,989.8,4184.8,7.8,9.2,10.9
2025-05-17 08:00:00,530.1,2283.0,579.2,1025.8,4418.1,8.7,9.7,11.6
2025-05-17 09:00:00,,2417.9,586.7,1042.2,4046.8,9.8,9.9,12.6
2025-05-17 10:00:00,433.4,2617.2,568.8,1044.8,4664.2,11.1,9.4,14.0
2025-05-17 11:00:00,447.8,2672.9,579.5,1066.2,4766.4,12.2,9.1,14.9
2025-05-17 12:00:00,450.2,2642.0,587.8,1069.0,4749.0,12.9,8.7,14.5
2025-05-17 13:00:00,429.9,2563.8,576.6,1059.3,4629.6,13.3,8.6,14.5
2025-05-17 14:00:00,429.7,2635.5,529.2,1051.7,4646.1,13.4,8.8,13.4
2025-05-17 15:00:00,464.0,2588.2,,1039.4,4091.6,13.6,9.1,11.8
2025-05-17 16:00:00,470.9,2627.7,501.3,1048.5,4648.4,13.6,9.1,12.2
2025-05-17 17:00:00,486.5,2687.3,532.3,1060.3,4766.4,13.5,8.8,13.6
2025-05-17 18:00:00,504.8,2721.8,538.1,1062.2,4826.9,12.9,8.6,13.4
2025-05-17 19:00:00,496.9,2706.2,,1043.9,4247.0,12.1,8.6,13.1
2025-05-17 20:00:00,502.4,2696.7,541.5,1009.9,4750.5,11.5,8.3,12.8
2025-05-17 21:00:00,476.2,2690.9,546.7,1038.3,4752.1,10.2,7.9,11.7
2025-05-17 22:00:00,422.0,2540.0,560.5,1045.8,4568.3,9.0,7.6,11.2
2025-05-17 23:00:00,338.2,2430.9,546.7,1011.9,4327.7,8.1,7.2,11.7
2025-05-18 00:00:00,371.1,2381.4,549.0,985.4,4286.9,7.3,6.7,11.1
2025-05-18 01:00:00,294.8,2386.3,549.9,970.3,4201.3,6.2,6.0,10.2
2025-05-18 02:00:00,320.8,2337.4,536.3,960.7,4155.2,5.5,5.5,9.3
2025-05-18 03:00:00,382.7,2259.2,520.5,950.5,4112.9,4.9,4.9,8.5
2025-05-18 04:00:00,357.7,2220.5,508.7,950.3,4037.2,4.4,4.8,8.4
2025-05-18 05:00:00,393.4,2196.0,481.7,949.7,4020.8,4.6,5.2,8.6
2025-05-18 06:00:00,512.1,2197.3,477.7,939.2,4126.3,5.4,5.9,8.4
2025-05-18 07:00:00,375.5,2226.6,478.3,955.5,4035.9,6.7,7.2,8.5
2025-05-18 08:00:00,270.7,2294.1,484.6,980.8,4030.2,8.1,8.9,9.3
2025-05-18 09:00:00,419.4,2377.1,517.4,1009.2,4323.1,9.3,10.5,10.5
2025-05-18 10:00:00,398.7,2270.0,539.8,1013.5,4222.0,10.2,12.2,11.6
2025-05-18 11:00:00,490.6,2239.0,573.2,994.9,4297.7,11.2,13.8,12.7
2025-05-18 12:00:00,443.7,2348.5,596.5,986.8,4375.5,12.3,14.6,12.2
2025-05-18 13:00:00,442.7,2463.2,613.1,977.1,4496.1,13.3,15.1,13.1
2025-05-18 14:00:00,417.7,2402.6,605.9,969.5,4395.7,13.8,15.1,13.0
2025-05-18 15:00:00,401.7,2407.1,,974.9,3783.7,13.4,14.6,12.8
2025-05-18 16:00:00,420.2,2307.1,592.7,984.6,4304.6,12.6,14.1,12.8
2025-05-18 17:00:00,452.2,2405.5,631.0,995.4,4484.1,11.9,13.5,13.2
2025-05-18 18:00:00,506.4,2588.6,615.7,1002.3,4713.0,11.3,12.6,13.5
2025-05-18 19:00:00,492.6,2585.3,646.2,989.4,4713.5,10.7,11.7,13.5
2025-05-18 20:00:00,457.9,2706.8,674.4,962.9,4802.0,9.3,10.3,13.5
2025-05-18 21:00:00,396.2,2702.6,634.4,992.7,4725.9,8.0,9.3,13.1
2025-05-18 22:00:00,382.4,2662.8,632.1,988.2,4665.5,7.3,8.8,12.5
2025-05-18 23:00:00,,2455.3,567.7,973.8,3996.8,7.2,8.7,12.5
2025-05-19 00:00:00,395.4,2445.2,561.9,932.9,4335.4,7.1,8.5,12.2
2025-05-19 01:00:00,395.2,2376.8,532.0,933.4,4237.4,7.3,8.4,11.5
2025-05-19 02:00:00,455.3,2383.0,521.4,921.1,4280.8,7.4,8.3,11.2
2025-05-19 03:00:00,459.1,2358.6,516.5,910.7,4244.9,6.8,7.5,11.5
2025-05-19 04:00:00,409.0,2316.2,522.8,934.9,4182.9,5.9,6.9,11.7
2025-05-19 05:00:00,416.1,2339.0,551.9,1014.2,4321.2,6.3,6.6,11.3
2025-05-19 06:00:00,499.5,2671.3,643.3,1040.0,4854.1,7.8,7.1,11.0
2025-05-19 07:00:00,454.7,2968.7,739.1,1050.7,5213.2,9.5,8.3,10.9
2025-05-19 08:00:00,419.4,2989.9,752.9,1068.5,5230.7,11.1,10.0,11.0
2025-05-19 09:00:00,379.6,2907.5,744.6,1081.3,5113.0,12.8,12.2,11.5
2025-05-19 10:00:00,391.0,2874.6,712.6,1075.6,5053.8,14.1,14.4,13.0
2025-05-19 11:00:00,420.0,2809.4,681.3,1067.6,4978.3,15.1,16.3,14.2
2025-05-19 12:00:00,421.4,2802.6,646.5,1059.2,4929.7,16.3,17.6,15.4
2025-05-19 13:00:00,401.7,2778.2,654.3,1057.9,4892.1,16.9,18.5,16.2
2025-05-19 14:00:00,391.6,2722.1,647.6,1051.2,4812.5,16.7,19.2,16.8
2025-05-19 15:00:00,377.0,2668.4,639.9,1053.7,4739.0,16.7,20.6,17.8
2025-05-19 16:00:00,426.3,2657.6,598.2,1061.8,4743.9,16.5,20.7,18.7
2025-05-19 17:00:00,455.3,2766.8,609.4,1052.8,4884.3,16.4,20.6,18.7
2025-05-19 18:00:00,445.9,2771.0,626.4,1052.5,4895.8,15.8,20.6,18.0
2025-05-19 19:00:00,438.0,2728.0,657.1,1041.2,4864.3,15.1,19.9,17.3
2025-05-19 20:00:00,485.7,2661.2,659.7,1021.5,4828.1,13.6,18.9,16.2
2025-05-19 21:00:00,501.9,2486.0,618.9,1060.0,4666.8,13.3,17.3,15.3
2025-05-19 22:00:00,507.8,2339.7,583.8,1034.6,4465.9,13.0,15.2,14.3
2025-05-19 23:00:00,470.1,2175.2,531.5,983.4,4160.2,11.7,14.4,13.6
2025-05-20 00:00:00,411.7,2074.2,479.1,937.1,3902.1,10.5,14.1,13.1
2025-05-20 01:00:00,445.5,2136.7,499.0,934.0,4015.2,9.4,13.3,12.7
2025-05-20 02:00:00,408.8,2138.4,478.0,,3025.2,8.3,12.8,12.3
2025-05-20 03:00:00,436.0,2123.0,478.8,931.5,3969.3,8.1,11.3,11.1
2025-05-20 04:00:00,443.7,2146.8,475.1,955.5,4021.1,7.7,10.9,10.8
2025-05-20 05:00:00,437.0,2234.1,482.6,1027.8,4181.5,7.4,10.8,10.5
2025-05-20 06:00:00,482.7,2457.9,554.5,1085.8,4580.9,7.9,11.7,11.0
2025-05-20 07:00:00,474.6,2739.7,655.1,1094.3,4963.7,8.3,12.8,11.8
2025-05-20 08:00:00,518.8,2786.6,660.9,1096.5,5062.8,8.7,13.6,12.7
2025-05-20 09:00:00,524.9,2732.2,652.2,1092.6,5001.9,9.5,14.3,14.2
2025-05-20 10:00:00,464.8,2738.1,649.9,1095.0,4947.8,10.3,14.9,15.8
2025-05-20 11:00:00,495.9,2630.3,605.1,1089.3,4820.6,10.4,15.6,17.1
2025-05-20 12:00:00,512.7,2653.1,566.3,1081.8,4813.9,10.8,16.1,18.3
2025-05-20 13:00:00,500.3,2592.2,550.2,1082.9,4725.6,10.8,16.6,19.4
2025-05-20 14:00:00,476.0,2605.2,540.7,1065.5,4687.4,11.4,16.8,20.2
2025-05-20 15:00:00,496.5,2658.9,544.7,1070.3,4770.4,11.4,17.7,21.6
2025-05-20 16:00:00,490.6,2645.3,520.8,1077.1,4733.8,11.6,17.6,21.6
2025-05-20 17:00:00,460.2,2758.3,547.3,1058.8,4824.6,11.0,17.5,21.2
2025-05-20 18:00:00,454.7,2761.6,566.0,1077.6,4859.9,10.6,17.1,20.8
2025-05-20 19:00:00,467.9,2741.4,579.8,1073.3,4862.4,10.1,15.4,20.1
2025-05-20 20:00:00,489.2,2701.9,599.3,1037.4,4827.8,9.5,13.2,19.1
2025-05-20 21:00:00,491.8,2669.7,598.2,1041.2,4800.9,8.7,12.0,17.9
2025-05-20 22:00:00,502.1,2651.4,575.5,1037.4,4766.4,7.6,11.5,16.6
2025-05-20 23:00:00,459.1,2572.6,,995.7,4027.4,6.8,11.1,14.9
2025-05-21 00:00:00,417.5,2348.2,524.8,976.9,4267.4,6.3,10.4,13.7
2025-05-21 01:00:00,425.7,2301.9,499.3,969.0,4195.9,5.8,10.3,12.8
2025-05-21 02:00:00,434.2,2289.2,504.1,971.8,4199.3,5.6,10.2,11.9
2025-05-21 03:00:00,427.3,2308.4,513.9,965.7,4215.3,3.9,9.0,11.2
2025-05-21 04:00:00,414.1,2249.4,511.0,979.6,4154.1,4.0,8.9,10.8
2025-05-21 05:00:00,494.6,2374.9,525.1,1039.8,4434.4,3.8,8.8,10.8
2025-05-21 06:00:00,565.9,2732.2,600.5,1080.8,4979.4,2.8,9.0,10.9
2025-05-21 07:00:00,632.2,3018.9,688.8,1085.5,5425.4,2.7,9.3,10.9
2025-05-21 08:00:00,624.5,3073.0,741.7,1095.9,5535.1,3.2,9.3,11.2
2025-05-21 09:00:00,574.6,3123.5,751.8,1103.7,5553.6,3.6,8.6,11.9
2025-05-21 10:00:00,552.1,3199.4,792.9,1104.8,5649.2,4.2,7.8,13.5
2025-05-21 11:00:00,514.3,3248.3,800.6,1112.7,5675.9,4.9,8.0,14.6
2025-05-21 12:00:00,494.6,3268.8,762.4,1116.7,5642.5,4.8,8.2,15.3
2025-05-21 13:00:00,439.1,3248.6,741.7,1117.3,5546.7,4.5,8.3,16.0
2025-05-21 14:00:00,452.2,3229.0,692.2,1108.1,5481.5,5.2,8.7,16.8
2025-05-21 15:00:00,477.0,3228.1,704.9,1099.0,5509.0,4.8,8.6,16.8
2025-05-21 16:00:00,577.0,3232.9,712.6,1101.1,5623.6,4.8,8.7,16.6
2025-05-21 17:00:00,608.7,3259.0,709.8,1086.8,5664.3,5.0,8.7,15.9
2025-05-21 18:00:00,613.9,3200.0,738.2,1063.4,5615.5,5.0,8.3,15.4
2025-05-21 19:00:00,,3191.2,731.3,1070.1,4992.6,4.6,7.3,13.2
2025-05-21 20:00:00,527.9,3132.0,688.5,1055.2,5403.6,3.6,6.5,13.1
2025-05-21 21:00:00,563.4,3074.3,671.2,1071.2,5380.1,2.8,5.7,12.7
2025-05-21 22:00:00,547.6,2969.1,664.9,1060.8,5242.4,2.8,5.7,12.2
2025-05-21 23:00:00,479.4,2765.5,620.9,1042.8,4908.6,3.0,5.6,11.6
2025-05-22 00:00:00,510.5,2644.0,550.7,1011.8,4717.0,2.9,5.6,11.4
2025-05-22 01:00:00,540.9,2589.2,539.5,1003.3,4672.9,3.0,5.6,10.5
2025-05-22 02:00:00,559.2,2561.2,534.0,997.6,4652.0,3.0,5.5,9.4
2025-05-22 03:00:00,530.6,2556.6,556.8,995.2,4639.2,3.0,5.1,8.4
2025-05-22 04:00:00,544.8,2532.5,578.6,1018.9,4674.8,2.9,5.2,8.5
2025-05-22 05:00:00,527.3,2629.3,588.4,1090.1,4835.1,2.9,5.4,8.2
2025-05-22 06:00:00,549.6,2938.1,636.1,1149.6,5273.4,3.0,5.6,8.6
2025-05-22 07:00:00,597.9,3193.9,714.4,1172.7,5678.9,3.2,5.4,9.4
2025-05-22 08:00:00,575.6,3267.8,725.3,1176.4,5745.1,3.6,5.2,9.8
2025-05-22 09:00:00,556.7,3373.0,714.7,1179.2,5823.6,4.2,5.3,10.0
2025-05-22 10:00:00,550.6,3427.4,711.2,1191.7,5880.9,4.9,5.5,9.5
2025-05-22 11:00:00,517.2,3451.5,716.4,1169.5,5854.6,5.3,6.1,9.9
2025-05-22 12:00:00,512.5,3462.6,697.7,1171.7,5844.5,6.2,6.7,9.9
2025-05-22 13:00:00,530.4,3417.3,702.6,1159.1,5809.4,6.2,7.6,11.3
2025-05-22 14:00:00,505.8,3383.5,694.5,1152.1,5735.9,6.3,8.3,11.3
2025-05-22 15:00:00,461.2,3360.6,721.8,1151.0,5694.6,6.7,8.4,10.8
2025-05-22 16:00:00,494.4,3329.4,723.9,1150.7,5698.4,6.7,9.1,10.1
2025-05-22 17:00:00,563.8,3308.5,725.9,1124.9,5723.1,6.8,9.3,10.3
2025-05-22 18:00:00,529.1,3228.4,709.2,1134.4,5601.1,6.9,9.7,10.1
2025-05-22 19:00:00,504.4,3202.0,715.8,1129.9,5552.1,7.0,9.3,9.6
2025-05-22 20:00:00,471.7,3121.9,,1089.0,4682.6,6.7,8.6,9.1
2025-05-22 21:00:00,489.8,3117.0,712.6,1091.1,5410.5,6.7,7.6,9.0
2025-05-22 22:00:00,462.6,3066.8,695.1,1070.7,5295.2,6.4,6.4,8.8
2025-05-22 23:00:00,475.0,2923.8,637.0,1028.1,5063.9,5.9,6.0,8.5
2025-05-23 00:00:00,475.6,2803.6,587.8,996.9,4863.9,5.4,6.1,7.9
2025-05-23 01:00:00,456.9,2723.1,581.8,974.6,4736.4,5.0,6.4,7.3
2025-05-23 02:00:00,477.0,2648.2,599.3,964.8,4689.3,4.7,6.5,7.6
2025-05-23 03:00:00,502.8,2593.8,586.1,967.5,4650.2,4.2,6.9,7.2
2025-05-23 04:00:00,579.2,2562.2,587.8,994.0,4723.2,4.3,6.8,6.7
2025-05-23 05:00:00,520.4,2632.9,604.2,1057.5,4815.0,4.7,7.0,7.0
2025-05-23 06:00:00,548.8,2934.5,671.5,1107.6,5262.4,5.4,7.2,7.4
2025-05-23 07:00:00,565.2,3139.1,744.6,1124.4,5573.3,6.3,8.0,7.7
2025-05-23 08:00:00,619.6,3235.9,756.4,1133.0,5744.9,7.3,8.4,8.1
2025-05-23 09:00:00,580.9,3228.4,728.2,1143.5,5681.0,8.2,8.8,8.9
2025-05-23 10:00:00,604.6,3192.9,709.5,1154.7,5661.7,9.2,8.9,9.5
2025-05-23 11:00:00,590.0,3235.6,723.0,1151.4,5700.0,10.0,8.8,10.0
2025-05-23 12:00:00,522.4,3191.2,678.1,1161.5,5553.2,10.9,9.2,10.6
2025-05-23 13:00:00,515.7,3102.0,673.2,1149.1,5440.0,12.4,10.4,11.6
2025-05-23 14:00:00,498.3,3031.6,668.4,1143.7,5342.0,13.3,10.6,12.9
2025-05-23 15:00:00,532.2,2978.5,610.0,1132.1,5252.8,14.0,10.5,9.3
2025-05-23 16:00:00,576.6,2981.5,639.0,1124.5,5321.6,15.1,10.2,10.2
2025-05-23 17:00:00,620.8,2961.3,625.5,1105.9,5313.5,15.0,10.2,10.4
2025-05-23 18:00:00,548.2,2926.7,622.6,1101.9,5199.4,12.7,9.7,10.8
2025-05-23 19:00:00,513.3,2874.9,628.7,1098.8,5115.7,9.2,9.3,10.9
2025-05-23 20:00:00,504.8,2838.4,658.3,,4001.5,8.5,8.8,10.7
2025-05-23 21:00:00,525.3,2814.3,635.6,1050.0,5025.2,8.2,7.9,10.4
2025-05-23 22:00:00,491.8,2801.6,621.5,1036.9,4951.8,7.4,7.3,10.3
2025-05-23 23:00:00,539.1,2675.9,587.0,1006.2,4808.2,6.4,7.0,10.3
2025-05-24 00:00:00,533.6,2574.9,551.6,977.8,4637.9,6.4,6.9,9.8
2025-05-24 01:00:00,531.2,2528.6,557.3,964.1,4581.2,6.2,6.8,9.8
2025-05-24 02:00:00,437.2,2505.5,528.6,954.5,4425.8,5.4,6.7,9.4
2025-05-24 03:00:00,482.3,2475.2,535.8,937.4,4430.7,4.9,6.6,8.0
2025-05-24 04:00:00,464.8,2422.4,537.2,958.7,4383.1,4.9,6.3,7.7
2025-05-24 05:00:00,462.4,2394.4,514.5,972.7,4344.0,5.4,6.3,7.9
2025-05-24 06:00:00,447.8,2414.0,524.8,975.1,4361.7,6.1,7.0,8.0
2025-05-24 07:00:00,462.6,2475.2,556.5,998.5,4492.8,6.3,8.3,8.4
2025-05-24 08:00:00,469.3,2484.3,558.8,1010.3,4522.7,6.9,9.5,8.8
2025-05-24 09:00:00,498.1,2491.2,564.2,1030.3,4583.8,7.6,10.5,9.5
2025-05-24 10:00:00,498.5,2584.0,571.7,1036.1,4690.3,8.0,11.0,10.0
2025-05-24 11:00:00,501.3,2611.7,555.6,1030.7,4699.3,8.3,11.9,10.5
2025-05-24 12:00:00,555.5,2638.7,556.2,1019.1,4769.5,8.4,12.5,11.0
2025-05-24 13:00:00,493.2,2646.2,562.5,1024.7,4726.6,8.4,12.8,11.4
2025-05-24 14:00:00,495.3,2573.9,589.0,1021.5,4679.7,9.2,13.5,12.0
2025-05-24 15:00:00,528.9,2566.4,604.5,1022.5,4722.3,8.7,13.8,12.2
2025-05-24 16:00:00,549.6,2567.4,593.0,1034.8,4744.8,8.9,13.7,12.1
2025-05-24 17:00:00,504.4,2653.7,576.9,1043.2,4778.2,8.4,13.4,12.4
2025-05-24 18:00:00,485.1,2682.7,585.5,1045.5,4798.8,7.8,13.1,12.0
2025-05-24 19:00:00,454.9,2656.3,572.3,1023.2,4706.7,7.5,12.4,12.2
2025-05-24 20:00:00,518.8,2654.4,,964.9,4138.1,7.1,11.3,11.5
2025-05-24 21:00:00,552.1,2632.6,577.5,998.1,4760.3,6.6,9.7,11.0
2025-05-24 22:00:00,549.4,2608.8,570.6,1016.5,4745.3,6.0,8.4,10.2
2025-05-24 23:00:00,473.7,2494.1,543.0,998.9,4509.7,6.0,7.7,10.6
2025-05-25 00:00:00,366.8,2467.4,521.1,955.4,4310.7,6.3,7.2,10.8
2025-05-25 01:00:00,448.4,2400.6,509.6,927.6,4286.2,6.4,6.8,10.8
2025-05-25 02:00:00,441.9,2403.5,497.2,924.4,4267.0,6.5,6.5,11.5
2025-05-25 03:00:00,453.7,2395.4,478.3,920.1,4247.5,6.2,6.1,12.0
2025-05-25 04:00:00,491.4,2367.4,471.4,916.5,4246.7,6.5,6.0,11.9
2025-05-25 05:00:00,520.4,2292.8,451.8,924.0,4189.0,6.9,6.2,12.1
2025-05-25 06:00:00,617.0,2280.4,,937.6,3835.0,7.4,7.2,12.2
2025-05-25 07:00:00,520.6,2353.4,503.6,962.9,4340.5,7.7,8.5,11.9
2025-05-25 08:00:00,483.7,2482.7,546.1,981.4,4493.9,7.9,10.0,11.0
2025-05-25 09:00:00,417.7,2588.2,605.7,994.5,4606.1,8.4,11.2,11.2
2025-05-25 10:00:00,419.2,2713.0,619.8,1001.9,4753.9,8.2,12.8,11.3
2025-05-25 11:00:00,440.7,2797.4,601.9,1014.5,4854.5,9.5,12.9,11.5
2025-05-25 12:00:00,479.4,2826.1,586.1,1016.0,4907.6,8.2,13.2,11.7
2025-05-25 13:00:00,444.1,2869.1,588.7,1010.2,4912.1,8.6,14.4,11.8
2025-05-25 14:00:00,418.4,2828.7,,1000.5,4247.6,9.0,14.1,12.6
2025-05-25 15:00:00,443.3,2816.9,717.0,1004.6,4981.8,10.3,13.3,12.8
2025-05-25 16:00:00,471.1,2800.0,631.8,1019.3,4922.2,10.2,12.2,13.0
2025-05-25 17:00:00,444.7,2810.1,623.2,1019.0,4897.0,9.9,14.0,12.7
2025-05-25 18:00:00,485.5,2881.1,638.4,1028.9,5033.9,9.5,14.0,12.9
2025-05-25 19:00:00,496.7,2877.5,635.3,1025.5,5035.0,8.9,12.7,13.3
2025-05-25 20:00:00,502.6,2942.4,628.1,991.6,5064.7,8.2,12.3,13.2
2025-05-25 21:00:00,501.5,2827.4,621.2,1019.6,4969.7,7.8,12.0,13.0
2025-05-25 22:00:00,481.3,2729.0,621.5,1018.2,4850.0,7.7,12.1,13.0
2025-05-25 23:00:00,453.0,2583.0,555.6,985.9,4577.5,7.5,12.0,12.9
2025-05-26 00:00:00,484.1,2514.0,541.5,962.6,4502.2,6.8,11.7,12.7
2025-05-26 01:00:00,464.0,2442.3,533.2,959.8,4399.3,6.3,11.3,12.4
2025-05-26 02:00:00,443.7,2408.7,524.6,947.3,4324.3,6.1,10.6,11.9
2025-05-26 03:00:00,448.4,2396.7,532.0,935.4,4312.5,6.6,10.6,11.6
2025-05-26 04:00:00,463.8,,545.3,962.6,1971.7,6.7,10.2,11.1
2025-05-26 05:00:00,497.1,2435.1,538.1,1036.1,4506.4,6.8,10.3,10.7
2025-05-26 06:00:00,623.5,2757.0,624.6,1086.4,5091.5,7.2,10.4,10.6
2025-05-26 07:00:00,529.1,3047.3,682.4,1115.9,5374.7,7.3,10.6,11.1
2025-05-26 08:00:00,562.8,3148.2,666.3,1121.3,5498.6,8.5,11.9,11.6
2025-05-26 09:00:00,456.5,3107.2,639.3,1115.2,5318.2,9.0,12.6,12.4
2025-05-26 10:00:00,454.5,3025.1,636.7,1108.9,5225.2,8.6,14.0,13.4
2025-05-26 11:00:00,505.2,3006.5,641.6,1109.6,5262.9,8.7,15.3,13.9
2025-05-26 12:00:00,542.9,3026.7,622.3,1100.1,5292.0,9.3,15.9,14.7
2025-05-26 13:00:00,506.2,3012.4,631.0,1092.7,5242.3,9.0,17.2,14.8
2025-05-26 14:00:00,509.3,2940.4,679.0,1083.8,5212.5,10.2,18.1,15.1
2025-05-26 15:00:00,546.6,2898.4,,1077.5,4522.5,9.1,18.0,15.3
2025-05-26 16:00:00,548.2,2839.7,701.4,1068.4,5157.7,9.7,17.9,15.4
2025-05-26 17:00:00,497.1,2913.0,689.9,1058.1,5158.1,10.5,17.9,15.2
2025-05-26 18:00:00,482.5,2857.7,623.8,1058.1,5022.1,10.1,17.1,14.6
2025-05-26 19:00:00,503.6,2854.4,671.2,1044.2,5073.4,10.2,16.7,14.3
2025-05-26 20:00:00,547.4,2861.9,673.0,1021.3,5103.6,10.3,15.7,13.6
2025-05-26 21:00:00,539.5,2834.9,663.8,1031.3,5069.5,9.7,14.1,13.0
2025-05-26 22:00:00,487.9,2767.4,622.9,1011.9,4890.1,9.0,12.7,12.6
2025-05-26 23:00:00,510.7,2631.2,560.2,972.4,4674.5,8.3,12.2,12.2
2025-05-27 00:00:00,502.6,2482.0,503.9,948.7,4437.2,7.8,11.6,11.8
2025-05-27 01:00:00,497.7,2411.7,488.3,925.8,4323.5,7.1,11.0,11.3
2025-05-27 02:00:00,520.4,2424.7,487.5,916.1,4348.7,7.2,10.4,11.3
2025-05-27 03:00:00,521.2,2386.6,524.8,903.4,4336.0,6.8,9.7,11.0
2025-05-27 04:00:00,531.8,2400.3,530.0,923.1,4385.2,7.0,9.1,11.2
2025-05-27 05:00:00,534.8,2501.3,540.7,999.7,4576.5,6.9,9.0,11.3
2025-05-27 06:00:00,602.0,2787.6,634.4,1047.8,5071.8,6.7,9.6,11.5
2025-05-27 07:00:00,644.0,2970.4,698.3,1059.3,5372.0,6.7,10.8,12.1
2025-05-27 08:00:00,530.8,3003.3,687.9,1055.3,5277.3,7.2,12.2,12.5
2025-05-27 09:00:00,494.8,3028.4,723.3,1062.3,5308.8,8.0,13.6,12.8
2025-05-27 10:00:00,438.8,3087.7,741.4,1074.2,5342.1,9.0,14.9,12.6
2025-05-27 11:00:00,478.4,3099.7,707.2,1078.5,5363.8,10.4,15.8,13.5
2025-05-27 12:00:00,460.2,3086.7,,1069.7,4616.6,11.6,15.4,13.3
2025-05-27 13:00:00,481.1,3101.3,691.4,1062.4,5336.2,11.7,15.8,12.9
2025-05-27 14:00:00,473.5,3051.5,,,3525.0,11.2,16.3,13.2
2025-05-27 15:00:00,460.0,3017.6,708.3,1054.9,5240.8,12.4,16.8,13.3
2025-05-27 16:00:00,446.0,2890.6,668.6,1049.2,5054.4,11.8,16.0,13.6
2025-05-27 17:00:00,478.6,2960.6,676.7,1044.5,5160.4,12.1,16.1,13.9
2025-05-27 18:00:00,487.3,2976.6,677.3,1051.4,5192.6,11.3,14.4,14.3
2025-05-27 19:00:00,479.4,2952.8,704.0,1048.0,5184.2,10.8,12.7,14.1
2025-05-27 20:00:00,457.7,2904.9,696.0,1015.2,5073.8,10.4,11.8,13.8
2025-05-27 21:00:00,540.3,2859.3,680.1,1022.6,5102.3,9.6,11.4,13.5
2025-05-27 22:00:00,522.4,2779.5,648.5,1025.4,4975.8,9.5,11.4,13.4
2025-05-27 23:00:00,505.4,2629.9,594.4,985.9,4715.6,8.8,11.1,13.3
2025-05-28 00:00:00,460.4,2480.1,576.0,952.4,4468.9,8.5,11.0,12.9
2025-05-28 01:00:00,493.4,2478.5,529.4,940.6,4441.9,8.0,10.8,12.2
2025-05-28 02:00:00,483.9,2478.1,534.0,931.2,4427.2,7.5,10.5,12.0
2025-05-28 03:00:00,,2456.0,536.3,918.0,3910.3,7.9,10.4,11.9
2025-05-28 04:00:00,514.5,2425.4,548.7,939.0,4427.6,7.7,10.1,11.8
2025-05-28 05:00:00,510.3,2478.8,559.1,1006.5,4554.7,7.5,10.5,11.7
2025-05-28 06:00:00,553.5,2769.4,643.0,1056.0,5021.9,7.2,10.8,11.6
2025-05-28 07:00:00,515.5,2940.1,727.9,1074.0,5257.5,6.9,11.0,11.7
2025-05-28 08:00:00,581.9,,745.4,1081.0,2408.3,7.4,11.2,12.1
2025-05-28 09:00:00,527.9,2963.9,727.0,1089.7,5308.5,7.9,11.7,13.0
2025-05-28 10:00:00,508.6,2969.4,732.8,1103.1,5313.9,8.1,12.4,12.9
2025-05-28 11:00:00,537.7,2918.3,726.2,1116.1,5298.3,8.8,12.1,13.4
2025-05-28 12:00:00,546.4,2856.0,696.5,1105.2,5204.1,9.8,13.4,13.9
2025-05-28 13:00:00,581.9,2766.1,664.9,1099.6,5112.5,9.8,14.9,14.4
2025-05-28 14:00:00,563.6,2691.5,656.3,1091.2,5002.6,10.1,16.0,14.7
2025-05-28 15:00:00,,2664.2,635.0,1080.3,4379.5,10.1,16.7,14.0
2025-05-28 16:00:00,563.8,2694.8,634.7,1080.5,4973.8,10.2,17.0,13.9
2025-05-28 17:00:00,564.6,2701.0,637.9,1070.5,4974.0,10.0,16.8,13.8
2025-05-28 18:00:00,532.2,2742.3,644.2,1063.4,4982.1,10.0,16.2,13.8
2025-05-28 19:00:00,607.7,2787.9,636.7,1038.2,5070.5,9.8,15.7,13.3
2025-05-28 20:00:00,535.0,2757.6,622.1,999.7,4914.4,9.4,15.1,12.9
2025-05-28 21:00:00,494.0,2701.9,623.5,1000.5,4819.9,8.9,13.9,12.4
2025-05-28 22:00:00,488.4,2644.0,611.7,990.3,4734.4,8.6,12.4,11.8
2025-05-28 23:00:00,489.0,,563.4,952.4,2004.8,8.4,11.3,11.5
2025-05-29 00:00:00,508.6,2411.7,532.9,920.5,4373.7,8.4,10.6,11.3
2025-05-29 01:00:00,500.7,2351.7,492.3,910.3,4255.0,8.4,9.9,11.2
2025-05-29 02:00:00,506.0,2330.6,495.2,894.4,4226.2,8.0,9.7,11.2
2025-05-29 03:00:00,443.7,2313.9,489.5,886.8,4133.9,7.3,10.1,11.1
2025-05-29 04:00:00,452.4,2298.0,494.6,897.4,4142.4,7.2,9.5,10.8
2025-05-29 05:00:00,498.7,2311.0,508.5,924.3,4242.5,7.9,9.8,10.4
2025-05-29 06:00:00,492.6,2363.5,544.4,935.6,4336.1,9.3,10.6,10.3
2025-05-29 07:00:00,490.8,2425.7,559.4,952.5,4428.4,10.9,11.4,10.6
2025-05-29 08:00:00,454.5,2498.7,558.5,964.6,4476.3,12.5,12.6,11.2
2025-05-29 09:00:00,450.0,2514.6,569.1,976.8,4510.5,13.3,13.8,11.9
2025-05-29 10:00:00,463.6,2492.5,551.3,990.9,4498.3,13.7,15.4,12.7
2025-05-29 11:00:00,430.5,2507.5,572.6,988.3,4498.9,13.7,17.0,13.3
2025-05-29 12:00:00,421.2,2509.7,574.9,977.7,4483.5,13.2,18.3,14.0
2025-05-29 13:00:00,414.3,2495.4,573.7,980.9,4464.3,12.7,18.6,14.4
2025-05-29 14:00:00,426.9,2475.5,547.6,987.2,4437.2,12.5,19.2,15.0
2025-05-29 15:00:00,338.8,2443.0,534.3,996.5,4312.6,12.9,20.0,15.8
2025-05-29 16:00:00,472.3,2481.4,544.1,1002.0,4499.8,12.4,19.6,15.5
2025-05-29 17:00:00,556.5,2555.0,559.1,992.8,4663.4,11.8,19.5,15.5
2025-05-29 18:00:00,435.8,2588.2,570.3,988.9,4583.2,11.3,19.3,15.1
2025-05-29 19:00:00,441.3,2595.7,554.8,974.6,4566.4,11.3,18.5,14.1
2025-05-29 20:00:00,441.3,2594.8,568.3,942.6,4547.0,10.9,17.8,13.7
2025-05-29 21:00:00,444.3,2540.0,562.8,948.1,4495.2,10.1,16.1,13.3
2025-05-29 22:00:00,362.8,2516.6,538.4,936.5,4354.3,8.8,14.6,13.0
2025-05-29 23:00:00,304.3,2372.6,500.7,914.0,4091.6,8.1,14.0,12.7
2025-05-30 00:00:00,369.1,2255.3,,912.0,3536.4,7.7,13.1,12.4
2025-05-30 01:00:00,378.2,2250.4,481.7,901.2,4011.5,7.5,12.3,12.2
2025-05-30 02:00:00,425.1,2248.5,485.4,891.7,4050.7,7.5,11.6,12.6
2025-05-30 03:00:00,422.8,2245.5,445.5,883.2,3997.0,6.5,11.9,12.7
2025-05-30 04:00:00,396.4,2210.0,452.4,908.1,3966.9,6.6,11.0,12.8
2025-05-30 05:00:00,447.0,2234.8,474.5,949.4,4105.7,7.3,10.9,12.9
2025-05-30 06:00:00,504.2,2403.2,534.6,980.9,4422.9,8.6,11.4,13.6
2025-05-30 07:00:00,510.3,2583.4,577.2,1009.5,4680.4,10.1,12.6,14.4
2025-05-30 08:00:00,504.8,2707.8,605.7,1022.4,4840.7,11.8,14.1,15.0
2025-05-30 09:00:00,472.7,2791.9,619.5,1035.8,4919.9,12.2,14.4,15.5
2025-05-30 10:00:00,436.0,2870.4,624.9,1035.9,4967.2,12.7,13.7,16.5
2025-05-30 11:00:00,456.1,2872.0,605.7,1042.1,4975.9,12.8,13.0,17.5
2025-05-30 12:00:00,480.4,2871.7,584.1,1033.8,4970.0,12.0,12.7,18.1
2025-05-30 13:00:00,477.8,2835.2,573.4,1021.1,4907.5,11.0,12.8,18.0
2025-05-30 14:00:00,512.5,2687.0,616.3,1028.7,4844.5,9.7,14.2,18.4
2025-05-30 15:00:00,589.2,2545.2,638.4,1020.5,4793.3,10.5,14.9,18.4
2025-05-30 16:00:00,509.3,2497.0,609.1,,3615.4,11.0,16.2,17.4
2025-05-30 17:00:00,502.4,2519.5,610.3,1026.4,4658.6,11.3,17.5,17.4
2025-05-30 18:00:00,515.9,2567.7,588.4,1012.2,4684.2,10.9,16.9,16.8
2025-05-30 19:00:00,598.7,2565.1,577.5,1009.5,4750.8,9.6,16.7,16.3
2025-05-30 20:00:00,551.0,2619.2,571.7,991.0,4732.9,8.4,16.0,15.8
2025-05-30 21:00:00,502.1,2603.6,576.0,993.7,4675.4,7.5,15.2,15.2
2025-05-30 22:00:00,496.1,2547.9,571.1,979.1,4594.2,6.9,14.3,14.8
2025-05-30 23:00:00,446.8,2452.7,573.2,934.3,4407.0,6.5,13.9,14.4
2025-05-31 00:00:00,444.7,2283.7,540.1,903.1,4171.6,6.6,13.2,13.8
2025-05-31 01:00:00,421.4,,527.7,882.6,1831.7,6.9,12.6,13.5
2025-05-31 02:00:00,438.9,2168.3,523.7,871.2,4002.1,6.8,12.1,13.4
2025-05-31 03:00:00,436.6,2096.3,528.6,866.7,3928.2,7.4,11.6,13.5
2025-05-31 04:00:00,447.0,2049.1,517.9,871.4,3885.4,7.6,10.8,13.4
2025-05-31 05:00:00,464.4,2079.1,490.3,903.6,3937.4,8.0,10.3,13.3
2025-05-31 06:00:00,450.0,2121.7,507.6,934.5,4013.8,8.3,10.5,13.4
2025-05-31 07:00:00,458.3,2231.2,537.5,964.7,4191.7,8.2,11.1,13.5
2025-05-31 08:00:00,464.0,2339.4,562.5,979.1,4345.0,8.1,11.9,13.8
2025-05-31 09:00:00,507.2,2367.7,586.7,994.8,4456.4,8.8,12.9,14.3
2025-05-31 10:00:00,520.4,2383.0,580.4,1019.8,4503.6,9.2,13.9,14.9
2025-05-31 11:00:00,520.0,2388.9,561.9,1025.3,4496.1,9.5,14.8,15.4
2025-05-31 12:00:00,493.2,2375.2,548.4,1023.1,4439.9,9.3,15.5,16.0
2025-05-31 13:00:00,490.2,2366.1,542.7,1017.7,4416.7,9.4,16.1,16.6
2025-05-31 14:00:00,506.2,2327.6,531.2,1018.1,4383.1,10.1,17.0,17.0
2025-05-31 15:00:00,565.9,2337.7,530.6,1014.6,4448.8,10.8,17.7,17.3
2025-05-31 16:00:00,571.9,2344.2,548.4,1017.3,4481.8,11.5,18.1,17.1
2025-05-31 17:00:00,570.7,2485.6,568.6,1020.4,4645.3,11.2,17.9,16.7
2025-05-31 18:00:00,500.5,2540.0,564.0,1022.8,4627.3,11.0,17.7,16.7
2025-05-31 19:00:00,528.7,2550.1,544.7,1010.5,4634.0,11.1,17.8,16.5
2025-05-31 20:00:00,541.3,2544.6,537.5,984.8,4608.2,10.9,17.2,16.1
2025-05-31 21:00:00,548.8,2513.6,523.4,989.1,4574.9,10.7,15.7,15.0
2025-05-31 22:00:00,530.1,2517.6,511.3,982.4,4541.4,10.3,14.0,14.3
2025-05-31 23:00:00,496.9,2441.7,472.2,944.3,4355.1,9.9,12.7,13.9
2025-06-01 00:00:00,552.3,2375.2,464.5,925.6,4317.6,9.6,12.4,13.3
2025-06-01 01:00:00,556.3,2312.3,470.5,904.7,4243.8,9.1,10.8,13.0
2025-06-01 02:00:00,548.0,2272.9,473.7,894.7,4189.3,8.6,10.4,12.9
2025-06-01 03:00:00,529.9,2294.4,459.9,883.8,4168.0,8.7,9.2,12.0
2025-06-01 04:00:00,479.6,2264.8,461.9,888.7,4095.0,8.3,8.5,11.9
2025-06-01 05:00:00,487.1,2212.0,454.1,903.3,4056.5,8.2,9.1,11.8
2025-06-01 06:00:00,530.6,2184.9,457.8,912.6,4085.9,8.4,10.5,12.6
2025-06-01 07:00:00,483.3,2225.3,469.3,918.0,4095.9,8.8,11.9,13.4
2025-06-01 08:00:00,442.5,2327.0,500.7,937.7,4207.9,9.2,13.6,14.6
2025-06-01 09:00:00,472.7,2360.2,534.6,955.2,4322.7,9.3,15.4,15.4
2025-06-01 10:00:00,511.1,2381.4,564.8,961.2,4418.5,10.0,17.3,15.3
2025-06-01 11:00:00,494.2,2461.5,574.3,970.9,4500.9,10.3,18.8,14.9
2025-06-01 12:00:00,470.1,2532.2,599.3,962.4,4564.0,11.4,19.2,15.2
2025-06-01 13:00:00,468.1,2545.9,563.7,956.3,4534.0,12.2,19.3,17.1
2025-06-01 14:00:00,498.7,2591.8,533.8,948.7,4573.0,12.2,19.6,17.7
2025-06-01 15:00:00,,2568.0,517.9,953.7,4039.6,11.6,19.7,18.1
2025-06-01 16:00:00,419.6,2575.2,526.3,952.5,4473.6,10.8,19.0,18.3
2025-06-01 17:00:00,439.7,2741.0,555.9,955.2,4691.8,10.3,18.8,18.3
2025-06-01 18:00:00,526.1,2821.5,603.6,964.0,4915.2,9.6,17.9,17.9
2025-06-01 19:00:00,535.8,2796.4,591.6,966.9,4890.7,9.4,16.9,16.3
2025-06-01 20:00:00,536.0,2742.0,592.7,949.2,4819.9,8.9,15.3,14.7
2025-06-01 21:00:00,495.1,2701.6,564.2,960.7,4721.6,8.3,13.5,15.0
2025-06-01 22:00:00,397.3,2674.3,546.1,973.6,4591.3,7.5,12.7,15.4
2025-06-01 23:00:00,397.9,2503.2,510.2,947.1,4358.4,7.3,12.3,15.6
2025-06-02 00:00:00,,2367.4,506.4,918.5,3792.3,7.2,12.3,14.8
2025-06-02 01:00:00,459.8,2309.1,513.6,915.6,4198.1,7.4,12.5,13.9
2025-06-02 02:00:00,480.4,2311.3,507.3,889.9,4188.9,7.4,12.0,13.0
2025-06-02 03:00:00,503.6,2320.5,491.8,889.8,4205.7,6.9,12.1,12.5
2025-06-02 04:00:00,496.5,2287.9,473.9,924.5,4182.8,7.3,12.4,12.1
2025-06-02 05:00:00,462.8,2344.9,497.8,992.0,4297.5,7.6,13.0,12.0
2025-06-02 06:00:00,568.9,2659.6,583.8,1043.2,4855.5,7.7,13.5,12.2
2025-06-02 07:00:00,,2940.7,681.0,1074.7,4696.4,7.7,13.8,12.6
2025-06-02 08:00:00,582.9,2925.4,671.5,1100.5,5280.3,7.3,14.3,13.2
2025-06-02 09:00:00,574.0,2959.3,664.9,1105.7,5303.9,6.8,15.1,14.1
2025-06-02 10:00:00,537.0,2979.8,671.2,1118.6,5306.6,6.8,16.0,15.0
2025-06-02 11:00:00,524.7,3036.5,676.4,1117.9,5355.5,7.8,17.2,15.6
2025-06-02 12:00:00,521.6,3029.0,681.3,1122.5,5354.4,8.4,17.9,15.7
2025-06-02 13:00:00,502.1,2954.1,704.9,1115.4,5276.5,8.6,17.7,15.7
2025-06-02 14:00:00,484.9,2902.0,683.6,1094.6,5165.1,8.4,18.7,16.3
2025-06-02 15:00:00,436.4,2886.3,689.6,1076.1,5088.4,8.7,18.8,15.5
2025-06-02 16:00:00,508.2,2907.8,653.4,1067.9,5137.3,9.4,18.3,16.6
2025-06-02 17:00:00,485.5,2940.1,636.4,1057.3,5119.3,10.2,18.6,16.6
2025-06-02 18:00:00,553.7,2867.1,615.4,1058.7,5094.9,10.1,18.2,16.1
2025-06-02 19:00:00,591.6,2841.0,643.0,1053.3,5128.9,11.5,17.8,15.5
2025-06-02 20:00:00,572.3,2840.4,650.5,1016.6,5079.8,11.9,16.9,15.2
2025-06-02 21:00:00,530.1,2790.9,629.0,1019.5,4969.5,11.3,15.5,14.6
2025-06-02 22:00:00,569.5,2712.4,596.7,,3878.6,10.7,14.4,14.2
2025-06-02 23:00:00,531.0,2584.0,549.9,982.4,4647.3,10.0,14.0,13.6
2025-06-03 00:00:00,,2425.0,509.0,962.1,3896.1,9.7,13.2,13.1
2025-06-03 01:00:00,506.0,2382.4,500.7,942.7,4331.8,9.3,12.5,12.7
2025-06-03 02:00:00,446.2,2399.0,516.5,922.0,4283.7,8.5,11.9,12.2
2025-06-03 03:00:00,434.8,2366.1,504.7,919.4,4225.0,7.9,10.9,11.4
2025-06-03 04:00:00,443.5,2316.9,494.9,,3255.3,8.2,10.3,11.0
2025-06-03 05:00:00,482.8,2393.4,515.9,993.6,4385.7,8.4,10.4,10.8
2025-06-03 06:00:00,568.5,2696.4,605.7,1002.8,4873.4,9.6,10.9,11.1
2025-06-03 07:00:00,596.7,2966.5,649.9,1021.9,5235.0,10.0,11.7,11.5
2025-06-03 08:00:00,533.0,2956.4,643.6,1045.3,5178.3,11.0,12.7,12.0
2025-06-03 09:00:00,530.4,2932.9,634.4,1052.7,5150.4,12.4,14.0,12.5
2025-06-03 10:00:00,540.3,2879.2,626.9,1057.6,5104.0,13.8,15.2,12.9
2025-06-03 11:00:00,534.6,2833.6,614.3,1089.4,5071.9,14.4,16.5,13.3
2025-06-03 12:00:00,598.7,2762.5,599.6,1092.0,5052.8,14.3,17.9,13.8
2025-06-03 13:00:00,557.9,2712.7,574.9,1079.9,4925.4,15.4,19.0,14.4
2025-06-03 14:00:00,539.7,2705.5,568.8,1077.3,4891.3,15.4,19.4,14.9
2025-06-03 15:00:00,538.1,2705.9,578.1,1067.5,4889.6,14.3,20.1,15.1
2025-06-03 16:00:00,564.2,2778.2,596.7,1048.1,4987.2,13.8,20.0,15.8
2025-06-03 17:00:00,536.0,2841.7,598.5,1014.4,4990.6,14.3,19.9,16.2
2025-06-03 18:00:00,519.2,2822.8,596.2,1008.5,4946.7,13.5,19.1,15.5
2025-06-03 19:00:00,569.7,2887.3,617.4,981.8,5056.2,13.3,18.4,15.2
2025-06-03 20:00:00,565.2,2905.9,634.7,960.1,5065.9,12.8,17.7,14.9
2025-06-03 21:00:00,532.2,2815.0,619.8,957.5,4924.5,10.9,15.8,14.1
2025-06-03 22:00:00,484.1,2706.8,,970.9,4161.8,9.8,13.7,13.5
2025-06-03 23:00:00,,2528.6,555.6,964.7,4048.9,10.3,12.8,13.4
2025-06-04 00:00:00,568.1,2389.5,527.1,947.6,4432.3,10.6,12.1,13.3
2025-06-04 01:00:00,474.8,2369.0,499.0,930.5,4273.3,10.1,11.5,13.6
2025-06-04 02:00:00,459.9,2387.9,465.0,924.9,4237.7,8.9,11.0,14.0
2025-06-04 03:00:00,464.6,2367.7,446.9,926.2,4205.4,7.2,10.2,14.0
2025-06-04 04:00:00,448.6,2320.1,452.7,949.5,4170.9,8.3,10.2,14.3
2025-06-04 05:00:00,487.3,2368.4,478.3,993.0,4327.0,9.3,11.7,14.7
2025-06-04 06:00:00,524.3,2612.4,565.4,1009.9,4712.0,10.2,12.7,15.0
2025-06-04 07:00:00,454.9,2917.3,654.5,1007.5,5034.2,10.9,13.8,15.3
2025-06-04 08:00:00,473.3,3032.9,716.7,1036.3,5259.2,10.6,15.6,15.7
2025-06-04 09:00:00,522.2,3073.6,726.7,1058.5,5381.0,10.3,17.3,15.3
2025-06-04 10:00:00,485.9,3080.5,729.6,1067.7,5363.7,10.5,17.5,16.0
2025-06-04 11:00:00,496.5,3077.6,699.4,1080.3,5353.8,10.5,18.9,16.4
2025-06-04 12:00:00,523.2,3045.6,710.3,1078.4,5357.5,10.7,19.2,17.7
2025-06-04 13:00:00,529.9,3030.6,695.4,1069.7,5325.6,11.0,19.8,17.9
2025-06-04 14:00:00,516.4,3001.3,675.5,,4193.2,12.0,19.5,18.6
2025-06-04 15:00:00,524.5,2988.9,662.3,1061.5,5237.2,12.8,19.5,19.0
2025-06-04 16:00:00,524.7,2968.1,641.6,1060.8,5195.2,12.7,19.3,19.1
2025-06-04 16:00:00,524.7,2968.1,641.6,1060.8,5195.2,12.7,19.3,19.1
2025-06-04 17:00:00,490.2,2955.7,646.2,1068.2,5160.3,12.2,19.1,19.4
2025-06-04 18:00:00,431.1,2981.8,637.9,1072.9,5123.7,12.0,18.6,18.0
2025-06-04 19:00:00,512.1,2936.5,635.9,1049.3,5133.8,11.8,17.9,17.1
2025-06-04 20:00:00,538.1,2843.7,611.7,1027.3,5020.8,11.6,16.8,16.6
2025-06-04 21:00:00,511.1,2811.4,616.0,1032.9,4971.4,11.0,15.5,16.2
2025-06-04 22:00:00,473.9,2729.3,591.0,1020.5,4814.7,10.6,14.5,15.9
2025-06-04 23:00:00,480.4,2598.3,558.8,981.7,4619.2,9.8,14.0,15.4
2025-06-05 00:00:00,491.8,2555.0,601.1,942.1,4590.0,9.1,13.8,14.8
2025-06-05 01:00:00,509.9,2433.2,569.4,928.9,4441.4,9.4,13.4,13.8
2025-06-05 02:00:00,481.3,2347.2,540.1,928.9,4297.5,9.6,13.1,13.1
2025-06-05 03:00:00,516.2,2288.2,522.3,915.3,4242.0,9.8,13.1,12.5
2025-06-05 04:00:00,478.8,2219.1,528.9,932.3,4159.1,9.6,13.1,12.2
2025-06-05 05:00:00,490.8,2353.7,533.2,997.6,4375.3,9.6,12.8,11.9
2025-06-05 06:00:00,550.6,2690.5,582.1,1051.0,4874.2,10.0,12.9,12.1
2025-06-05 07:00:00,545.6,2919.6,655.1,1094.3,5214.6,10.3,13.3,12.6
2025-06-05 08:00:00,500.1,2916.9,648.2,1116.1,5181.3,10.3,14.0,13.2
2025-06-05 09:00:00,516.4,2888.3,640.7,1117.0,5162.4,9.3,14.7,13.8
2025-06-05 10:00:00,501.1,2896.1,620.3,1129.3,5146.8,9.1,15.7,14.2
2025-06-05 11:00:00,537.2,,603.4,1117.4,2258.0,9.2,16.7,14.1
2025-06-05 12:00:00,546.0,2875.3,635.6,1131.3,5188.2,10.9,17.8,15.0
2025-06-05 13:00:00,491.8,2802.6,647.4,1134.0,5075.8,11.6,18.9,16.0
2025-06-05 14:00:00,488.8,2808.8,630.4,1103.3,5031.3,12.0,18.9,16.2
2025-06-05 15:00:00,540.3,2820.8,612.6,1111.7,5085.4,13.1,18.8,16.4
2025-06-05 16:00:00,582.7,2809.1,613.7,1099.3,5104.8,13.1,18.8,16.3
2025-06-05 17:00:00,592.8,2825.1,629.8,1091.9,5139.6,13.2,18.7,15.9
2025-06-05 18:00:00,530.8,2819.2,626.1,1083.5,5059.6,12.6,18.6,15.7
2025-06-05 19:00:00,480.8,2790.6,594.7,,3866.1,11.9,17.2,16.1
2025-06-05 20:00:00,509.9,2800.0,585.0,1033.0,4927.9,11.5,16.0,15.5
2025-06-05 21:00:00,534.6,2690.2,610.8,1040.6,4876.2,11.4,14.5,14.9
2025-06-05 22:00:00,509.0,2601.6,568.8,1039.0,4718.4,11.3,13.4,14.3
2025-06-05 23:00:00,453.5,2461.2,546.7,1014.0,4475.4,11.2,12.7,14.0
2025-06-06 00:00:00,453.9,2339.4,507.6,982.4,4283.3,10.9,12.0,14.2
2025-06-06 01:00:00,497.9,2288.5,481.4,958.1,4225.9,10.7,11.6,14.2
2025-06-06 02:00:00,502.2,2211.0,469.9,943.1,4126.2,11.0,12.0,13.8
2025-06-06 03:00:00,511.5,2164.7,475.4,945.8,4097.4,9.2,11.3,14.1
2025-06-06 04:00:00,511.5,2121.4,471.5,969.2,4073.6,9.4,10.8,13.7
2025-06-06 05:00:00,496.7,2152.7,467.6,1021.4,4138.4,9.6,11.5,13.5
2025-06-06 06:00:00,522.2,2222.1,477.4,1051.0,4272.7,10.3,12.4,13.8
2025-06-06 07:00:00,537.9,2316.2,496.7,1024.9,4375.7,11.8,13.9,14.2
2025-06-06 08:00:00,536.4,2435.5,523.1,1031.6,4526.6,12.5,15.0,14.0
2025-06-06 09:00:00,510.7,2576.2,569.7,1072.8,4729.4,12.7,16.5,13.8
2025-06-06 10:00:00,423.2,2672.9,612.8,1090.4,4799.3,13.0,17.4,13.8
2025-06-06 11:00:00,503.2,2730.0,623.8,1099.2,4956.2,13.8,17.5,13.9
2025-06-06 12:00:00,514.5,2729.6,589.3,1091.9,4925.3,14.5,17.7,14.9
2025-06-06 13:00:00,438.6,2628.0,500.1,1089.7,4656.4,15.0,17.5,15.7
2025-06-06 14:00:00,461.4,2608.8,483.7,1077.9,4631.8,14.8,17.6,16.5
2025-06-06 15:00:00,482.5,2608.1,512.8,1064.2,4667.6,14.2,17.3,16.4
2025-06-06 16:00:00,505.2,2588.2,523.7,1050.7,4667.8,13.8,16.9,16.6
2025-06-06 17:00:00,551.2,2570.3,517.9,1046.8,4686.2,13.7,15.7,16.4
2025-06-06 18:00:00,601.0,2548.2,519.4,1053.9,4722.5,13.8,14.1,16.3
2025-06-06 19:00:00,536.0,2519.8,534.0,1032.7,4622.5,13.3,13.1,15.9
2025-06-06 20:00:00,557.3,2391.2,508.2,982.2,4438.9,12.6,12.7,15.4
2025-06-06 21:00:00,719.0,2349.1,557.3,977.4,4602.8,11.2,12.4,14.8
2025-06-06 22:00:00,522.0,2351.7,572.6,982.0,4428.3,10.0,12.5,14.3
2025-06-06 23:00:00,523.5,2303.8,534.0,947.2,4308.5,9.4,12.6,14.1
2025-06-07 00:00:00,542.9,2365.1,460.7,924.3,4293.0,9.4,12.9,13.7
2025-06-07 01:00:00,518.8,2296.7,436.3,900.7,4152.5,9.1,12.5,13.5
2025-06-07 02:00:00,493.8,2285.3,480.0,901.2,4160.3,8.8,11.8,13.0
2025-06-07 03:00:00,486.5,2257.6,460.4,894.7,4099.2,9.4,11.6,12.4
2025-06-07 04:00:00,467.9,2210.0,458.7,897.8,4034.4,9.1,11.3,11.9
2025-06-07 05:00:00,449.2,2193.1,461.9,916.0,4020.2,9.2,11.5,11.5
2025-06-07 06:00:00,465.6,2230.9,468.2,935.5,4100.2,10.0,11.9,11.8
2025-06-07 07:00:00,494.8,2281.4,465.0,966.1,4207.3,10.7,12.6,12.1
2025-06-07 08:00:00,522.4,2396.4,481.1,989.4,4389.3,10.7,13.5,12.4
2025-06-07 09:00:00,510.3,2526.7,470.9,1014.2,4522.1,10.1,14.1,12.8
2025-06-07 10:00:00,513.3,2563.8,460.7,1024.4,4562.2,9.7,15.0,13.7
2025-06-07 11:00:00,511.7,2599.3,438.6,1021.4,4571.0,10.1,15.8,14.3
2025-06-07 12:00:00,492.4,2600.3,450.9,1019.4,4563.0,10.4,16.1,14.8
2025-06-07 13:00:00,483.9,2596.4,465.0,1017.9,4563.2,11.0,16.2,15.2
2025-06-07 14:00:00,495.5,2579.8,467.6,1014.9,4557.8,11.8,17.0,15.4
2025-06-07 15:00:00,539.7,2548.2,478.3,1020.1,4586.3,11.2,16.5,15.6
2025-06-07 16:00:00,551.7,,508.2,1033.4,2093.3,10.2,16.7,15.3
2025-06-07 17:00:00,549.2,2546.2,531.5,1044.3,4671.2,10.5,16.8,14.5
2025-06-07 18:00:00,543.5,2609.1,545.6,1045.0,4743.2,10.4,16.8,14.0
2025-06-07 19:00:00,573.0,2581.4,539.5,1028.9,4722.8,10.4,16.2,13.7
2025-06-07 20:00:00,559.8,,533.5,996.6,2089.9,9.7,15.5,13.3
2025-06-07 21:00:00,541.5,2481.1,542.1,1007.4,4572.1,9.5,14.6,13.0
2025-06-07 22:00:00,530.2,2446.9,544.1,991.7,4512.9,9.1,13.7,13.1
2025-06-07 23:00:00,515.3,2388.5,518.2,961.0,4383.0,8.3,13.1,13.2
2025-06-08 00:00:00,473.7,2362.8,495.5,928.6,4260.6,8.0,12.3,13.1
2025-06-08 01:00:00,452.4,2309.4,469.3,910.2,4141.3,7.7,11.8,12.8
2025-06-08 02:00:00,429.1,2302.2,466.8,895.4,4093.5,7.2,11.2,12.8
2025-06-08 03:00:00,433.6,2255.6,465.9,887.7,4042.8,8.0,10.3,12.1
2025-06-08 04:00:00,474.6,2213.3,457.8,884.7,4030.4,8.2,9.9,11.9
2025-06-08 05:00:00,446.6,2166.4,448.9,907.9,3969.8,8.8,10.2,12.0
2025-06-08 06:00:00,437.6,2161.2,457.3,927.2,3983.3,9.9,10.8,12.3
2025-06-08 07:00:00,476.6,2211.3,472.2,953.9,4114.0,11.1,11.8,12.9
2025-06-08 08:00:00,469.5,2318.2,492.6,983.4,4263.7,11.9,13.0,13.4
2025-06-08 09:00:00,459.5,2413.6,520.8,1014.9,4408.8,12.1,14.3,13.8
2025-06-08 10:00:00,465.4,2506.5,532.6,1026.7,4531.2,12.0,15.3,13.9
2025-06-08 11:00:00,481.1,2587.6,563.7,1033.2,4665.6,12.1,16.0,14.4
2025-06-08 12:00:00,450.4,2580.1,572.3,1033.8,4636.6,11.9,16.9,14.2
2025-06-08 13:00:00,445.5,2564.1,585.2,1023.5,4618.3,11.4,17.4,14.2
2025-06-08 14:00:00,447.6,2495.7,584.1,1014.7,4542.1,11.6,17.8,13.6
2025-06-08 15:00:00,456.1,2461.8,610.0,1013.4,4541.3,10.4,16.8,13.4
2025-06-08 16:00:00,482.1,2491.8,619.8,1019.6,4613.3,10.9,17.1,12.9
2025-06-08 17:00:00,485.5,2582.1,636.1,1029.2,4732.9,11.6,17.3,12.8
2025-06-08 18:00:00,521.8,2678.5,644.2,1040.4,4884.9,12.1,17.1,12.9
2025-06-08 19:00:00,541.1,2672.6,627.8,1028.8,4870.3,12.9,16.4,12.7
2025-06-08 20:00:00,524.9,2687.3,601.1,999.7,4813.0,12.9,15.4,12.6
2025-06-08 21:00:00,554.7,2604.5,572.0,1011.2,4742.4,12.2,14.3,12.5
2025-06-08 22:00:00,509.9,2598.0,591.6,1011.3,4710.8,11.4,13.4,12.4
2025-06-08 23:00:00,501.9,2511.7,570.9,985.9,4570.4,11.1,12.1,12.4
2025-06-09 00:00:00,478.0,2407.1,523.1,959.5,4367.7,10.9,11.8,12.6
2025-06-09 01:00:00,487.1,2346.5,513.6,937.8,4285.0,10.2,10.9,12.0
2025-06-09 02:00:00,500.9,2341.6,520.0,929.6,4292.1,9.1,10.7,11.2
2025-06-09 03:00:00,510.1,2297.0,515.9,933.0,4256.0,8.7,10.5,11.0
2025-06-09 04:00:00,543.1,2277.8,522.3,957.4,4300.6,8.8,10.6,10.7
2025-06-09 05:00:00,574.0,2405.8,559.1,1009.0,4547.9,9.4,11.2,10.6
2025-06-09 06:00:00,587.0,2643.3,629.8,1012.6,4872.7,10.0,11.8,10.7
2025-06-09 07:00:00,552.5,2945.3,692.8,1018.7,5209.3,10.9,12.7,11.0
2025-06-09 08:00:00,489.0,2996.4,689.6,1031.7,5206.7,11.9,13.5,11.7
2025-06-09 09:00:00,541.5,2970.4,674.4,1032.7,5219.0,13.1,14.8,12.2
2025-06-09 10:00:00,517.4,2895.8,668.1,1047.2,5128.5,14.1,15.5,12.7
2025-06-09 11:00:00,488.4,2835.8,665.8,1039.2,5029.2,14.2,16.3,13.0
2025-06-09 12:00:00,466.8,2775.2,668.6,1032.1,4942.7,13.9,17.2,13.7
2025-06-09 13:00:00,505.0,2825.4,677.0,1030.0,5037.4,14.6,16.7,13.8
2025-06-09 14:00:00,567.1,2812.7,656.3,1051.6,5087.7,14.5,14.3,14.5
2025-06-09 15:00:00,589.0,2807.8,642.2,1068.5,5107.5,14.8,15.3,14.8
2025-06-09 16:00:00,563.2,2814.0,623.5,1073.1,5073.8,14.3,13.3,15.2
2025-06-09 17:00:00,617.0,2878.2,625.8,1055.7,5176.7,13.9,14.6,15.3
2025-06-09 18:00:00,628.5,2927.7,624.4,1043.1,5223.7,14.1,15.8,15.3
2025-06-09 19:00:00,526.5,2986.7,612.8,1036.5,5162.5,13.8,14.3,15.2
2025-06-09 20:00:00,481.5,2968.7,663.5,1028.9,5142.6,12.8,14.0,14.7
2025-06-09 21:00:00,456.7,2903.3,651.1,1049.4,5060.5,12.1,13.5,14.1
2025-06-09 22:00:00,455.5,2812.1,617.4,1038.7,4923.7,11.0,12.6,13.6
2025-06-09 23:00:00,476.0,2568.7,564.8,998.0,4607.5,9.7,12.1,13.4
2025-06-10 00:00:00,492.2,2366.1,538.1,969.1,4365.5,8.9,11.8,13.1
2025-06-10 01:00:00,517.6,2310.7,507.9,953.4,4289.6,8.5,11.6,13.0
2025-06-10 02:00:00,514.1,2329.6,492.3,936.0,4272.0,8.9,11.2,12.6
2025-06-10 03:00:00,475.2,2333.2,490.9,940.5,4239.8,9.3,10.7,12.5
2025-06-10 04:00:00,434.4,2315.3,484.9,963.7,4198.3,9.1,10.6,12.4
2025-06-10 05:00:00,466.4,2385.6,,986.6,3838.6,9.7,10.9,12.0
2025-06-10 06:00:00,570.3,2701.3,614.6,997.6,4883.8,10.6,11.7,12.2
2025-06-10 07:00:00,587.6,2944.6,683.9,1034.7,5250.8,11.2,12.5,12.3
2025-06-10 08:00:00,537.2,2924.1,710.6,1049.4,5221.3,12.0,13.5,12.8
2025-06-10 09:00:00,545.4,2906.9,722.1,1049.2,5223.6,12.8,14.4,12.7
2025-06-10 10:00:00,549.0,2907.5,733.6,1068.7,5258.8,13.6,15.0,12.5
2025-06-10 11:00:00,539.1,2961.9,726.2,1068.3,5295.5,14.0,15.7,12.9
2025-06-10 12:00:00,560.0,2968.4,735.9,1074.9,5339.2,14.1,17.2,13.2
2025-06-10 13:00:00,539.5,2961.6,768.4,1068.0,5337.5,13.8,17.7,13.2
2025-06-10 14:00:00,519.4,2902.6,734.2,1061.0,5217.2,13.7,17.2,13.2
2025-06-10 15:00:00,531.0,2888.9,710.9,1051.6,5182.4,12.9,16.4,13.3
2025-06-10 16:00:00,520.0,2880.8,683.6,1033.0,5117.4,12.3,14.7,13.3
2025-06-10 17:00:00,538.3,2963.2,702.9,1013.9,5218.3,12.4,15.2,13.3
2025-06-10 18:00:00,521.8,2970.1,708.3,1006.9,5207.1,12.7,15.0,13.9
2025-06-10 19:00:00,509.7,2964.5,704.6,988.9,5167.7,12.8,14.0,13.8
2025-06-10 20:00:00,529.7,2919.2,,949.3,4398.2,12.2,13.5,13.6
2025-06-10 21:00:00,506.6,2828.0,652.2,959.9,4946.7,11.5,12.8,13.4
2025-06-10 22:00:00,516.8,2719.2,628.4,951.5,4815.9,10.5,12.1,13.6
2025-06-10 23:00:00,515.5,2585.3,582.1,921.8,4604.7,9.6,11.6,13.5
2025-06-11 00:00:00,501.7,2509.4,555.9,921.8,4488.8,9.3,11.4,13.3
2025-06-11 01:00:00,494.4,2443.6,525.7,916.8,4380.5,9.0,11.5,13.0
2025-06-11 02:00:00,505.8,2398.0,522.5,911.5,4337.8,8.5,11.5,12.8
2025-06-11 03:00:00,508.4,2385.6,537.8,895.6,4327.4,7.9,11.5,12.6
2025-06-11 04:00:00,479.6,2348.5,517.1,912.6,4257.8,8.7,11.2,12.4
2025-06-11 05:00:00,490.8,2425.0,555.9,959.6,4431.3,9.4,11.1,12.2
2025-06-11 06:00:00,521.8,2683.0,624.9,988.2,4817.9,10.5,11.2,12.5
2025-06-11 07:00:00,586.3,2888.3,677.6,1023.7,5175.9,11.6,11.6,12.8
2025-06-11 08:00:00,563.6,2975.9,674.0,1034.4,5247.9,12.7,12.2,13.1
2025-06-11 09:00:00,594.5,2929.3,670.4,1039.4,5233.6,13.4,12.7,13.6
2025-06-11 10:00:00,624.9,2987.6,658.0,1048.6,5319.1,13.6,12.8,13.9
2025-06-11 11:00:00,488.6,2948.9,635.6,1052.0,5125.1,13.6,12.0,14.4
2025-06-11 12:00:00,519.2,2921.8,612.8,1041.7,5095.5,13.9,11.9,15.2
2025-06-11 13:00:00,531.6,2903.3,595.6,1034.3,5064.8,12.3,12.2,15.6
2025-06-11 14:00:00,529.1,2875.3,593.6,1029.4,5027.4,13.1,13.3,15.9
2025-06-11 15:00:00,545.4,2862.2,605.1,1032.6,5045.3,13.4,14.7,16.4
2025-06-11 16:00:00,524.7,2886.7,574.3,1034.1,5019.8,14.7,12.4,16.5
2025-06-11 17:00:00,542.5,2972.3,556.5,1031.1,5102.4,15.0,12.7,16.3
2025-06-11 18:00:00,525.9,3003.3,547.9,1030.8,5107.9,14.8,12.2,15.9
2025-06-11 19:00:00,535.4,2991.6,574.3,1017.3,5118.6,14.0,12.1,15.4
2025-06-11 20:00:00,498.5,2980.1,618.3,988.0,5084.9,13.2,11.6,14.9
2025-06-11 21:00:00,394.0,2890.9,633.8,978.6,4897.3,12.2,11.0,14.3
2025-06-11 22:00:00,516.4,2757.0,618.9,962.7,4855.0,11.2,10.8,13.8
2025-06-11 23:00:00,570.1,2611.1,536.6,952.8,4670.6,10.7,10.9,13.4
2025-06-12 00:00:00,486.3,2467.1,520.5,935.4,4409.3,10.8,11.0,13.0
2025-06-12 01:00:00,501.5,2404.8,509.6,929.6,4345.5,10.7,11.1,12.7
2025-06-12 02:00:00,510.5,,494.4,929.2,1934.1,9.9,10.4,12.5
2025-06-12 03:00:00,493.8,2360.2,482.3,933.7,4270.0,10.0,9.6,11.9
2025-06-12 04:00:00,488.1,2322.1,486.0,959.1,4255.3,9.9,9.1,11.7
2025-06-12 05:00:00,452.6,2391.2,521.7,1006.4,4371.9,10.4,9.1,11.7
2025-06-12 06:00:00,441.3,2649.5,591.6,1029.5,4711.9,11.3,9.5,12.1
2025-06-12 07:00:00,447.8,2873.0,641.0,1027.9,4989.7,12.1,10.4,12.6
2025-06-12 08:00:00,479.2,2871.7,639.3,1043.5,5033.7,13.0,11.3,13.3
2025-06-12 09:00:00,468.5,2858.0,605.9,1061.3,4993.7,13.8,12.3,14.2
2025-06-12 10:00:00,384.5,2849.8,603.9,1099.7,4937.9,14.3,13.1,15.1
2025-06-12 11:00:00,374.3,2781.1,594.4,1117.9,4867.7,15.0,14.2,16.2
2025-06-12 12:00:00,510.5,2807.5,572.6,1101.7,4992.3,15.1,15.0,17.1
2025-06-12 13:00:00,597.7,2778.5,584.4,1098.1,5058.7,11.8,15.5,17.3
2025-06-12 14:00:00,554.1,2742.3,596.7,1094.3,4987.4,11.7,15.6,17.4
2025-06-12 15:00:00,496.1,2734.2,587.8,1105.1,4923.2,11.6,16.0,17.6
2025-06-12 16:00:00,537.3,2753.7,590.1,1096.8,4977.9,12.1,16.0,17.3
2025-06-12 17:00:00,673.4,2831.6,610.5,1089.8,5205.3,13.6,15.9,17.2
2025-06-12 18:00:00,620.8,2819.9,612.6,1082.0,5135.3,14.2,15.6,16.9
2025-06-12 19:00:00,587.0,2799.7,623.8,1074.3,5084.8,14.0,15.2,16.5
2025-06-12 20:00:00,552.9,2791.5,620.3,1047.5,5012.2,13.5,14.6,15.9
2025-06-12 21:00:00,537.2,2725.1,600.2,1040.1,4902.6,12.5,13.4,15.0
2025-06-12 22:00:00,513.7,2706.5,593.6,1024.5,4838.3,11.4,12.2,13.6
2025-06-12 23:00:00,491.4,2582.4,547.9,1005.2,4626.9,10.6,11.6,13.6
2025-06-13 00:00:00,481.1,2443.0,515.4,976.8,4416.3,10.1,11.0,13.9
2025-06-13 01:00:00,461.2,2386.6,504.7,952.6,4305.1,9.5,10.5,13.4
2025-06-13 02:00:00,485.1,2358.9,502.1,,3346.1,8.8,10.0,12.4
2025-06-13 03:00:00,484.3,2331.2,491.5,958.6,4265.6,7.4,8.0,11.5
2025-06-13 04:00:00,423.0,2290.5,482.9,989.6,4186.0,7.6,7.8,11.2
2025-06-13 05:00:00,514.5,2346.9,516.2,1034.9,4412.5,8.4,8.0,10.9
2025-06-13 06:00:00,547.6,2551.4,583.8,1043.7,4726.5,9.4,8.7,11.4
2025-06-13 07:00:00,551.0,2765.5,630.4,1043.8,4990.7,10.5,10.2,12.4
2025-06-13 08:00:00,498.5,2799.3,637.0,1062.5,4997.3,11.6,12.0,13.8
2025-06-13 09:00:00,536.4,2734.2,622.3,1074.7,4967.6,12.4,14.0,15.1
2025-06-13 10:00:00,491.6,2668.4,614.3,1098.5,4872.8,12.8,15.8,16.2
2025-06-13 11:00:00,486.3,2593.1,599.6,1102.1,4781.1,13.2,17.1,17.0
2025-06-13 12:00:00,503.6,2558.6,584.7,1079.2,4726.1,13.4,18.0,17.3
2025-06-13 13:00:00,464.6,2512.0,567.1,1071.6,4615.3,13.3,18.6,17.3
2025-06-13 14:00:00,456.3,2482.0,551.9,,3490.2,13.3,19.1,17.5
2025-06-13 15:00:00,473.5,2461.2,540.1,1052.8,4527.6,13.0,20.0,18.3
2025-06-13 16:00:00,515.1,2479.4,539.5,1036.1,4570.1,13.0,20.2,18.2
2025-06-13 17:00:00,533.2,2539.7,554.8,1025.9,4653.6,12.5,20.4,18.0
2025-06-13 18:00:00,516.8,2585.0,,1001.4,4103.2,11.8,20.3,17.7
2025-06-13 19:00:00,536.0,2571.0,571.4,989.8,4668.2,11.2,19.7,17.0
2025-06-13 20:00:00,507.8,2530.9,559.6,959.1,4557.4,11.4,18.3,16.2
2025-06-13 21:00:00,506.8,2463.2,544.4,946.8,4461.2,11.3,15.9,14.9
2025-06-13 22:00:00,433.6,2426.3,563.4,948.1,4371.4,11.1,13.8,13.7
2025-06-13 23:00:00,387.1,2317.2,541.5,931.1,4176.9,10.9,12.7,12.8
2025-06-14 00:00:00,426.9,2209.7,519.4,893.4,4049.4,11.0,11.9,12.1
2025-06-14 01:00:00,507.4,2193.7,489.8,878.2,4069.1,11.1,11.5,11.7
2025-06-14 02:00:00,,2192.8,488.0,882.7,3563.5,11.2,11.3,11.6
2025-06-14 03:00:00,490.2,2182.3,473.9,884.1,4030.5,10.7,10.5,10.9
2025-06-14 04:00:00,458.1,2139.7,462.4,890.0,3950.2,10.8,10.4,11.0
2025-06-14 05:00:00,460.4,2119.5,458.1,911.4,3949.4,11.2,11.1,11.1
2025-06-14 06:00:00,508.0,2101.2,448.9,925.9,3984.0,11.7,12.1,11.7
2025-06-14 07:00:00,571.3,2161.5,474.8,,3207.6,12.4,13.9,12.9
2025-06-14 08:00:00,522.2,2187.5,475.1,945.5,4130.3,13.0,16.1,14.6
2025-06-14 09:00:00,482.9,2211.7,465.6,974.5,4134.7,14.1,18.2,16.3
2025-06-14 10:00:00,470.9,2193.1,475.4,1000.3,4139.7,15.6,20.3,17.5
2025-06-14 11:00:00,462.4,2215.2,475.7,995.7,4149.0,16.7,21.7,18.4
2025-06-14 12:00:00,465.6,2207.4,477.4,996.0,4146.4,17.3,22.7,19.0
2025-06-14 13:00:00,492.8,2208.1,474.5,990.8,4166.2,17.4,23.3,19.5
2025-06-14 14:00:00,518.2,2213.6,468.2,1003.2,4203.2,18.2,23.7,19.9
2025-06-14 15:00:00,502.6,2211.7,455.8,1002.8,4172.9,18.4,24.3,20.6
2025-06-14 16:00:00,501.1,2255.6,451.2,1002.2,4210.1,18.8,23.7,20.4
2025-06-14 17:00:00,520.2,,487.5,1007.6,2015.3,19.4,22.9,20.0
2025-06-14 18:00:00,501.5,,517.9,1009.4,2028.8,19.6,22.2,19.5
2025-06-14 19:00:00,463.2,2457.0,532.6,985.9,4438.7,20.2,20.5,18.8
2025-06-14 20:00:00,417.5,2446.9,527.7,953.1,4345.2,20.2,18.6,17.9
2025-06-14 21:00:00,514.9,2360.9,515.1,954.6,4345.5,20.0,17.0,16.5
2025-06-14 22:00:00,535.8,2320.1,525.4,,3381.3,19.1,15.8,15.3
2025-06-14 23:00:00,464.0,2251.4,516.2,922.7,4154.3,17.5,15.0,14.7
2025-06-15 00:00:00,419.2,2138.0,481.4,892.1,3930.7,16.3,14.5,14.4
2025-06-15 01:00:00,414.1,2018.1,450.1,867.5,3749.8,15.6,14.0,14.4
2025-06-15 02:00:00,352.6,2017.8,437.7,837.3,3645.4,15.1,13.7,14.5
2025-06-15 03:00:00,365.6,1992.7,434.8,826.4,3619.5,14.4,13.0,13.8
2025-06-15 04:00:00,398.5,1937.4,421.9,825.6,3583.4,14.4,12.6,13.8
2025-06-15 05:00:00,450.4,1898.9,408.1,835.6,3593.0,14.9,12.8,13.8
2025-06-15 06:00:00,423.8,1966.0,408.9,849.8,3648.5,15.4,13.7,14.7
2025-06-15 07:00:00,462.4,2067.3,436.3,867.0,3833.0,15.3,15.4,16.4
2025-06-15 08:00:00,428.1,2130.9,452.4,892.6,3904.0,14.9,18.0,18.1
2025-06-15 09:00:00,,2176.8,465.9,900.4,3543.1,15.3,20.4,19.3
2025-06-15 10:00:00,399.1,2216.5,461.6,923.9,4001.1,16.1,22.7,20.4
2025-06-15 11:00:00,388.7,2243.3,473.4,928.7,4034.1,16.9,24.4,21.3
2025-06-15 12:00:00,384.3,2241.3,501.3,933.3,4060.2,17.5,25.2,21.9
2025-06-15 13:00:00,429.9,2288.9,520.2,930.5,4169.5,17.9,26.4,22.4
2025-06-15 14:00:00,424.9,2279.7,490.9,921.1,4116.6,18.2,26.6,21.9
2025-06-15 15:00:00,428.5,2326.7,486.0,928.6,4169.8,19.0,27.3,22.8
2025-06-15 16:00:00,468.3,2432.9,501.6,942.8,4345.6,18.9,26.3,22.8
2025-06-15 17:00:00,501.3,2582.1,537.5,937.1,4558.0,18.8,25.5,22.8
2025-06-15 18:00:00,509.1,2619.2,556.5,946.1,4630.9,18.1,24.6,22.5
2025-06-15 19:00:00,523.3,2629.6,571.1,942.4,4666.4,17.4,22.9,20.9
2025-06-15 20:00:00,513.3,2634.2,572.3,911.3,4631.1,16.9,21.8,19.0
2025-06-15 21:00:00,504.6,2540.0,541.5,914.3,4500.4,16.0,20.7,17.5
2025-06-15 22:00:00,428.9,2491.8,534.0,900.6,4355.3,14.3,19.4,17.9
2025-06-15 23:00:00,454.5,2348.8,488.0,877.5,4168.8,13.0,18.3,17.2
2025-06-16 00:00:00,450.6,2190.8,489.2,868.3,3998.9,12.5,17.4,16.6
2025-06-16 01:00:00,455.1,2139.7,473.4,846.2,3914.4,12.0,17.0,16.4
2025-06-16 02:00:00,425.7,2113.3,462.7,835.9,3837.6,11.3,17.3,16.3
2025-06-16 03:00:00,372.9,2109.0,463.6,835.0,3780.5,10.7,16.5,16.0
2025-06-16 04:00:00,340.7,2098.0,444.9,854.3,3737.9,10.4,16.9,15.6
2025-06-16 05:00:00,465.4,2182.7,481.7,912.3,4042.1,10.5,17.5,15.1
2025-06-16 06:00:00,496.9,2486.0,571.1,950.8,4504.8,10.7,18.7,14.9
2025-06-16 07:00:00,501.3,2758.3,647.6,989.8,4897.0,11.1,19.5,14.8
2025-06-16 08:00:00,491.4,2865.5,675.8,996.6,5029.3,11.5,19.8,15.2
2025-06-16 09:00:00,536.8,2885.3,690.5,996.7,5109.3,12.1,19.2,15.6
2025-06-16 10:00:00,541.3,2908.5,699.7,1003.8,5153.3,12.7,19.6,15.9
2025-06-16 11:00:00,517.4,2865.5,703.2,1011.3,5097.4,13.3,19.7,17.1
2025-06-16 12:00:00,446.8,2773.0,668.1,,3887.9,13.8,19.5,18.0
2025-06-16 13:00:00,472.5,2772.0,652.2,,3896.7,14.1,20.2,18.3
2025-06-16 14:00:00,500.3,2824.8,626.1,998.2,4949.4,14.5,20.5,18.7
2025-06-16 15:00:00,542.3,2802.6,601.3,987.0,4933.2,14.9,20.8,19.3
2025-06-16 16:00:00,624.3,2773.6,577.5,979.3,4954.7,14.8,22.0,20.3
2025-06-16 17:00:00,616.2,2873.3,606.8,959.7,5056.0,14.9,21.8,20.4
2025-06-16 18:00:00,488.4,2905.2,593.3,953.9,4940.8,14.4,21.7,19.9
2025-06-16 19:00:00,468.3,2948.5,620.9,946.5,4984.2,14.0,20.9,19.5
2025-06-16 20:00:00,455.9,2932.9,658.3,920.0,4967.1,13.4,20.1,18.9
2025-06-16 21:00:00,502.8,2783.7,649.7,928.3,4864.5,11.4,19.1,17.8
2025-06-16 22:00:00,532.8,2653.7,616.6,904.8,4707.9,11.1,18.4,16.8
2025-06-16 23:00:00,510.9,2507.1,541.5,864.9,4424.4,10.6,17.9,16.0
2025-06-17 00:00:00,466.2,2316.6,524.3,812.4,4119.5,10.5,17.7,15.5
2025-06-17 01:00:00,439.9,2203.5,519.4,791.4,3954.2,10.6,16.3,15.1
2025-06-17 02:00:00,437.6,2206.4,521.7,799.0,3964.7,10.6,15.2,14.8
2025-06-17 03:00:00,406.4,2134.8,509.0,791.5,3841.7,10.0,14.2,14.5
2025-06-17 04:00:00,448.8,2076.8,499.3,805.2,3830.1,10.1,13.8,14.2
2025-06-17 05:00:00,469.3,2179.4,514.2,870.4,4033.3,10.4,14.1,14.0
2025-06-17 06:00:00,538.3,2451.1,592.7,931.6,4513.7,10.7,15.0,14.0
2025-06-17 07:00:00,570.9,2700.0,644.8,960.2,4875.9,11.9,16.3,14.3
2025-06-17 08:00:00,506.6,2762.9,654.3,985.1,4908.9,13.4,17.3,15.3
2025-06-17 09:00:00,451.2,2759.9,631.5,1015.3,4857.9,14.5,18.3,16.4
2025-06-17 10:00:00,469.5,2742.7,643.6,1024.2,4880.0,16.0,19.3,17.5
2025-06-17 11:00:00,567.9,2728.7,626.1,1033.1,4955.8,16.3,20.2,18.5
2025-06-17 12:00:00,510.3,2780.1,620.6,1042.7,4953.7,16.2,21.2,19.7
2025-06-17 13:00:00,500.3,2807.8,609.7,1039.2,4957.0,16.9,21.7,20.7
2025-06-17 14:00:00,520.4,2794.1,606.5,1024.6,4945.6,16.9,21.5,21.3
2025-06-17 15:00:00,504.6,2809.1,613.1,1011.0,4937.8,15.8,21.6,20.9
2025-06-17 16:00:00,563.6,2822.8,620.0,1007.2,5013.6,15.7,22.4,21.3
2025-06-17 17:00:00,610.7,2864.8,637.3,,4112.8,16.6,21.6,21.0
2025-06-17 18:00:00,459.3,2786.3,619.8,983.6,4849.0,16.1,19.3,20.4
2025-06-17 19:00:00,490.4,2787.9,639.6,973.5,4891.4,15.1,20.5,20.4
2025-06-17 20:00:00,456.9,2732.9,612.8,941.6,4744.2,15.1,19.8,20.1
2025-06-17 21:00:00,557.7,2680.4,661.2,938.2,4837.5,14.7,18.4,19.4
2025-06-17 22:00:00,486.7,2652.4,655.4,933.4,4727.9,14.3,17.6,18.8
2025-06-17 23:00:00,459.3,2502.9,602.5,904.2,4468.9,13.4,16.8,18.1
2025-06-18 00:00:00,461.6,2358.3,554.2,875.1,4249.2,12.6,16.4,17.6
2025-06-18 01:00:00,436.4,2306.8,521.1,850.8,4115.1,11.9,16.2,16.9
2025-06-18 02:00:00,442.1,2263.8,512.2,832.1,4050.2,11.4,16.2,16.1
2025-06-18 03:00:00,378.0,2202.5,499.5,832.4,3912.4,11.1,15.5,16.0
2025-06-18 04:00:00,461.6,2134.4,501.6,834.8,3932.4,11.2,15.3,15.2
2025-06-18 05:00:00,485.7,2247.5,524.8,886.0,4144.0,11.9,15.5,15.1
2025-06-18 06:00:00,515.5,2466.1,569.4,904.5,4455.5,12.7,16.2,15.2
2025-06-18 07:00:00,565.0,2743.3,618.0,927.8,4854.1,13.7,16.3,15.4
2025-06-18 08:00:00,543.1,2785.3,628.1,963.2,4919.7,14.8,16.7,15.7
2025-06-18 09:00:00,540.1,2811.4,605.1,974.2,4930.8,15.7,17.4,16.8
2025-06-18 10:00:00,595.3,2838.4,596.5,998.5,5028.7,16.2,17.8,17.7
2025-06-18 11:00:00,523.5,2812.1,597.3,1011.0,4943.9,16.3,18.5,18.3
2025-06-18 12:00:00,560.2,2794.8,594.7,1016.4,4966.1,16.0,18.8,19.0
2025-06-18 13:00:00,547.6,2792.8,606.2,1013.0,4959.6,15.4,19.2,19.8
2025-06-18 14:00:00,522.6,2734.8,581.8,1019.1,4858.3,15.8,19.8,20.6
2025-06-18 15:00:00,,2714.6,581.5,1017.3,4313.4,15.4,20.1,21.0
2025-06-18 16:00:00,585.5,2682.7,574.3,1013.4,4855.9,16.5,20.4,21.2
2025-06-18 17:00:00,583.5,2714.6,586.4,1013.7,4898.2,13.5,20.4,20.4
2025-06-18 18:00:00,579.0,2756.0,580.1,1010.3,4925.4,13.4,19.4,20.4
2025-06-18 19:00:00,536.4,2853.4,592.7,990.7,4973.2,12.6,18.3,19.9
2025-06-18 20:00:00,507.0,2791.9,578.3,956.6,4833.8,11.9,16.6,19.0
2025-06-18 21:00:00,512.5,2753.1,612.8,943.9,4822.3,11.8,16.0,18.1
2025-06-18 22:00:00,495.0,2657.0,618.6,924.2,4694.8,11.7,15.6,17.2
2025-06-18 23:00:00,475.2,2428.3,566.8,890.8,4361.1,11.5,15.3,16.2
2025-06-19 00:00:00,462.4,2330.9,543.8,851.3,4188.4,11.4,14.7,15.4
2025-06-19 01:00:00,478.4,2270.3,500.7,839.3,4088.7,11.3,14.4,14.7
2025-06-19 02:00:00,476.6,2223.1,477.4,815.7,3992.8,11.0,14.2,14.1
2025-06-19 03:00:00,456.1,2187.2,485.2,814.3,3942.8,11.1,13.4,14.2
2025-06-19 04:00:00,452.4,2158.2,497.0,833.9,3941.5,11.1,12.6,14.0
2025-06-19 05:00:00,,2238.4,506.2,892.3,3636.9,11.1,12.5,13.6
2025-06-19 06:00:00,619.8,2497.0,569.7,945.8,4632.3,11.5,12.1,13.4
2025-06-19 07:00:00,563.6,2697.7,616.6,986.2,4864.1,12.0,12.3,13.7
2025-06-19 08:00:00,456.7,2731.9,633.8,1005.6,4828.0,12.5,13.1,14.3
2025-06-19 09:00:00,486.5,2806.8,632.1,1013.3,4938.7,13.4,14.1,14.9
2025-06-19 10:00:00,442.5,2868.4,629.2,1029.1,4969.2,13.8,15.8,15.6
2025-06-19 11:00:00,462.6,2863.5,606.5,1041.8,4974.4,13.9,16.5,16.3
2025-06-19 12:00:00,476.4,2891.2,567.7,1033.1,4968.4,14.5,17.2,17.1
2025-06-19 13:00:00,448.2,2788.6,595.9,1021.8,4854.5,15.3,17.6,17.6
2025-06-19 14:00:00,492.4,2730.3,562.5,1007.9,4793.1,16.1,17.9,17.9
2025-06-19 15:00:00,498.1,2698.4,543.8,1006.8,4747.1,15.3,18.0,17.8
2025-06-19 16:00:00,522.8,2681.7,530.9,1003.7,4739.1,15.2,16.9,18.0
2025-06-19 17:00:00,506.2,2653.4,542.1,995.0,4696.7,14.8,17.7,18.1
2025-06-19 18:00:00,490.4,2612.0,533.8,984.4,4620.6,14.5,17.7,18.0
2025-06-19 19:00:00,488.2,2601.9,562.5,971.1,4623.7,13.5,17.5,17.6
2025-06-19 20:00:00,546.8,2623.4,579.2,934.5,4683.9,13.1,17.1,17.2
2025-06-19 21:00:00,589.8,2514.6,577.2,923.4,4605.0,12.9,16.3,16.6
2025-06-19 22:00:00,522.2,2394.7,541.5,910.2,4368.6,11.9,15.2,16.1
2025-06-19 23:00:00,515.1,2324.7,461.9,875.0,4176.7,11.7,14.5,15.6
2025-06-20 00:00:00,473.5,2207.4,425.6,845.4,3951.9,11.1,14.1,14.9
2025-06-20 01:00:00,454.7,2147.2,418.4,825.8,3846.1,10.3,13.7,14.3
2025-06-20 02:00:00,413.9,2104.8,409.8,810.3,3738.8,9.8,13.2,13.7
2025-06-20 03:00:00,429.9,2023.4,400.9,802.4,3656.6,9.1,11.9,12.8
2025-06-20 04:00:00,453.1,2022.1,386.8,815.4,3677.4,8.7,11.5,12.6
2025-06-20 05:00:00,441.1,2017.2,385.7,858.0,3702.0,8.8,11.7,12.4
2025-06-20 06:00:00,496.1,2058.5,440.6,881.8,3877.0,8.9,12.2,12.7
2025-06-20 07:00:00,465.4,2110.7,478.8,896.3,3951.2,9.4,13.1,13.1
2025-06-20 08:00:00,502.6,2206.1,494.9,902.9,4106.5,10.0,14.1,14.0
2025-06-20 09:00:00,511.1,2321.8,489.8,912.1,4234.8,10.9,15.2,15.0
2025-06-20 10:00:00,519.4,2386.6,486.3,912.5,4304.8,12.0,16.5,16.1
2025-06-20 11:00:00,523.2,2372.9,497.5,912.3,4305.9,12.2,17.8,17.2
2025-06-20 12:00:00,512.7,2356.9,485.4,923.2,4278.2,12.5,17.9,18.3
2025-06-20 13:00:00,497.9,2319.5,478.5,914.9,4210.8,13.1,17.7,19.2
2025-06-20 14:00:00,508.8,2243.6,466.8,916.7,4135.9,13.5,18.4,19.8
2025-06-20 15:00:00,495.1,2153.3,438.6,913.5,4000.5,14.1,18.2,20.1
2025-06-20 16:00:00,521.8,2141.0,426.2,903.6,3992.6,13.4,19.2,20.0
2025-06-20 17:00:00,509.0,2146.5,431.1,895.1,3981.7,13.4,19.2,19.7
2025-06-20 18:00:00,566.1,2138.0,425.2,879.8,4009.1,12.9,18.7,19.4
2025-06-20 19:00:00,514.7,2143.2,419.3,865.0,3942.2,12.4,18.9,19.1
2025-06-20 20:00:00,474.0,2136.1,435.7,842.0,3887.8,11.8,18.3,18.6
2025-06-20 21:00:00,390.6,2094.1,433.1,850.3,3768.1,11.3,17.6,17.8
2025-06-20 22:00:00,410.2,2061.2,461.6,849.8,3782.8,10.8,16.7,16.6
2025-06-20 23:00:00,470.3,2072.9,459.0,837.4,3839.6,10.5,15.8,16.3
2025-06-21 00:00:00,455.1,2063.4,435.4,803.3,3757.2,10.4,14.7,16.5
2025-06-21 01:00:00,394.2,1990.5,417.3,799.6,3601.6,10.2,14.1,16.1
2025-06-21 02:00:00,383.3,1960.2,402.3,788.1,3533.9,10.3,13.7,15.7
2025-06-21 03:00:00,416.1,1878.4,381.6,786.6,3462.7,10.2,13.3,14.5
2025-06-21 04:00:00,488.4,1886.9,387.4,797.6,3560.3,10.5,13.3,14.1
2025-06-21 05:00:00,433.8,1893.1,399.7,812.5,3539.1,10.8,13.2,13.9
2025-06-21 06:00:00,433.4,1957.9,413.8,820.1,3625.2,10.7,13.6,14.2
2025-06-21 07:00:00,414.9,2011.3,416.7,842.5,3685.4,10.7,14.4,14.7
2025-06-21 08:00:00,446.8,2044.2,436.6,867.5,3795.1,11.0,16.5,15.5
2025-06-21 09:00:00,437.2,2108.7,446.0,887.4,3879.3,11.5,17.7,16.6
2025-06-21 10:00:00,378.6,2210.4,493.8,898.4,3981.2,12.1,19.0,17.7
2025-06-21 11:00:00,428.9,2305.8,514.8,913.8,4163.3,12.9,19.9,19.1
2025-06-21 12:00:00,456.3,2278.8,508.5,917.9,4161.5,13.5,20.6,20.6
2025-06-21 13:00:00,461.8,2249.1,486.6,925.8,4123.3,14.2,21.2,21.6
2025-06-21 14:00:00,483.3,2210.4,466.5,913.4,4073.6,14.7,21.0,22.3
2025-06-21 15:00:00,463.2,2133.1,450.6,926.8,3973.7,15.1,20.9,23.1
2025-06-21 16:00:00,476.2,2098.3,474.8,930.0,3979.3,15.9,20.7,23.7
2025-06-21 17:00:00,455.5,2179.4,480.3,923.7,4038.9,16.0,20.0,23.9
2025-06-21 18:00:00,482.7,2260.5,515.4,919.9,4178.5,15.7,19.6,23.7
2025-06-21 19:00:00,569.3,2280.1,515.9,911.3,4276.6,15.5,18.9,23.5
2025-06-21 20:00:00,574.2,2345.5,543.0,890.1,4352.8,14.9,18.0,23.1
2025-06-21 21:00:00,555.1,2298.3,514.5,899.8,4267.7,13.9,15.6,22.3
2025-06-21 22:00:00,495.0,2249.1,497.2,890.5,4131.8,12.8,13.9,21.5
2025-06-21 23:00:00,479.2,2155.0,461.3,858.1,3953.6,11.3,13.0,20.6
2025-06-22 00:00:00,465.0,2086.6,433.4,835.1,3820.1,10.5,12.0,19.6
2025-06-22 01:00:00,495.7,2031.2,434.0,823.1,3784.0,10.0,11.3,18.9
2025-06-22 02:00:00,512.5,1991.8,425.3,804.3,3733.9,10.3,10.9,18.2
2025-06-22 03:00:00,508.4,1944.2,420.2,791.9,3664.7,9.3,10.0,16.8
2025-06-22 04:00:00,,1854.3,381.9,795.4,3031.6,9.5,9.8,16.0
2025-06-22 05:00:00,509.7,1837.7,367.2,802.1,3516.7,10.2,10.0,15.8
2025-06-22 06:00:00,507.8,1884.9,382.2,809.3,3584.2,11.6,10.9,16.2
2025-06-22 07:00:00,485.3,1951.0,400.0,832.0,3668.3,13.1,12.2,17.0
2025-06-22 08:00:00,457.9,2016.8,428.5,843.0,3746.2,14.6,13.6,18.3
2025-06-22 09:00:00,474.6,2134.1,451.8,861.0,3921.5,15.8,15.1,19.9
2025-06-22 10:00:00,486.3,2216.2,464.5,886.2,4053.2,16.5,16.3,20.9
2025-06-22 11:00:00,495.1,2224.0,465.3,894.9,4079.3,16.7,17.8,21.3
2025-06-22 12:00:00,483.9,2242.6,471.6,904.4,4102.5,16.9,18.9,22.0
2025-06-22 13:00:00,464.6,2256.6,452.1,894.9,4068.2,16.7,20.2,22.9
2025-06-22 14:00:00,460.8,2299.3,464.5,898.3,4122.9,16.2,21.0,23.4
2025-06-22 15:00:00,481.0,2330.2,485.7,896.9,4193.8,15.6,21.5,23.2
2025-06-22 16:00:00,477.0,2347.2,512.5,896.7,4233.4,16.1,19.4,22.6
2025-06-22 17:00:00,515.5,2416.2,525.7,896.8,4354.2,15.9,18.9,21.8
2025-06-22 18:00:00,484.7,2490.8,534.9,893.8,4404.2,15.7,18.0,21.2
2025-06-22 19:00:00,426.3,2526.0,537.5,867.6,4357.4,14.9,17.0,20.2
2025-06-22 20:00:00,415.1,2507.1,504.4,835.6,4262.2,14.1,16.0,19.1
2025-06-22 21:00:00,418.6,2409.1,505.9,844.2,4177.8,13.4,15.0,18.5
2025-06-22 22:00:00,460.6,2389.2,484.0,854.5,4188.3,12.8,14.2,18.1
2025-06-22 23:00:00,424.6,2270.6,471.9,844.4,4011.5,12.7,13.4,17.8
2025-06-23 00:00:00,461.8,2232.5,493.5,821.6,4009.4,13.5,13.6,18.2
2025-06-23 01:00:00,436.8,2172.2,479.4,821.2,3909.6,12.6,13.7,17.8
2025-06-23 02:00:00,448.4,2225.3,457.8,816.0,3947.5,11.9,13.1,17.6
2025-06-23 03:00:00,442.9,2192.8,475.4,821.4,3932.5,11.8,13.1,17.5
2025-06-23 04:00:00,400.3,2133.5,461.6,849.5,3844.9,11.5,12.7,17.4
2025-06-23 05:00:00,413.1,2200.6,463.9,900.3,3977.9,11.5,12.9,17.2
2025-06-23 06:00:00,480.4,2485.3,540.7,950.7,4457.1,11.8,13.2,17.0
2025-06-23 07:00:00,509.1,2786.3,626.4,984.6,4906.4,12.0,13.4,17.0
2025-06-23 08:00:00,535.8,2991.6,666.9,999.6,5193.9,12.2,13.2,17.4
2025-06-23 09:00:00,546.0,3006.5,643.6,1012.9,5209.0,11.3,12.6,18.1
2025-06-23 10:00:00,533.4,3080.8,651.7,1028.1,5294.0,11.0,13.5,18.8
2025-06-23 11:00:00,553.7,3122.2,663.5,1031.9,5371.3,10.9,14.8,18.8
2025-06-23 12:00:00,529.5,3101.3,687.3,1024.6,5342.7,10.9,15.8,19.4
2025-06-23 13:00:00,589.0,3070.7,706.0,1021.5,5387.2,10.6,16.1,19.2
2025-06-23 14:00:00,566.5,3050.2,691.9,1024.4,5333.0,10.4,16.5,17.3
2025-06-23 15:00:00,545.8,3025.1,653.7,1016.3,5240.9,10.8,15.6,16.7
2025-06-23 16:00:00,543.7,3016.0,605.4,1014.3,5179.4,10.7,15.8,16.4
2025-06-23 17:00:00,538.7,3024.1,630.7,1012.8,5206.3,10.6,16.5,17.3
2025-06-23 18:00:00,543.7,3003.0,,1025.1,4571.8,10.7,16.6,16.7
2025-06-23 19:00:00,603.6,2939.1,629.2,1013.5,5185.4,10.8,16.1,16.2
2025-06-23 20:00:00,549.8,2827.4,605.9,985.4,4968.5,10.9,16.1,15.4
2025-06-23 21:00:00,544.6,2779.5,592.7,982.3,4899.1,10.9,15.8,14.7
2025-06-23 22:00:00,508.0,2662.5,597.3,960.3,4728.1,11.0,14.4,14.4
2025-06-23 23:00:00,522.8,2516.3,545.3,918.9,4503.3,11.1,14.1,14.4
2025-06-24 00:00:00,491.8,2398.6,523.7,884.3,4298.4,11.0,14.0,14.4
2025-06-24 01:00:00,466.6,2325.7,505.6,861.4,4159.3,11.0,14.0,14.2
2025-06-24 02:00:00,468.9,2322.7,501.8,855.0,4148.4,11.0,13.3,13.6
2025-06-24 03:00:00,465.0,2278.4,495.2,853.8,4092.4,10.7,12.6,14.1
2025-06-24 04:00:00,442.5,2278.8,502.7,866.7,4090.7,10.7,12.4,14.4
2025-06-24 05:00:00,429.1,2322.7,509.6,932.9,4194.3,10.8,12.0,14.3
2025-06-24 06:00:00,450.6,2561.5,567.1,979.8,4559.0,11.2,12.3,14.5
2025-06-24 07:00:00,529.3,2776.9,626.7,1008.7,4941.6,11.2,12.5,15.0
2025-06-24 08:00:00,499.9,2851.5,652.0,1024.2,5027.6,11.5,12.7,15.5
2025-06-24 09:00:00,510.1,2882.7,687.3,1035.7,5115.8,11.4,12.7,15.4
2025-06-24 10:00:00,543.1,2898.7,697.7,1047.4,5186.9,11.4,12.8,15.6
2025-06-24 11:00:00,554.9,2927.0,690.5,1058.2,5230.6,11.9,12.8,16.0
2025-06-24 12:00:00,559.0,2960.3,666.6,1057.8,5243.7,12.0,13.3,17.3
2025-06-24 13:00:00,546.6,2932.9,718.1,1056.3,5253.9,12.3,13.3,17.5
2025-06-24 14:00:00,537.5,2966.5,710.3,1046.1,5260.4,12.5,14.0,17.8
2025-06-24 15:00:00,529.3,2929.0,693.1,1047.2,5198.6,12.2,14.8,17.6
2025-06-24 16:00:00,527.1,2913.0,653.7,1059.0,5152.8,12.2,15.2,18.1
2025-06-24 17:00:00,572.1,2963.2,679.3,1057.8,5272.4,12.2,15.4,17.8
2025-06-24 18:00:00,596.5,2965.5,661.7,1041.3,5265.0,12.2,15.3,17.1
2025-06-24 19:00:00,563.2,2909.8,677.8,1038.3,5189.1,12.7,14.9,16.2
2025-06-24 20:00:00,520.4,2893.2,664.9,998.7,5077.2,12.9,14.9,15.7
2025-06-24 21:00:00,491.0,2822.8,650.2,1005.7,4969.7,13.0,14.5,15.5
2025-06-24 22:00:00,482.1,2762.2,642.8,986.7,4873.8,13.0,14.1,15.1
2025-06-24 23:00:00,509.0,2629.3,601.9,949.8,4690.0,12.7,13.9,15.1
2025-06-25 00:00:00,438.6,2521.8,562.8,927.6,4450.8,12.3,13.7,15.0
2025-06-25 01:00:00,425.7,2399.0,520.5,907.4,4252.6,11.9,13.4,14.9
2025-06-25 02:00:00,449.2,2339.0,503.9,890.8,4182.9,11.6,13.1,14.9
2025-06-25 03:00:00,450.8,2271.9,505.6,885.1,4113.4,10.8,12.9,15.0
2025-06-25 04:00:00,465.4,2208.7,489.2,901.7,4065.0,10.5,13.0,14.9
2025-06-25 05:00:00,440.1,2261.2,497.5,964.5,4163.3,10.8,13.1,15.0
2025-06-25 06:00:00,479.0,2565.1,,1017.7,4061.8,11.1,13.6,14.7
2025-06-25 07:00:00,564.8,2791.2,618.0,1039.8,5013.8,11.0,14.2,14.8
2025-06-25 08:00:00,542.3,2925.1,614.6,1068.3,5150.3,11.1,14.5,15.1
2025-06-25 09:00:00,505.6,2989.3,611.1,1086.2,5192.2,10.9,14.3,15.6
2025-06-25 10:00:00,516.2,2995.8,598.8,1088.5,5199.3,11.1,14.5,16.0
2025-06-25 11:00:00,510.7,3000.0,599.9,1097.3,5207.9,11.9,15.1,16.5
2025-06-25 12:00:00,518.8,2968.7,637.6,1098.5,5223.6,13.4,15.7,16.9
2025-06-25 13:00:00,518.8,2930.6,633.8,1084.5,5167.7,13.2,16.7,17.5
2025-06-25 14:00:00,521.8,2861.2,630.7,1091.9,5105.6,13.2,17.9,18.1
2025-06-25 15:00:00,503.6,2810.7,653.7,1081.8,5049.8,13.5,17.7,17.5
2025-06-25 16:00:00,509.3,2747.5,630.4,1094.8,4982.0,13.1,18.5,17.9
2025-06-25 17:00:00,504.4,2786.0,613.4,1084.9,4988.7,13.5,18.7,18.2
2025-06-25 18:00:00,487.1,2796.1,612.3,1091.9,4987.4,13.7,18.9,18.2
2025-06-25 19:00:00,527.8,,613.1,1074.6,2215.5,12.9,18.5,18.0
2025-06-25 20:00:00,514.5,2773.0,627.5,1051.3,4966.3,12.3,17.7,17.6
2025-06-25 21:00:00,519.0,2725.1,608.2,1039.4,4891.7,11.8,16.4,16.9
2025-06-25 22:00:00,536.2,2636.5,577.5,1021.8,4772.0,10.9,15.5,16.2
2025-06-25 23:00:00,499.7,2500.6,521.7,978.7,4500.7,10.6,15.0,15.7
2025-06-26 00:00:00,449.8,2446.9,569.1,952.5,4418.3,9.7,14.7,15.3
2025-06-26 01:00:00,432.6,2362.8,538.1,937.3,4270.8,9.8,14.5,14.9
2025-06-26 02:00:00,431.1,2344.2,537.5,915.4,4228.2,9.6,14.4,14.5
2025-06-26 03:00:00,448.8,2301.2,548.4,911.0,4209.4,9.0,13.7,13.8
2025-06-26 04:00:00,425.3,2270.9,564.5,926.9,4187.6,8.9,13.1,13.2
2025-06-26 05:00:00,417.7,2356.0,595.9,,3369.6,9.2,13.0,12.6
2025-06-26 06:00:00,501.7,2543.3,663.2,1015.6,4723.8,10.0,13.4,14.0
2025-06-26 07:00:00,580.5,2783.1,727.6,1044.4,5135.6,11.3,14.3,14.6
2025-06-26 08:00:00,607.4,2849.8,752.3,1056.1,5265.6,12.7,15.5,15.2
2025-06-26 09:00:00,534.4,2876.2,673.5,1053.5,5137.6,13.8,17.0,15.9
2025-06-26 10:00:00,499.3,2865.8,668.9,1053.5,5087.5,14.7,18.4,16.4
2025-06-26 11:00:00,519.0,2903.9,632.4,1058.6,5113.9,15.4,19.4,16.7
2025-06-26 12:00:00,516.4,2855.1,639.9,1063.9,5075.3,16.1,20.3,17.3
2025-06-26 13:00:00,510.5,2833.2,634.1,1048.9,5026.7,17.0,21.1,17.9
2025-06-26 14:00:00,517.6,2809.1,626.7,1041.0,4994.4,17.8,21.9,18.0
2025-06-26 15:00:00,537.0,2838.8,607.4,1025.5,5008.7,17.2,23.1,18.5
2025-06-26 16:00:00,545.0,2827.4,586.4,1031.3,4990.1,16.7,23.8,18.9
2025-06-26 17:00:00,528.3,2885.3,579.8,1017.7,5011.1,15.6,22.6,19.3
2025-06-26 18:00:00,496.9,2897.7,556.5,1011.1,4962.2,15.6,21.2,18.4
2025-06-26 19:00:00,517.2,2875.3,538.7,990.6,4921.8,15.0,21.2,18.2
2025-06-26 20:00:00,548.2,2884.4,517.4,952.1,4902.1,14.4,19.9,17.3
2025-06-26 21:00:00,438.2,2859.3,451.8,952.4,4701.7,13.6,18.2,16.2
2025-06-26 22:00:00,414.1,2704.2,527.4,938.8,4584.5,12.8,16.9,16.0
2025-06-26 23:00:00,336.4,2471.0,553.6,923.0,4284.0,12.1,15.8,15.7
2025-06-27 00:00:00,388.5,2351.7,504.4,890.1,4134.7,11.9,15.0,15.7
2025-06-27 01:00:00,395.0,2269.6,499.3,880.1,4044.0,11.6,14.2,15.6
2025-06-27 02:00:00,406.2,2203.5,499.8,867.4,3976.9,10.0,14.2,15.5
2025-06-27 03:00:00,444.7,2159.5,502.4,858.5,3965.1,9.8,14.2,15.3
2025-06-27 04:00:00,515.3,2155.0,508.7,891.0,4070.0,10.6,13.7,15.8
2025-06-27 05:00:00,529.3,2239.0,511.0,953.7,4233.0,11.8,13.9,16.4
2025-06-27 06:00:00,495.9,2489.2,566.5,991.4,4543.0,12.9,14.1,16.6
2025-06-27 07:00:00,434.8,2792.8,601.1,1015.4,4844.1,13.5,14.3,16.7
2025-06-27 08:00:00,504.2,2914.7,647.1,1023.2,5089.2,14.1,14.6,17.2
2025-06-27 09:00:00,,2955.7,675.0,1021.2,4651.9,14.4,14.9,17.8
2025-06-27 10:00:00,551.7,2948.2,670.7,1029.9,5200.5,14.7,15.3,17.9
2025-06-27 11:00:00,529.9,2926.7,635.0,1049.2,5140.8,14.9,15.7,17.6
2025-06-27 12:00:00,581.3,2897.7,610.8,1041.6,5131.4,15.0,15.7,17.5
2025-06-27 13:00:00,483.7,2855.1,571.7,1014.9,4925.4,15.4,16.6,18.4
2025-06-27 14:00:00,439.5,2733.5,546.4,1006.0,4725.4,15.9,18.0,19.0
2025-06-27 15:00:00,444.5,2664.2,528.6,1004.0,4641.3,16.5,18.1,19.1
2025-06-27 16:00:00,410.4,2590.2,526.6,1003.2,4530.4,16.2,16.5,19.0
2025-06-27 17:00:00,484.7,2585.0,543.8,988.3,4601.8,16.1,16.2,19.6
2025-06-27 18:00:00,466.8,2623.4,530.6,984.5,4605.3,16.0,16.8,19.2
2025-06-27 19:00:00,525.5,2652.4,556.2,973.5,4707.6,15.6,16.6,18.9
2025-06-27 20:00:00,538.7,2628.0,575.5,952.2,4694.4,14.7,16.5,18.4
2025-06-27 21:00:00,488.1,2515.3,553.3,966.2,4522.9,13.5,15.9,17.6
2025-06-27 22:00:00,467.7,2412.0,507.3,953.4,4340.4,12.3,14.6,16.9
2025-06-27 23:00:00,441.3,2422.4,492.9,920.4,4277.0,11.3,14.2,16.3
2025-06-28 00:00:00,450.6,2238.7,,904.3,3593.6,10.9,13.8,15.8
2025-06-28 01:00:00,454.7,2289.2,462.4,890.6,4096.9,10.3,13.4,15.5
2025-06-28 02:00:00,424.6,2175.2,459.6,882.4,3941.8,9.5,13.1,15.0
2025-06-28 03:00:00,403.8,2104.2,426.2,873.8,3808.0,9.6,11.9,14.9
2025-06-28 04:00:00,433.6,2041.0,422.2,871.7,3768.5,10.5,11.6,14.8
2025-06-28 05:00:00,464.4,2074.5,413.6,891.3,3843.8,11.8,12.0,15.0
2025-06-28 06:00:00,520.4,2139.0,427.9,910.7,3998.0,12.7,13.0,15.1
2025-06-28 07:00:00,536.8,2191.1,455.0,937.9,4120.8,13.9,14.3,15.3
2025-06-28 08:00:00,547.2,2314.3,491.2,961.8,4314.5,15.3,15.4,15.8
2025-06-28 09:00:00,471.7,2405.2,507.0,982.3,4366.2,16.0,16.7,16.2
2025-06-28 10:00:00,462.6,2482.0,525.7,991.0,4461.3,16.2,18.0,16.6
2025-06-28 11:00:00,486.9,2570.7,521.7,997.9,4577.2,16.7,19.1,17.7
2025-06-28 12:00:00,503.0,2581.7,529.4,1004.4,4618.5,16.2,19.1,20.0
2025-06-28 13:00:00,,2634.8,505.3,1006.5,4146.6,15.1,19.3,21.0
2025-06-28 14:00:00,480.4,2520.2,528.3,1002.7,4531.6,13.9,20.0,21.8
2025-06-28 15:00:00,497.5,2474.2,524.0,1003.2,4498.9,13.9,18.0,21.5
2025-06-28 16:00:00,484.5,2487.9,522.0,1005.7,4500.1,13.8,17.9,21.4
2025-06-28 17:00:00,492.8,2562.8,528.0,1010.9,4594.5,12.9,17.7,21.3
2025-06-28 18:00:00,540.9,2505.8,542.4,987.4,4576.5,13.0,17.7,21.7
2025-06-28 19:00:00,531.0,2441.3,534.9,976.4,4483.6,12.1,18.0,20.9
2025-06-28 20:00:00,420.8,,495.5,953.3,1869.6,11.4,18.0,20.1
2025-06-28 21:00:00,437.4,2348.5,485.4,948.4,4219.7,11.4,18.2,19.5
2025-06-28 22:00:00,334.0,2289.5,479.1,940.6,4043.2,11.6,17.8,19.1
2025-06-28 23:00:00,372.3,2198.0,436.0,910.5,3916.8,11.9,17.3,18.8
2025-06-29 00:00:00,342.9,2128.6,430.5,882.4,3784.4,11.9,16.7,18.5
2025-06-29 01:00:00,468.7,2055.0,425.1,863.4,3812.2,11.8,16.1,18.3
2025-06-29 02:00:00,538.9,2030.2,415.0,845.4,3829.5,11.7,15.7,18.0
2025-06-29 03:00:00,540.1,,412.1,837.4,1789.6,11.7,15.7,17.6
2025-06-29 04:00:00,-470.7,1950.7,414.7,835.9,2730.6,11.4,15.3,17.5
2025-06-29 05:00:00,426.5,1955.9,427.9,841.5,3651.8,11.3,15.3,17.6
2025-06-29 06:00:00,428.3,2092.1,443.2,859.2,3822.8,11.4,15.6,17.7
2025-06-29 07:00:00,375.3,2020.1,442.6,895.9,3733.9,11.6,15.9,18.0
2025-06-29 08:00:00,465.8,2049.7,441.2,927.8,3884.5,11.6,16.2,18.3
2025-06-29 09:00:00,488.1,2093.4,414.7,964.1,3960.3,11.7,16.8,18.6
2025-06-29 10:00:00,471.1,2160.5,435.4,983.4,4050.4,11.9,17.5,19.1
2025-06-29 11:00:00,447.8,2313.3,471.9,979.9,4212.9,12.3,18.0,19.5
2025-06-29 12:00:00,422.6,2370.0,510.5,994.0,4297.1,12.1,18.7,19.8
2025-06-29 13:00:00,428.9,2393.1,540.7,1004.9,4367.6,12.2,19.6,20.1
2025-06-29 14:00:00,440.5,2411.7,552.7,1003.3,4408.2,12.4,19.9,20.1
2025-06-29 15:00:00,425.7,2408.1,544.1,1011.2,4389.1,13.3,20.4,20.5
2025-06-29 16:00:00,512.7,2428.6,522.0,1001.9,4465.2,13.2,19.7,20.2
2025-06-29 17:00:00,525.7,2412.3,516.5,1003.8,4458.3,13.3,20.0,19.6
2025-06-29 18:00:00,2483.5,2485.3,520.8,1002.7,6492.3,13.3,19.0,19.1
2025-06-29 19:00:00,515.3,2555.0,539.2,974.6,4584.1,13.3,18.9,18.4
2025-06-29 20:00:00,459.7,2516.6,541.5,953.0,4470.8,13.0,16.5,17.6
2025-06-29 21:00:00,473.3,2441.7,532.6,967.5,4415.1,12.6,17.0,17.0
2025-06-29 22:00:00,471.5,2428.0,534.9,960.1,4394.5,12.1,16.5,16.2
2025-06-29 23:00:00,469.7,2443.6,535.5,931.5,4380.3,12.0,15.8,15.6
2025-06-30 00:00:00,397.5,2252.7,511.3,916.2,4077.7,11.8,15.5,15.2
2025-06-30 01:00:00,394.8,2177.5,476.5,895.8,3944.6,11.7,15.5,14.7
2025-06-30 02:00:00,391.4,2228.6,479.4,885.4,3984.8,11.5,15.0,14.5
2025-06-30 03:00:00,395.4,2173.5,462.2,882.1,3913.2,11.6,13.5,14.2
2025-06-30 04:00:00,464.8,2173.2,438.3,906.4,3982.7,11.7,13.0,14.1
2025-06-30 05:00:00,493.0,2243.3,465.6,959.5,4161.4,12.3,13.1,14.2
2025-06-30 06:00:00,482.1,2523.7,537.5,1000.1,4543.4,12.4,13.4,14.4
2025-06-30 07:00:00,505.0,2712.4,610.5,1032.2,4860.1,13.0,14.1,14.9
2025-06-30 08:00:00,492.0,2751.1,625.5,1064.4,4933.0,14.2,14.9,15.6
2025-06-30 09:00:00,490.0,2714.0,619.2,1069.9,4893.1,15.4,15.9,16.3
2025-06-30 10:00:00,470.3,2775.6,613.1,1082.4,4941.4,16.0,17.2,16.9
2025-06-30 11:00:00,481.9,2795.4,606.2,1084.9,4968.4,16.6,18.1,17.5
2025-06-30 12:00:00,475.0,2769.0,603.1,1071.6,4918.7,17.9,18.7,18.3
2025-06-30 13:00:00,492.8,2772.3,610.0,1060.8,4935.9,18.9,19.4,18.9
2025-06-30 14:00:00,501.5,2772.6,609.4,1068.3,4951.8,19.5,19.5,19.5
2025-06-30 15:00:00,573.8,2754.4,599.3,1052.8,4980.3,19.0,19.9,20.0
2025-06-30 16:00:00,589.2,2718.2,591.3,1047.9,4946.6,19.5,20.8,20.1
2025-06-30 17:00:00,577.8,2760.3,605.4,1027.5,4971.0,19.6,20.8,20.0
2025-06-30 18:00:00,619.2,2776.9,621.5,1030.4,5048.0,19.6,21.3,19.5
2025-06-30 19:00:00,597.9,2748.5,623.5,1021.0,4990.9,19.1,20.6,18.8
2025-06-30 20:00:00,605.4,2726.4,608.0,986.2,4926.0,18.3,19.7,18.1
2025-06-30 21:00:00,568.1,2650.5,593.9,989.0,4801.5,17.3,17.9,17.4
2025-06-30 22:00:00,482.5,2572.3,575.2,972.7,4602.7,16.3,15.6,16.6
2025-06-30 23:00:00,514.9,2410.7,534.0,942.3,4401.9,15.3,14.2,16.4
2025-07-01 00:00:00,509.9,2319.8,498.4,912.8,4240.9,14.4,13.4,16.2
2025-07-01 01:00:00,476.2,2271.3,495.2,900.7,4143.4,13.6,13.0,16.2
2025-07-01 02:00:00,497.3,2228.3,495.5,877.5,4098.6,12.9,12.9,15.7
2025-07-01 03:00:00,489.8,2180.1,493.2,874.3,4037.4,12.6,11.6,13.6
2025-07-01 04:00:00,451.8,2169.0,485.2,884.4,3990.4,12.6,11.4,13.3
2025-07-01 05:00:00,476.4,2228.3,497.2,934.6,4136.5,13.1,11.9,13.3
2025-07-01 06:00:00,535.2,2450.8,557.6,960.1,4503.7,14.0,13.1,14.5
2025-07-01 07:00:00,487.7,2668.4,611.1,1007.7,4774.9,15.0,15.0,15.7
2025-07-01 08:00:00,428.1,2759.3,630.7,1017.4,4835.5,16.0,16.9,16.7
2025-07-01 09:00:00,467.7,2761.2,629.2,1022.7,4880.8,16.9,18.7,17.7
2025-07-01 10:00:00,522.8,2750.2,644.2,1027.1,4944.3,17.9,20.3,18.5
2025-07-01 11:00:00,516.6,2732.6,642.5,1028.8,4920.5,18.6,21.8,19.3
2025-07-01 12:00:00,459.7,2766.1,626.7,1029.3,4881.8,18.6,23.0,20.2
2025-07-01 13:00:00,410.8,2748.9,620.6,1018.6,4798.9,18.1,24.0,21.1
2025-07-01 14:00:00,406.6,2737.8,601.9,1017.7,4764.0,17.6,24.6,21.8
2025-07-01 15:00:00,366.6,2741.4,601.3,1012.3,4721.6,18.2,25.8,22.3
2025-07-01 16:00:00,467.5,2729.6,593.3,1003.8,4794.2,17.5,25.8,22.3
2025-07-01 17:00:00,521.2,2738.8,594.4,984.0,4838.4,17.1,25.6,22.2
2025-07-01 18:00:00,461.6,2766.8,612.0,976.2,4816.6,16.3,25.1,22.0
2025-07-01 19:00:00,467.3,2762.5,631.5,957.1,4818.4,15.6,24.2,21.2
2025-07-01 20:00:00,475.2,2690.5,629.2,925.7,4720.6,14.8,23.0,20.4
2025-07-01 21:00:00,416.5,2605.8,619.8,921.9,4564.0,14.5,21.7,19.3
2025-07-01 22:00:00,398.3,2485.3,579.5,909.1,4372.2,14.2,20.4,18.2
2025-07-01 23:00:00,462.6,2404.5,530.6,889.0,4286.7,13.8,19.5,17.7
2025-07-02 00:00:00,409.0,2345.2,506.4,861.6,4122.2,13.2,18.6,17.4
2025-07-02 01:00:00,435.8,2230.9,499.8,848.6,4015.1,13.5,18.0,17.3
2025-07-02 02:00:00,406.8,2136.4,492.3,833.7,3869.2,14.0,17.6,17.3
2025-07-02 03:00:00,342.3,2140.0,491.5,826.9,3800.7,12.9,17.1,15.6
2025-07-02 04:00:00,373.9,2145.9,484.3,,3004.1,12.4,16.3,15.6
2025-07-02 05:00:00,485.1,2219.1,490.6,890.5,4085.3,12.3,15.9,15.8
2025-07-02 06:00:00,513.1,2426.3,554.5,930.0,4423.9,12.7,15.9,16.5
2025-07-02 07:00:00,505.0,2664.8,649.9,951.9,4771.6,13.6,16.4,18.0
2025-07-02 08:00:00,504.8,2788.6,670.4,983.6,4947.4,14.7,17.1,19.7
2025-07-02 09:00:00,526.9,2851.5,664.6,999.9,5042.9,15.4,18.8,21.0
2025-07-02 10:00:00,551.3,2946.3,658.3,993.9,5149.8,16.4,19.3,22.2
2025-07-02 11:00:00,520.4,3047.6,681.0,1015.0,5264.0,17.6,21.5,23.4
2025-07-02 12:00:00,514.7,3007.5,729.6,1020.3,5272.1,18.6,22.1,24.3
2025-07-02 13:00:00,522.4,2969.7,732.8,1010.5,5235.4,19.4,23.7,25.2
2025-07-02 14:00:00,543.5,3025.8,732.2,996.2,5297.7,20.0,25.2,26.1
2025-07-02 15:00:00,541.5,3134.6,746.9,986.8,5409.8,20.3,25.3,28.3
2025-07-02 16:00:00,503.4,3073.6,762.4,968.5,5307.9,20.3,25.6,28.1
2025-07-02 17:00:00,453.9,,748.3,950.1,2152.3,20.2,24.6,27.5
2025-07-02 18:00:00,470.5,2904.9,665.8,953.5,4994.7,19.4,24.0,27.6
2025-07-02 19:00:00,524.3,2819.2,661.7,945.5,4950.7,18.6,24.0,26.6
2025-07-02 20:00:00,502.8,2730.0,621.8,920.8,4775.4,17.8,22.8,25.0
2025-07-02 21:00:00,513.5,2674.9,630.1,912.9,4731.4,17.0,19.2,23.6
2025-07-02 22:00:00,513.1,2633.5,586.4,904.2,4637.2,16.1,16.4,24.8
2025-07-02 23:00:00,461.6,2473.2,477.7,890.1,4302.6,14.4,15.5,23.8
2025-07-03 00:00:00,370.5,2200.6,419.3,864.5,3854.9,14.8,15.4,23.3
2025-07-03 01:00:00,295.2,2107.7,477.1,844.0,3724.0,14.0,15.0,22.3
2025-07-03 02:00:00,356.3,2082.0,490.3,828.7,3757.3,13.7,15.1,21.9
2025-07-03 03:00:00,379.4,2132.8,534.0,812.3,3858.5,13.2,15.9,19.7
2025-07-03 04:00:00,292.8,,512.5,842.9,1648.2,12.7,16.7,19.2
2025-07-03 05:00:00,448.6,2244.9,491.8,898.0,4083.3,12.5,18.0,19.2
2025-07-03 06:00:00,506.8,2492.5,522.0,955.9,4477.2,12.4,18.4,18.8
2025-07-03 07:00:00,542.5,2683.7,570.6,988.1,4784.9,12.6,18.6,17.9
2025-07-03 08:00:00,580.1,2756.3,586.4,1010.3,4933.1,12.9,19.1,17.0
2025-07-03 09:00:00,555.3,2738.4,560.5,1033.2,4887.4,13.6,19.5,16.9
2025-07-03 10:00:00,533.0,2847.2,596.5,1040.8,5017.5,14.2,19.6,17.3
2025-07-03 11:00:00,430.5,2857.0,574.0,1058.1,4919.6,15.2,21.3,18.1
2025-07-03 12:00:00,459.5,2880.1,580.6,1060.9,4981.1,15.6,21.0,19.1
2025-07-03 13:00:00,455.9,2826.4,584.4,1060.2,4926.9,16.5,21.6,19.4
2025-07-03 14:00:00,479.6,2795.4,575.7,1055.2,4905.9,17.1,21.2,19.7
2025-07-03 15:00:00,469.5,2824.4,557.1,1043.4,4894.4,15.7,20.6,19.5
2025-07-03 16:00:00,473.1,2821.5,,1038.1,4332.7,15.9,18.8,19.6
2025-07-03 17:00:00,475.0,2834.9,564.5,1025.3,4899.7,14.5,16.6,19.4
2025-07-03 18:00:00,453.9,2825.7,568.8,1035.8,4884.2,13.8,14.7,18.9
2025-07-03 19:00:00,532.2,2820.2,587.8,1023.5,4963.7,13.2,14.1,18.4
2025-07-03 20:00:00,550.4,2782.7,625.8,996.0,4954.9,13.0,13.4,17.7
2025-07-03 21:00:00,559.0,2681.1,637.0,999.0,4876.1,12.9,12.9,17.0
2025-07-03 22:00:00,508.6,2617.2,619.2,991.8,4736.8,12.7,12.7,16.4
2025-07-03 23:00:00,427.9,2511.4,571.4,946.2,4456.9,12.1,12.7,15.9
2025-07-04 00:00:00,419.6,2384.6,545.3,913.7,4263.2,11.9,13.0,15.5
2025-07-04 01:00:00,430.1,2302.2,521.1,907.6,4161.0,11.8,13.3,15.1
2025-07-04 02:00:00,434.4,2216.5,490.3,896.4,4037.6,12.0,13.2,14.8
2025-07-04 03:00:00,439.5,,475.7,890.0,1805.2,12.0,11.9,13.4
2025-07-04 04:00:00,448.2,2177.5,466.2,910.0,4001.9,12.0,11.6,13.2
2025-07-04 05:00:00,455.9,2229.9,467.0,973.6,4126.4,11.9,11.6,13.1
2025-07-04 06:00:00,491.4,2427.3,533.5,1024.2,4476.4,12.4,12.0,13.3
2025-07-04 07:00:00,510.1,2656.7,582.9,1059.6,4809.3,13.0,12.6,13.8
2025-07-04 08:00:00,550.6,2694.8,597.3,1076.8,4919.5,13.8,13.3,14.6
2025-07-04 09:00:00,509.7,2671.3,602.5,1085.3,4868.8,13.9,14.3,15.4
2025-07-04 10:00:00,490.4,2669.7,621.5,1093.2,4874.8,13.8,15.3,16.3
2025-07-04 11:00:00,464.2,2662.8,629.5,1094.5,4851.0,14.9,16.3,17.1
2025-07-04 12:00:00,456.7,2688.3,587.8,1090.5,4823.3,15.8,17.4,18.0
2025-07-04 13:00:00,476.0,,591.0,1080.0,2147.0,15.1,18.3,18.8
2025-07-04 14:00:00,478.8,2755.0,567.1,1063.3,4864.2,15.6,18.7,19.3
2025-07-04 15:00:00,445.1,2688.9,587.0,1054.2,4775.2,14.1,19.1,18.7
2025-07-04 16:00:00,,2674.3,594.7,1047.1,4316.1,14.7,17.5,19.0
2025-07-04 17:00:00,550.6,2628.6,639.0,1050.2,4868.4,15.7,17.8,18.8
2025-07-04 18:00:00,533.0,2633.2,634.7,1043.3,4844.2,11.7,18.2,19.0
2025-07-04 19:00:00,581.3,2590.9,605.1,1020.3,4797.6,11.5,17.3,18.4
2025-07-04 20:00:00,565.5,2505.5,582.7,991.4,4645.1,12.0,16.8,17.7
2025-07-04 21:00:00,545.8,2437.4,,985.0,3968.2,11.3,16.1,16.8
2025-07-04 22:00:00,481.9,2414.0,547.3,981.8,4425.0,11.0,15.3,16.7
2025-07-04 23:00:00,417.3,2370.6,526.3,951.6,4265.8,10.7,14.7,16.7
2025-07-05 00:00:00,463.4,2276.2,507.9,928.9,4176.4,10.6,14.2,16.4
2025-07-05 01:00:00,476.4,2240.6,461.9,912.4,4091.3,10.2,13.8,16.5
2025-07-05 02:00:00,468.7,2193.7,445.2,901.0,4008.6,9.5,13.3,16.5
2025-07-05 03:00:00,482.1,2115.2,437.1,881.1,3915.5,9.9,13.1,16.5
2025-07-05 04:00:00,477.8,2067.0,404.9,890.9,3840.6,10.3,13.2,16.9
2025-07-05 05:00:00,507.2,2066.7,374.7,900.2,3848.8,10.3,13.3,17.1
2025-07-05 06:00:00,458.9,2112.3,378.8,927.5,3877.5,11.1,13.3,17.1
2025-07-05 07:00:00,501.1,2200.3,416.7,942.8,4060.9,11.8,13.2,17.1
2025-07-05 08:00:00,448.2,2319.2,476.0,965.0,4208.4,11.4,13.3,17.1
2025-07-05 09:00:00,438.0,2443.3,456.4,978.7,4316.4,12.4,13.7,16.5
2025-07-05 10:00:00,407.4,2532.2,495.8,981.9,4417.3,12.9,13.9,15.9
2025-07-05 11:00:00,446.2,2592.5,517.4,987.7,4543.8,13.2,13.9,16.8
2025-07-05 12:00:00,414.5,2586.3,539.2,990.9,4530.9,13.6,14.3,16.4
2025-07-05 13:00:00,392.2,2588.2,528.6,983.2,4492.2,13.9,14.3,16.6
2025-07-05 14:00:00,444.5,2556.6,545.6,979.4,4526.1,13.9,14.5,17.0
2025-07-05 15:00:00,470.9,2500.9,543.0,986.1,4500.9,14.1,14.3,17.3
2025-07-05 16:00:00,503.0,2524.4,539.2,986.9,4553.5,14.1,14.3,17.4
2025-07-05 17:00:00,579.5,2539.4,531.7,982.7,4633.3,14.0,14.4,17.5
2025-07-05 18:00:00,553.7,2499.3,526.6,976.3,4555.9,13.8,15.8,18.3
2025-07-05 19:00:00,531.8,2431.9,523.7,964.4,4451.8,13.3,15.5,17.9
2025-07-05 20:00:00,539.5,2416.6,502.1,938.5,4396.7,13.0,15.1,17.8
2025-07-05 21:00:00,509.7,2366.7,497.0,954.4,4327.8,12.4,14.5,17.7
2025-07-05 22:00:00,457.9,2340.0,493.5,943.2,4234.6,11.3,14.5,17.4
2025-07-05 23:00:00,406.0,2293.4,442.3,931.7,4073.4,10.8,14.4,17.1
2025-07-06 00:00:00,378.4,2308.7,437.7,906.5,4031.3,10.7,14.4,17.0
2025-07-06 01:00:00,383.5,2281.0,427.4,887.4,3979.3,9.9,14.0,16.8
2025-07-06 02:00:00,364.4,2159.2,409.5,886.9,3820.0,9.9,14.0,16.5
2025-07-06 03:00:00,407.6,2060.8,411.8,874.8,3755.0,9.0,14.1,16.7
2025-07-06 04:00:00,427.3,1970.6,392.8,864.9,3655.6,11.0,13.8,16.8
2025-07-06 05:00:00,430.7,1942.2,388.2,874.9,3636.0,11.5,13.9,16.9
2025-07-06 06:00:00,474.8,2003.2,404.9,886.1,3769.0,12.4,14.5,17.1
2025-07-06 07:00:00,493.0,2068.6,442.9,905.5,3910.0,13.1,15.4,17.4
2025-07-06 08:00:00,496.5,2192.4,472.2,931.3,4092.4,13.7,15.9,17.8
2025-07-06 09:00:00,446.4,2371.3,492.3,960.2,4270.2,14.3,16.6,17.9
2025-07-06 10:00:00,452.4,2452.4,524.3,985.0,4414.1,14.6,16.6,17.9
2025-07-06 11:00:00,468.3,2557.3,541.2,994.1,4560.9,15.0,17.7,18.6
2025-07-06 12:00:00,493.0,2512.7,539.8,997.6,4543.1,15.4,18.5,19.0
2025-07-06 13:00:00,511.1,2534.2,543.0,1000.2,4588.5,15.6,18.6,19.8
2025-07-06 14:00:00,517.8,2516.3,501.0,1004.3,4539.4,15.8,19.2,20.3
2025-07-06 15:00:00,548.0,2462.2,462.7,1006.5,4479.4,16.4,18.8,19.9
2025-07-06 16:00:00,509.9,2395.1,434.3,1007.7,4347.0,16.4,20.2,19.7
2025-07-06 17:00:00,539.7,2429.9,488.6,1009.2,4467.4,16.2,20.6,19.9
2025-07-06 18:00:00,522.6,2450.8,536.1,1015.8,4525.3,16.1,18.8,19.5
2025-07-06 19:00:00,515.9,2477.5,570.6,997.4,4561.4,16.0,18.8,19.1
2025-07-06 20:00:00,512.9,2500.3,556.5,986.5,4556.2,15.7,18.5,18.2
2025-07-06 21:00:00,502.4,2395.7,534.9,994.2,4427.2,14.5,17.6,17.8
2025-07-06 22:00:00,509.1,2365.4,531.7,985.1,4391.3,13.5,16.4,17.5
2025-07-06 23:00:00,510.9,2300.3,503.9,953.8,4268.9,13.4,15.7,17.5
2025-07-07 00:00:00,497.9,2199.6,489.2,921.5,4108.2,13.2,15.5,16.7
2025-07-07 01:00:00,461.2,2144.9,,909.6,3515.7,12.9,15.2,16.3
2025-07-07 02:00:00,452.2,2125.3,448.3,895.9,3921.7,12.7,15.0,16.0
2025-07-07 03:00:00,461.0,2112.6,442.3,885.7,3901.6,11.7,14.9,15.9
2025-07-07 04:00:00,449.2,2093.7,438.6,898.0,3879.5,11.9,14.7,16.1
2025-07-07 05:00:00,442.3,2139.0,445.8,959.2,3986.3,12.5,14.8,15.9
2025-07-07 06:00:00,469.7,2306.5,496.4,995.3,4267.9,13.1,15.4,15.9
2025-07-07 07:00:00,502.4,2465.4,568.0,1005.1,4540.9,13.5,15.7,16.2
2025-07-07 08:00:00,560.6,2550.5,581.8,1018.9,4711.8,13.6,16.8,16.4
2025-07-07 09:00:00,564.2,2657.3,612.3,1032.0,4865.8,14.3,17.8,16.5
2025-07-07 10:00:00,534.4,2723.8,624.6,1042.1,4924.9,14.6,19.1,16.9
2025-07-07 11:00:00,500.9,2819.5,595.3,1054.3,4970.0,15.2,20.2,16.4
2025-07-07 12:00:00,486.3,2862.9,568.3,1062.2,4979.7,15.1,20.9,16.9
2025-07-07 13:00:00,446.4,2814.3,565.1,1055.1,4880.9,15.5,20.9,17.8
2025-07-07 14:00:00,551.5,2825.7,578.6,1056.2,5012.0,16.2,20.6,18.3
2025-07-07 15:00:00,560.0,2834.9,581.5,1046.2,5022.6,14.2,17.4,18.4
2025-07-07 16:00:00,575.4,2822.8,593.0,1023.6,5014.8,14.8,15.1,18.5
2025-07-07 17:00:00,591.2,2789.6,586.7,1003.6,4971.1,15.1,15.1,18.4
2025-07-07 18:00:00,604.0,2789.2,573.4,1003.4,4970.0,15.6,14.6,17.9
2025-07-07 19:00:00,552.9,2726.7,581.5,991.7,4852.8,15.3,14.3,17.7
2025-07-07 20:00:00,547.0,2637.8,573.2,966.5,4724.5,14.7,13.6,17.5
2025-07-07 21:00:00,553.1,2561.9,562.2,964.3,4641.5,13.7,12.8,17.2
2025-07-07 22:00:00,552.1,2518.5,559.6,962.2,4592.4,12.9,12.0,16.8
2025-07-07 23:00:00,546.0,2433.5,534.3,941.6,4455.4,12.4,11.7,16.6
2025-07-08 00:00:00,440.1,2285.6,488.9,913.4,4128.0,12.1,11.4,16.3
2025-07-08 01:00:00,495.1,2271.9,487.5,905.9,4160.4,11.7,11.4,16.1
2025-07-08 02:00:00,490.2,2248.8,491.2,891.4,4121.6,11.3,11.4,15.6
2025-07-08 03:00:00,437.4,2220.5,484.6,895.4,4037.9,11.4,11.0,15.3
2025-07-08 04:00:00,,2189.5,473.9,908.1,3571.5,11.3,11.0,15.1
2025-07-08 05:00:00,482.1,2199.9,465.9,956.2,4104.1,11.6,11.1,15.0
2025-07-08 06:00:00,510.5,2399.0,509.9,992.0,4411.4,12.2,11.2,14.7
2025-07-08 07:00:00,533.8,2578.1,546.1,1001.4,4659.4,12.9,11.4,14.8
2025-07-08 08:00:00,538.7,2707.8,559.9,1007.3,4813.7,13.7,11.7,15.1
2025-07-08 09:00:00,530.1,2750.8,570.3,1013.3,4864.5,14.5,12.0,15.7
2025-07-08 10:00:00,497.5,2812.1,585.8,1060.9,4956.3,15.7,12.5,16.6
2025-07-08 11:00:00,486.7,2825.4,590.1,1082.1,4984.3,16.3,13.2,17.2
2025-07-08 12:00:00,505.2,2814.3,596.7,1088.5,5004.7,16.8,13.7,17.5
2025-07-08 13:00:00,508.4,2784.4,582.4,1084.1,4959.3,17.4,15.9,17.8
2025-07-08 14:00:00,510.9,2767.4,587.8,1079.2,4945.3,17.7,17.6,18.0
2025-07-08 15:00:00,481.7,2744.6,574.9,1069.5,4870.7,17.3,18.3,17.8
2025-07-08 16:00:00,543.9,2722.1,563.7,1051.5,4881.2,16.8,18.7,18.3
2025-07-08 17:00:00,542.9,2717.6,582.9,1033.0,4876.4,16.8,18.5,18.4
2025-07-08 18:00:00,564.6,2714.0,578.3,1023.7,4880.6,16.9,18.4,18.2
2025-07-08 19:00:00,533.4,2681.7,577.2,1003.7,4796.0,16.6,18.3,17.9
2025-07-08 20:00:00,531.0,2650.5,564.0,967.1,4712.6,14.8,17.6,17.2
2025-07-08 21:00:00,530.6,2582.4,557.9,964.4,4635.3,14.1,16.5,16.7
2025-07-08 22:00:00,502.6,2502.6,554.5,954.3,4514.0,13.2,14.8,16.2
2025-07-08 23:00:00,447.6,2400.6,531.5,928.2,4307.9,12.8,13.9,15.8
2025-07-09 00:00:00,460.6,2335.4,504.7,929.8,4230.5,12.4,13.5,15.7
2025-07-09 01:00:00,452.0,2250.4,498.4,914.2,4115.0,12.0,13.2,15.5
2025-07-09 02:00:00,467.9,2259.2,485.7,896.5,4109.3,11.6,12.9,15.4
2025-07-09 03:00:00,480.0,2245.5,477.1,892.5,4095.1,11.2,11.5,14.8
2025-07-09 04:00:00,485.3,2212.3,446.0,890.6,4034.2,11.3,11.5,14.8
2025-07-09 05:00:00,504.8,2233.8,452.4,927.1,4118.1,11.8,12.1,14.8
2025-07-09 06:00:00,525.7,2346.9,515.1,938.0,4325.7,12.7,13.6,15.3
2025-07-09 07:00:00,517.6,2469.3,569.1,957.1,4513.1,13.7,14.9,15.9
2025-07-09 08:00:00,541.1,2554.0,586.7,969.9,4651.7,14.6,16.4,16.5
2025-07-09 09:00:00,505.4,2599.3,597.6,982.9,4685.2,15.6,17.9,17.1
2025-07-09 10:00:00,498.9,2615.3,610.3,999.1,4723.6,16.2,19.1,18.0
2025-07-09 11:00:00,532.0,2609.1,600.2,1000.1,4741.4,16.6,20.2,18.4
2025-07-09 12:00:00,517.2,2626.4,585.2,1002.5,4731.3,16.1,21.1,18.7
2025-07-09 13:00:00,480.0,2606.5,597.0,1007.3,4690.8,15.2,21.8,18.8
2025-07-09 14:00:00,483.3,2583.4,582.7,1010.6,4660.0,15.4,22.2,18.6
2025-07-09 15:00:00,483.3,2625.1,582.1,997.7,4688.2,16.0,21.4,18.5
2025-07-09 16:00:00,492.2,2630.9,583.5,980.0,4686.6,16.1,21.6,18.7
2025-07-09 17:00:00,477.6,2628.3,590.7,967.7,4664.3,15.6,21.5,18.3
2025-07-09 18:00:00,454.5,2610.1,603.1,966.1,4633.8,15.3,21.4,18.2
2025-07-09 19:00:00,446.6,2553.7,606.2,961.4,4567.9,14.8,20.8,18.1
2025-07-09 20:00:00,491.4,2485.6,572.3,941.8,4491.1,14.6,19.5,17.9
2025-07-09 21:00:00,535.4,2473.2,546.4,949.2,4504.2,14.2,17.7,17.7
2025-07-09 22:00:00,534.4,2451.1,528.9,939.3,4453.7,13.7,16.4,17.4
2025-07-09 23:00:00,538.1,2366.4,483.7,923.2,4311.4,13.4,15.5,17.2
2025-07-10 00:00:00,504.0,2270.9,462.2,907.0,4144.1,13.2,14.7,16.8
2025-07-10 01:00:00,487.9,2203.5,446.0,902.7,4040.1,13.0,13.9,16.6
2025-07-10 02:00:00,491.0,2190.5,450.6,893.5,4025.6,12.9,,16.6
2025-07-10 03:00:00,481.7,2126.3,438.9,882.2,3929.1,12.7,,16.2
2025-07-10 04:00:00,544.4,2058.2,436.8,894.5,3933.9,13.0,,16.1
2025-07-10 05:00:00,530.8,2116.2,445.5,948.5,4041.0,13.6,,15.9
2025-07-10 06:00:00,506.8,2217.5,494.6,964.5,4183.4,14.3,,16.0
2025-07-10 07:00:00,500.1,2349.1,537.5,989.8,4376.5,15.1,,16.4
2025-07-10 08:00:00,513.1,2411.4,565.4,1009.7,4499.6,15.7,,16.6
2025-07-10 09:00:00,509.3,2429.6,559.6,1009.1,4507.6,16.2,,17.4
2025-07-10 10:00:00,,2397.7,559.1,1019.7,3976.5,17.0,,18.1
2025-07-10 11:00:00,466.6,2385.9,561.4,1021.4,4435.3,17.7,,18.5
2025-07-10 12:00:00,470.9,2373.9,558.5,1028.0,4431.3,17.6,,19.0
2025-07-10 13:00:00,483.5,2395.7,554.8,1036.7,4470.7,17.4,,19.5
2025-07-10 14:00:00,472.1,2378.8,527.4,1038.4,4416.7,17.2,,19.9
2025-07-10 15:00:00,474.4,2375.8,524.8,1021.3,4396.3,18.4,,20.5
2025-07-10 16:00:00,466.2,2408.4,542.4,1006.9,4423.9,18.6,,20.3
2025-07-10 17:00:00,460.4,2491.8,566.5,997.3,4516.0,18.4,,19.8
2025-07-10 18:00:00,458.3,2519.8,558.8,983.3,4520.2,18.2,,19.4
2025-07-10 19:00:00,492.4,2520.8,558.5,967.0,4538.7,17.8,,19.0
2025-07-10 20:00:00,531.4,2503.2,557.9,,3592.5,16.7,,18.4
2025-07-10 21:00:00,466.8,2473.6,565.1,949.9,4455.4,15.6,,17.7
2025-07-10 22:00:00,444.1,2415.6,553.0,954.7,4367.4,14.8,,17.1
2025-07-10 23:00:00,431.3,2301.9,521.1,928.2,4182.5,14.2,,16.8
2025-07-11 00:00:00,431.5,2187.9,489.5,907.7,4016.6,14.0,,16.6
2025-07-11 01:00:00,463.6,2137.1,473.7,892.3,3966.7,13.9,,16.4
2025-07-11 02:00:00,443.3,2112.3,447.8,891.2,3894.6,13.8,,16.5
2025-07-11 03:00:00,483.3,2052.4,425.6,882.3,3843.6,13.4,,16.4
2025-07-11 04:00:00,456.1,1968.0,398.9,893.3,3716.3,13.7,,16.4
2025-07-11 05:00:00,468.1,1975.8,391.1,932.1,3767.1,14.3,,16.3
2025-07-11 06:00:00,525.3,2126.0,459.6,978.6,4089.5,15.3,,16.5
2025-07-11 07:00:00,565.9,2383.0,538.4,1014.4,4501.7,16.4,,16.7
2025-07-11 08:00:00,556.3,2503.9,571.4,1045.0,4676.6,17.4,,17.4
2025-07-11 09:00:00,518.0,2510.7,614.0,1068.1,4710.8,18.1,,18.0
2025-07-11 10:00:00,522.0,2496.4,655.4,1080.8,4754.6,18.9,,18.5
2025-07-11 11:00:00,461.2,2471.6,617.2,1098.3,4648.3,19.5,,18.9
2025-07-11 12:00:00,480.8,2521.1,610.5,1093.8,4706.2,19.3,,19.6
2025-07-11 13:00:00,493.4,2559.6,643.9,1083.3,4780.2,19.1,,19.7
2025-07-11 14:00:00,487.9,2584.7,645.6,1073.6,4791.8,19.6,,18.9
2025-07-11 15:00:00,491.2,2608.4,638.7,1066.0,4804.3,21.0,,17.3
2025-07-11 16:00:00,,2548.2,635.3,1063.6,4247.1,21.0,,16.6
2025-07-11 17:00:00,468.3,2569.0,649.1,1039.5,4725.9,20.6,,16.5
2025-07-11 18:00:00,498.3,2588.9,648.5,1034.2,4769.9,20.0,,17.2
2025-07-11 19:00:00,503.0,2586.0,607.4,1014.5,4710.9,19.5,,17.5
2025-07-11 20:00:00,524.3,2499.3,572.3,982.6,4578.5,18.8,,18.0
2025-07-11 21:00:00,553.1,2396.0,562.8,985.1,4497.0,17.6,,18.2
2025-07-11 22:00:00,498.5,2300.3,521.7,973.9,4294.4,16.6,,18.1
2025-07-11 23:00:00,464.4,2185.3,497.2,925.8,4072.7,15.2,,18.1
2025-07-12 00:00:00,400.7,2089.5,448.6,892.8,3831.6,14.6,,17.7
2025-07-12 01:00:00,365.0,2003.5,402.0,865.6,3636.1,14.7,,17.5
2025-07-12 02:00:00,390.0,1961.1,378.2,864.1,3593.4,13.7,,17.4
2025-07-12 03:00:00,409.4,1970.9,395.1,843.8,3619.2,12.9,,16.8
2025-07-12 04:00:00,406.2,1952.3,422.8,846.8,3628.1,13.4,,16.7
2025-07-12 05:00:00,374.1,1925.6,387.4,871.0,3558.1,14.6,,16.8
2025-07-12 06:00:00,373.3,1937.7,362.9,900.4,3574.3,16.1,,16.6
2025-07-12 07:00:00,413.5,1967.3,379.3,922.3,3682.4,17.9,,16.8
2025-07-12 08:00:00,470.5,2041.0,414.7,941.3,3867.5,19.3,,17.4
2025-07-12 09:00:00,440.3,2103.2,491.2,957.6,3992.3,19.9,,18.0
2025-07-12 10:00:00,472.7,2151.4,512.8,967.2,4104.1,20.3,,18.8
2025-07-12 11:00:00,457.9,2199.3,513.1,976.1,4146.4,21.0,,20.2
2025-07-12 12:00:00,429.9,2207.1,538.9,986.4,4162.3,21.6,,20.1
2025-07-12 13:00:00,458.9,2212.3,551.6,998.0,4220.8,22.1,,21.1
2025-07-12 14:00:00,401.3,2306.1,577.5,998.8,4283.7,22.5,,21.4
2025-07-12 15:00:00,402.9,2340.0,581.8,1012.2,4336.9,23.6,,21.0
2025-07-12 16:00:00,474.0,2389.9,564.2,1030.5,4458.6,23.8,,20.5
2025-07-12 17:00:00,502.8,,575.5,1050.0,2128.3,23.7,,20.3
2025-07-12 18:00:00,517.8,2410.7,520.5,1051.8,4500.8,23.2,,19.7
2025-07-12 19:00:00,527.1,2416.6,497.0,1048.9,4489.6,23.2,,18.7
2025-07-12 20:00:00,545.8,2372.9,498.7,996.4,4413.8,22.9,,17.5
2025-07-12 21:00:00,527.5,2321.1,515.4,957.1,4321.1,21.4,,16.4
2025-07-12 22:00:00,489.2,2291.5,503.6,950.5,4234.8,19.6,,15.6
2025-07-12 23:00:00,459.7,2227.6,-463.9,907.8,3131.2,18.5,,15.2
2025-07-13 00:00:00,391.2,2106.4,426.2,883.1,3806.9,17.6,,15.2
2025-07-13 01:00:00,372.1,2014.2,415.0,853.9,3655.2,16.9,,15.3
2025-07-13 02:00:00,447.2,1976.1,408.7,834.8,3666.8,16.5,14.2,15.3
2025-07-13 03:00:00,445.9,1976.8,384.2,815.7,3622.6,14.5,15.2,16.3
2025-07-13 04:00:00,445.1,1923.0,366.7,810.8,3545.6,15.7,14.0,16.5
2025-07-13 05:00:00,428.3,1883.6,353.7,825.9,3491.5,16.6,14.4,16.2
2025-07-13 06:00:00,448.4,1910.0,377.0,843.6,3579.0,18.2,14.8,16.2
2025-07-13 07:00:00,478.2,1998.6,422.5,870.8,3770.1,20.4,15.7,16.6
2025-07-13 08:00:00,463.2,2071.9,472.2,903.1,3910.4,22.2,17.2,17.4
2025-07-13 09:00:00,463.6,2179.7,475.1,936.6,4055.0,23.5,17.7,18.1
2025-07-13 10:00:00,434.0,2236.1,501.0,953.0,4124.1,24.6,17.3,19.3
2025-07-13 11:00:00,428.1,2225.3,486.0,969.8,4109.2,24.3,17.3,19.3
2025-07-13 12:00:00,437.4,2216.9,469.6,970.2,4094.1,23.9,19.2,19.1
2025-07-13 13:00:00,437.0,2275.8,461.0,980.3,4154.1,24.7,21.1,20.3
2025-07-13 14:00:00,484.3,2270.0,443.5,975.9,4173.7,25.2,22.5,20.5
2025-07-13 15:00:00,471.1,2274.9,466.2,970.4,4182.6,27.6,22.5,21.6
2025-07-13 16:00:00,497.7,2277.1,480.6,975.5,4230.9,28.1,22.5,21.7
2025-07-13 17:00:00,528.1,2346.9,500.7,974.2,4349.9,28.0,22.7,21.6
2025-07-13 18:00:00,520.0,2357.6,507.0,970.3,4354.9,27.5,22.9,21.3
2025-07-13 19:00:00,520.0,2360.9,539.2,964.4,4384.5,26.6,22.6,20.4
2025-07-13 20:00:00,475.2,2353.4,544.1,944.0,4316.7,25.3,20.7,19.0
2025-07-13 21:00:00,481.0,2309.7,522.8,955.7,4269.2,23.8,19.0,17.9
2025-07-13 22:00:00,523.0,2243.9,513.1,941.4,4221.4,22.2,17.9,17.1
2025-07-13 23:00:00,495.7,2155.6,487.7,909.0,4048.0,21.4,16.9,16.6
2025-07-14 00:00:00,404.6,2043.6,459.3,873.0,3780.5,20.4,16.8,16.2
2025-07-14 01:00:00,361.7,1995.0,447.8,846.3,3650.8,19.6,16.7,16.0
2025-07-14 02:00:00,345.1,1969.6,420.7,824.7,3560.1,18.6,16.5,15.8
2025-07-14 03:00:00,366.2,1961.8,411.2,814.1,3553.3,18.4,16.4,16.2
2025-07-14 04:00:00,355.7,1897.3,416.1,835.0,3504.1,19.7,16.2,16.1
2025-07-14 05:00:00,385.7,1887.2,397.2,894.5,3564.6,20.0,16.3,15.9
2025-07-14 06:00:00,433.6,2004.8,461.0,,2899.4,20.6,16.3,15.9
2025-07-14 07:00:00,467.7,2169.0,538.9,988.5,4164.1,21.6,16.4,16.3
2025-07-14 08:00:00,454.1,,575.2,1013.5,2042.8,22.6,16.9,17.0
2025-07-14 09:00:00,453.0,2366.7,595.6,1042.4,4457.7,24.0,17.3,17.8
2025-07-14 10:00:00,473.7,2396.7,590.1,1060.9,4521.4,25.2,17.8,18.7
2025-07-14 11:00:00,448.6,2430.9,588.4,1070.5,4538.4,26.2,18.8,20.0
2025-07-14 12:00:00,442.5,2457.6,574.6,1069.5,4544.2,27.2,19.5,20.7
2025-07-14 13:00:00,413.5,2452.4,545.3,1065.0,4476.2,28.0,20.1,20.7
2025-07-14 14:00:00,414.5,2461.5,525.1,1055.3,4456.4,28.2,20.6,20.2
2025-07-14 15:00:00,456.3,2485.0,521.4,1050.9,4513.6,29.2,20.3,20.1
2025-07-14 16:00:00,468.1,2510.1,537.5,,3515.7,29.1,21.1,19.1
2025-07-14 17:00:00,469.5,2534.8,578.3,1026.2,4608.8,29.0,21.8,19.7
2025-07-14 18:00:00,482.9,2543.6,588.1,1018.0,4632.6,28.1,21.6,19.6
2025-07-14 19:00:00,517.6,2484.7,578.1,1003.8,4584.2,26.3,20.2,18.7
2025-07-14 20:00:00,504.4,2424.7,560.5,972.0,4461.6,24.9,19.6,18.4
2025-07-14 21:00:00,482.7,2372.3,548.4,976.5,4379.9,23.5,18.9,17.9
2025-07-14 22:00:00,436.4,2332.5,540.4,960.7,4270.0,21.8,17.8,17.1
2025-07-14 23:00:00,427.7,2213.3,492.3,922.7,4056.0,20.9,17.0,16.8
2025-07-15 00:00:00,448.2,2094.4,455.8,889.1,3887.5,20.6,16.1,16.3
2025-07-15 01:00:00,455.3,2020.4,449.8,860.7,3786.2,20.2,15.5,16.2
2025-07-15 02:00:00,476.8,1969.6,459.6,838.1,3744.1,19.6,15.2,16.0
2025-07-15 03:00:00,496.3,1967.0,455.0,824.8,3743.1,17.9,15.7,15.4
2025-07-15 04:00:00,470.9,1949.7,453.8,847.1,3721.5,18.2,15.5,15.2
2025-07-15 05:00:00,474.0,1922.0,439.1,903.6,3738.7,19.0,15.8,15.0
2025-07-15 06:00:00,479.0,2050.7,466.2,945.9,3941.8,20.6,16.5,15.4
2025-07-15 07:00:00,476.2,2210.4,505.9,985.2,4177.7,22.6,17.9,15.8
2025-07-15 08:00:00,482.3,2284.3,538.4,1005.6,4310.6,24.0,18.5,16.8
2025-07-15 09:00:00,490.6,2311.0,547.0,1019.0,4367.6,25.3,19.4,18.1
2025-07-15 10:00:00,498.7,2373.9,564.2,1036.7,4473.5,26.5,20.0,18.7
2025-07-15 11:00:00,498.9,2432.2,579.5,1048.0,4558.6,27.2,20.3,19.3
2025-07-15 12:00:00,491.6,2486.3,575.7,1053.7,4607.3,27.2,20.2,20.0
2025-07-15 13:00:00,463.0,2465.1,555.0,1053.7,4536.8,27.2,19.5,20.1
2025-07-15 14:00:00,466.4,2418.8,520.0,1054.4,4459.6,27.7,19.1,20.0
2025-07-15 15:00:00,484.1,2396.4,526.6,1045.7,4452.8,29.3,19.4,19.8
2025-07-15 16:00:00,528.9,2397.7,544.1,1042.5,4513.2,29.1,20.1,20.1
2025-07-15 17:00:00,552.1,2466.4,561.9,1031.1,4611.5,28.8,21.1,20.0
2025-07-15 18:00:00,496.1,2474.2,582.1,1022.6,4575.0,28.4,21.7,19.8
2025-07-15 19:00:00,472.7,2465.4,574.9,1004.7,4517.7,28.0,21.8,19.5
2025-07-15 20:00:00,511.7,2439.0,543.8,967.6,4462.1,27.2,20.5,18.0
2025-07-15 21:00:00,485.1,2383.3,547.0,972.6,4388.0,25.9,19.4,16.6
2025-07-15 22:00:00,461.0,2356.6,545.3,955.7,4318.6,23.6,18.3,16.2
2025-07-15 23:00:00,481.0,2207.1,502.1,903.1,4093.3,21.6,18.1,16.1
2025-07-16 00:00:00,444.9,2096.0,459.6,877.6,3878.1,20.6,17.9,15.9
2025-07-16 01:00:00,458.1,2031.5,445.2,,2934.8,20.6,17.4,15.7
2025-07-16 02:00:00,469.5,1977.8,434.3,828.7,3710.3,20.3,17.3,15.9
2025-07-16 03:00:00,418.4,1943.2,426.8,817.0,3605.4,19.1,17.0,15.7
2025-07-16 04:00:00,409.2,1931.2,426.2,861.2,3627.8,19.1,16.4,15.5
2025-07-16 05:00:00,405.8,1946.8,425.3,908.9,3686.8,18.8,16.1,15.0
2025-07-16 06:00:00,472.3,2017.2,463.0,955.1,3907.6,18.9,16.6,14.9
2025-07-16 07:00:00,503.8,2132.5,509.6,980.5,4126.4,19.3,17.4,15.0
2025-07-16 08:00:00,445.5,2252.7,545.8,1001.4,4245.4,20.3,18.7,15.6
2025-07-16 09:00:00,447.2,2315.6,563.4,1027.7,4353.9,21.7,20.5,16.1
2025-07-16 10:00:00,503.8,2398.3,590.4,1042.1,4534.6,23.1,22.3,16.9
2025-07-16 11:00:00,480.4,2425.4,590.1,1051.9,4547.8,24.7,23.5,17.5
2025-07-16 12:00:00,507.2,2422.1,566.5,1058.3,4554.1,26.0,24.6,17.6
2025-07-16 13:00:00,480.4,2426.7,564.5,1054.6,4526.2,27.3,25.6,18.0
2025-07-16 14:00:00,474.4,2481.7,586.7,1046.6,4589.4,28.1,26.1,18.5
2025-07-16 15:00:00,509.1,2486.9,608.2,1041.0,4645.2,28.9,25.9,18.6
2025-07-16 16:00:00,500.1,2445.6,629.8,1040.9,4616.4,29.0,25.0,18.7
2025-07-16 17:00:00,494.8,2438.4,623.8,1039.0,4596.0,28.6,24.3,17.8
2025-07-16 18:00:00,526.3,2447.5,614.6,1033.8,4622.2,27.4,23.6,17.7
2025-07-16 19:00:00,538.5,2470.0,572.6,1013.7,4594.8,26.2,22.6,17.5
2025-07-16 20:00:00,570.1,2457.9,,987.1,4015.1,25.7,21.6,17.2
2025-07-16 21:00:00,460.2,2374.5,531.2,989.7,4355.6,24.1,20.7,17.0
2025-07-16 22:00:00,501.9,2319.8,490.0,962.5,4274.2,22.8,19.9,17.0
2025-07-16 23:00:00,480.4,2210.4,451.8,918.4,4061.0,23.8,19.5,17.1
2025-07-17 00:00:00,461.0,2047.1,464.2,879.0,3851.3,22.9,18.7,17.1
2025-07-17 01:00:00,422.4,1951.4,443.7,866.8,3684.3,21.9,17.7,16.9
2025-07-17 02:00:00,459.3,1943.2,444.6,842.8,3689.9,20.7,17.0,16.8
2025-07-17 03:00:00,477.0,1903.2,416.7,831.2,3628.1,18.7,16.3,16.8
2025-07-17 04:00:00,452.6,1851.7,423.3,843.2,3570.8,18.1,15.8,17.1
2025-07-17 05:00:00,443.1,1829.2,427.4,899.4,3599.1,18.0,15.7,17.3
2025-07-17 06:00:00,475.0,1975.8,460.1,951.9,3862.8,18.2,16.1,17.4
2025-07-17 07:00:00,503.4,2214.3,516.2,984.3,4218.2,18.9,17.3,17.5
2025-07-17 08:00:00,499.5,2368.4,559.9,1004.0,4431.8,19.8,19.1,17.8
2025-07-17 09:00:00,500.1,2428.3,583.2,1031.2,4542.8,20.9,21.1,18.2
2025-07-17 10:00:00,503.2,2467.1,580.1,1047.1,4597.5,22.1,23.1,19.1
2025-07-17 11:00:00,502.4,2474.6,549.9,1054.6,4581.5,23.1,24.6,20.3
2025-07-17 12:00:00,501.1,2483.7,539.8,1056.4,4581.0,23.8,25.8,21.4
2025-07-17 13:00:00,491.2,2489.2,532.0,1054.6,4567.0,23.8,26.7,22.3
2025-07-17 14:00:00,502.3,2498.7,514.2,1059.1,4574.3,23.3,26.7,22.7
2025-07-17 15:00:00,522.0,2516.9,502.4,1049.4,4590.7,23.9,27.8,23.2
2025-07-17 16:00:00,536.2,,513.9,1045.4,2095.5,23.7,27.7,23.3
2025-07-17 17:00:00,541.1,2557.0,537.5,1036.8,4672.4,23.3,27.4,22.6
2025-07-17 18:00:00,550.4,2553.1,555.3,1032.5,4691.3,23.2,26.8,21.1
2025-07-17 19:00:00,576.6,2601.6,568.8,1014.5,4761.5,22.7,25.5,20.3
2025-07-17 20:00:00,538.9,2553.4,554.2,992.4,4638.9,21.5,23.8,20.4
2025-07-17 21:00:00,537.5,2458.6,550.7,992.2,4539.0,20.4,22.0,20.2
2025-07-17 22:00:00,503.6,2432.2,548.1,965.8,4449.7,19.7,20.4,19.8
2025-07-17 23:00:00,458.5,2313.9,512.2,928.5,4213.1,19.3,19.3,19.4
2025-07-18 00:00:00,375.5,2165.4,455.5,903.1,3899.5,19.2,18.4,19.1
2025-07-18 01:00:00,492.8,2074.5,423.0,871.0,3861.3,19.0,17.6,18.6
2025-07-18 02:00:00,413.1,2043.2,404.3,858.0,3718.6,18.8,17.1,18.2
2025-07-18 03:00:00,439.5,2007.4,396.6,838.6,3682.1,17.5,15.9,17.7
2025-07-18 04:00:00,478.6,1929.2,389.1,858.0,3654.9,17.5,15.4,17.2
2025-07-18 05:00:00,493.8,1924.3,394.6,911.3,3724.0,18.0,15.2,17.0
2025-07-18 06:00:00,511.3,2046.8,428.2,956.5,3942.8,18.8,15.6,17.3
2025-07-18 07:00:00,,2215.6,485.7,1003.2,3704.5,20.1,16.6,18.1
2025-07-18 08:00:00,488.1,2347.8,524.6,1031.5,4392.0,21.3,18.3,19.0
2025-07-18 09:00:00,480.2,2398.6,526.0,1038.0,4442.8,22.1,20.4,19.9
2025-07-18 10:00:00,523.5,2455.3,525.4,1048.5,4552.7,22.5,22.4,20.6
2025-07-18 11:00:00,537.3,2448.2,526.9,1054.9,4567.3,22.6,23.9,21.2
2025-07-18 12:00:00,524.3,2424.1,528.0,1046.9,4523.3,22.4,25.1,21.4
2025-07-18 13:00:00,532.6,2434.8,534.3,1040.8,4542.5,22.5,26.1,20.7
2025-07-18 14:00:00,549.6,2457.6,527.4,1036.2,4570.8,22.6,26.4,19.8
2025-07-18 15:00:00,542.3,2460.2,534.3,,3536.8,23.7,26.8,20.4
2025-07-18 16:00:00,531.6,2453.4,544.7,1021.8,4551.5,23.7,25.9,20.2
2025-07-18 17:00:00,493.8,2493.4,562.5,1014.6,4564.3,23.4,25.3,20.5
2025-07-18 18:00:00,510.5,2485.6,556.5,1003.5,4556.1,23.0,24.4,20.3
2025-07-18 19:00:00,487.5,2464.5,548.7,989.6,4490.3,22.6,23.2,20.1
2025-07-18 20:00:00,479.2,2417.5,531.7,963.1,4391.5,21.9,22.1,19.5
2025-07-18 21:00:00,456.1,2370.3,533.5,962.0,4321.9,21.4,20.7,18.9
2025-07-18 22:00:00,,2309.7,530.0,956.9,3796.6,21.0,19.3,18.3
2025-07-18 23:00:00,428.5,2198.6,496.7,,3123.8,21.1,18.3,18.3
2025-07-19 00:00:00,418.6,2082.3,467.0,882.1,3850.0,21.3,17.6,17.9
2025-07-19 01:00:00,409.4,2012.9,442.9,855.4,3720.6,21.4,17.0,17.8
2025-07-19 02:00:00,450.2,1978.7,430.5,831.4,3690.8,21.0,16.3,17.5
2025-07-19 03:00:00,466.4,1940.9,427.9,812.6,3647.8,20.0,15.5,16.9
2025-07-19 04:00:00,440.5,1858.8,410.7,818.5,3528.5,19.4,15.6,16.3
2025-07-19 05:00:00,445.7,1836.7,378.2,832.1,3492.7,19.3,15.9,16.2
2025-07-19 06:00:00,444.9,1843.9,378.8,871.9,3539.5,20.1,16.9,17.1
2025-07-19 07:00:00,475.0,1922.0,404.9,900.8,3702.7,21.8,18.0,17.7
2025-07-19 08:00:00,514.1,2043.2,437.1,927.0,3921.4,23.3,19.6,17.9
2025-07-19 09:00:00,482.7,2128.6,450.9,951.1,4013.3,24.7,21.3,18.7
2025-07-19 10:00:00,477.0,2152.7,446.9,965.0,4041.6,26.0,22.8,19.9
2025-07-19 11:00:00,482.1,2154.3,446.6,983.4,4066.4,27.2,23.9,20.6
2025-07-19 12:00:00,478.4,2245.9,452.7,989.1,4166.1,27.8,24.6,21.2
2025-07-19 13:00:00,476.2,2268.3,457.0,986.6,4188.1,27.8,25.1,22.0
2025-07-19 14:00:00,464.6,2242.3,446.6,985.0,4138.5,27.3,25.3,22.8
2025-07-19 15:00:00,517.6,2242.6,441.4,991.0,4192.6,26.6,26.2,24.1
2025-07-19 16:00:00,480.2,2257.6,447.5,990.4,4175.7,26.6,26.2,24.0
2025-07-19 17:00:00,523.2,,480.6,977.9,1981.7,26.2,25.7,24.2
2025-07-19 18:00:00,470.7,2403.2,516.5,969.0,4359.4,25.7,25.0,23.7
2025-07-19 19:00:00,525.7,2422.1,513.6,950.0,4411.4,24.8,23.9,22.3
2025-07-19 20:00:00,551.5,2389.2,515.6,935.8,4392.1,23.6,22.9,21.1
2025-07-19 21:00:00,467.9,2314.3,519.1,937.4,4238.7,21.9,21.1,19.6
2025-07-19 22:00:00,413.1,2316.6,522.5,937.5,4189.7,20.6,19.7,18.9
2025-07-19 23:00:00,436.8,2188.9,499.5,896.1,4021.3,19.8,18.7,18.7
2025-07-20 00:00:00,401.9,2124.7,468.5,860.6,3855.7,19.4,18.2,18.1
2025-07-20 01:00:00,428.5,2080.0,442.3,842.3,3793.1,19.0,17.7,18.0
2025-07-20 02:00:00,446.2,2019.1,424.2,829.4,3718.9,18.8,17.3,17.7
2025-07-20 03:00:00,431.9,1944.9,413.3,813.4,3603.5,18.2,15.9,16.9
2025-07-20 04:00:00,410.2,1868.3,399.7,809.5,3487.7,18.2,15.7,17.2
2025-07-20 05:00:00,435.0,1845.2,384.5,823.8,3488.5,18.6,15.9,16.9
2025-07-20 06:00:00,449.8,1868.6,382.8,836.0,3537.2,19.4,17.2,17.2
2025-07-20 07:00:00,463.6,1946.2,398.0,873.5,3681.3,20.2,18.5,18.3
2025-07-20 08:00:00,472.1,2014.9,426.5,904.7,3818.2,21.1,20.5,19.8
2025-07-20 09:00:00,477.0,2087.2,440.0,939.6,3943.8,21.8,22.2,21.6
2025-07-20 10:00:00,476.0,2139.7,432.2,949.2,3997.1,22.3,23.6,23.1
2025-07-20 11:00:00,542.9,2177.5,442.9,956.2,4119.5,22.7,24.6,24.0
2025-07-20 12:00:00,515.1,2196.0,448.3,967.4,4126.8,23.0,25.3,24.3
2025-07-20 13:00:00,516.2,2197.3,444.9,958.4,4116.8,23.6,25.9,24.3
2025-07-20 14:00:00,475.6,2182.0,436.6,951.8,4046.0,24.1,26.2,24.1
2025-07-20 15:00:00,488.4,2168.0,439.4,964.2,4060.0,25.2,26.3,25.4
2025-07-20 16:00:00,523.3,2221.1,454.4,956.7,4155.5,25.5,25.7,25.6
2025-07-20 17:00:00,551.3,2359.2,480.3,956.5,4347.3,25.6,25.0,25.9
2025-07-20 18:00:00,575.4,2410.7,511.3,954.1,4451.5,25.2,24.3,25.5
2025-07-20 19:00:00,618.2,2458.3,536.3,933.6,4546.4,24.5,23.4,24.8
2025-07-20 20:00:00,,2462.5,526.6,915.7,3904.8,23.6,22.4,23.7
2025-07-20 21:00:00,554.9,2419.8,526.3,936.3,4437.3,22.4,21.0,22.2
2025-07-20 22:00:00,480.4,2328.3,541.0,928.8,4278.5,20.9,19.8,20.8
2025-07-20 23:00:00,,2181.7,506.4,885.2,3573.3,20.0,19.3,20.1
2025-07-21 00:00:00,514.3,2068.3,474.5,842.9,3900.0,20.4,18.8,19.7
2025-07-21 01:00:00,,2033.8,428.8,823.0,3285.6,20.2,18.7,19.3
2025-07-21 02:00:00,512.1,2038.3,418.4,807.8,3776.6,18.9,18.4,19.1
2025-07-21 03:00:00,,2014.6,407.5,799.2,3221.3,16.7,16.8,18.6
2025-07-21 04:00:00,485.5,1961.8,390.3,820.6,3658.2,17.7,16.4,18.3
2025-07-21 05:00:00,472.1,1933.1,391.4,872.4,3669.0,18.3,16.4,18.3
2025-07-21 06:00:00,473.1,2026.9,430.2,926.1,3856.3,19.5,16.8,18.6
2025-07-21 07:00:00,505.8,2237.1,504.1,958.9,4205.9,21.2,18.0,19.2
2025-07-21 08:00:00,512.1,2412.3,581.2,989.0,4494.6,22.2,19.8,19.9
2025-07-21 09:00:00,512.9,2480.7,611.4,1002.9,4607.9,22.8,21.7,20.9
2025-07-21 10:00:00,490.0,2515.6,615.4,1021.6,4642.6,23.0,23.2,21.6
2025-07-21 11:00:00,486.1,2496.4,608.2,1042.8,4633.5,23.5,24.7,22.4
2025-07-21 12:00:00,496.3,2489.5,615.4,,3601.2,23.7,25.9,23.5
2025-07-21 13:00:00,444.7,2483.3,629.0,1050.3,4607.3,23.9,26.3,21.5
2025-07-21 14:00:00,470.9,2568.0,634.7,1037.5,4711.1,24.1,26.3,20.3
2025-07-21 15:00:00,475.4,2585.0,632.7,1033.3,4726.4,25.4,26.3,21.7
2025-07-21 16:00:00,535.4,2500.9,599.9,1027.6,4663.8,25.6,25.9,22.1
2025-07-21 17:00:00,535.6,2489.9,601.3,1006.6,4633.4,25.5,25.4,19.9
2025-07-21 18:00:00,517.0,2569.0,587.0,1003.1,4676.1,24.8,24.5,18.9
2025-07-21 19:00:00,528.3,2586.6,571.4,987.6,4673.9,24.1,23.6,19.3
2025-07-21 20:00:00,495.9,2557.6,578.6,959.2,4591.3,23.2,22.6,19.5
2025-07-21 21:00:00,506.6,2451.1,567.4,957.4,4482.5,22.2,21.4,19.0
2025-07-21 22:00:00,448.8,2358.6,543.3,944.0,4294.7,21.2,20.4,18.8
2025-07-21 23:00:00,441.3,,512.5,904.5,1858.3,20.8,19.9,18.7
2025-07-22 00:00:00,,2136.7,492.9,866.8,3496.4,20.5,19.6,18.9
2025-07-22 01:00:00,428.1,2080.4,471.1,844.4,3824.0,20.2,19.4,18.9
2025-07-22 02:00:00,465.8,2011.3,454.4,835.0,3766.5,20.0,19.2,18.8
2025-07-22 03:00:00,459.9,1983.0,466.5,823.5,3732.9,17.7,18.5,18.4
2025-07-22 04:00:00,462.8,1928.2,464.2,836.4,3691.6,18.1,18.4,18.4
2025-07-22 05:00:00,451.6,1929.9,461.0,886.4,3728.9,19.3,18.5,18.4
2025-07-22 06:00:00,478.2,2065.1,498.1,938.3,3979.7,20.6,19.4,18.4
2025-07-22 07:00:00,509.0,2282.7,531.7,965.9,4289.3,22.0,20.7,18.6
2025-07-22 08:00:00,501.9,2429.9,552.2,999.3,4483.3,23.4,21.3,19.5
2025-07-22 09:00:00,524.3,2514.6,555.9,1018.4,4613.2,24.6,22.3,20.4
2025-07-22 10:00:00,524.3,2541.0,562.7,1031.9,4659.9,25.6,23.3,21.3
2025-07-22 11:00:00,514.9,2518.5,569.4,1053.2,4656.0,26.5,23.7,21.7
2025-07-22 12:00:00,526.9,2472.3,553.9,1049.2,4602.3,27.3,23.7,22.7
2025-07-22 13:00:00,513.5,2467.4,535.5,1042.8,4559.2,27.9,24.3,22.6
2025-07-22 14:00:00,504.8,2468.0,491.2,1038.1,4502.1,28.2,24.0,20.0
2025-07-22 15:00:00,531.8,2451.1,466.2,1038.0,4487.1,29.4,23.6,19.0
2025-07-22 16:00:00,531.4,2429.3,449.2,1022.6,4432.5,29.2,22.9,18.9
2025-07-22 17:00:00,520.4,2474.2,501.0,999.4,4495.0,28.7,22.2,19.1
2025-07-22 18:00:00,523.5,2500.3,528.0,985.3,4537.1,28.1,21.9,20.3
2025-07-22 19:00:00,524.5,2485.6,497.2,978.9,4486.2,27.1,21.4,19.8
2025-07-22 20:00:00,528.7,2432.9,502.1,954.4,4418.1,26.0,21.2,19.2
2025-07-22 21:00:00,534.6,2414.3,551.9,957.7,4458.5,25.2,20.4,17.9
2025-07-22 22:00:00,505.4,2355.6,540.4,936.0,4337.4,24.3,19.8,17.9
2025-07-22 23:00:00,491.0,2265.4,510.2,909.8,4176.4,23.1,19.8,18.0
2025-07-23 00:00:00,481.3,2159.2,497.5,873.5,4011.5,22.5,19.9,18.0
2025-07-23 01:00:00,461.8,2072.9,497.2,845.7,3877.6,22.3,19.4,17.5
2025-07-23 02:00:00,441.3,2032.5,497.8,839.1,3810.7,21.9,18.3,17.5
2025-07-23 03:00:00,445.7,2007.7,502.7,829.2,3785.3,20.1,19.3,17.3
2025-07-23 04:00:00,468.7,1949.7,490.6,845.6,3754.6,19.7,18.9,17.1
2025-07-23 05:00:00,465.6,1955.6,479.1,894.1,3794.4,19.8,18.6,17.0
2025-07-23 06:00:00,465.4,2086.2,499.8,942.9,3994.3,20.6,18.8,17.0
2025-07-23 07:00:00,471.9,2262.5,558.2,972.0,4264.6,22.2,19.6,17.3
2025-07-23 08:00:00,521.6,2431.9,586.7,1002.8,4543.0,23.8,20.6,18.0
2025-07-23 09:00:00,508.2,2526.4,601.9,1025.4,4661.9,25.3,22.3,18.6
2025-07-23 10:00:00,516.6,2570.0,622.6,1040.1,4749.3,27.0,23.3,19.4
2025-07-23 11:00:00,527.9,2588.6,616.9,1053.9,4787.3,28.5,24.5,20.0
2025-07-23 12:00:00,506.4,2552.7,603.6,,3662.7,29.3,25.1,20.7
2025-07-23 13:00:00,491.3,2536.8,584.4,1054.3,4666.8,29.6,25.4,21.6
2025-07-23 14:00:00,502.2,2558.3,591.7,1046.1,4698.3,29.5,25.9,22.0
2025-07-23 15:00:00,500.1,2629.0,599.0,1047.4,4775.5,30.3,25.2,21.9
2025-07-23 16:00:00,403.5,2655.4,611.1,1042.6,4712.6,28.5,26.1,21.9
2025-07-23 16:00:00,403.5,2655.4,611.1,1042.6,4712.6,28.5,26.1,21.9
2025-07-23 17:00:00,508.6,2680.1,617.4,1034.9,4841.0,28.0,23.6,21.6
2025-07-23 18:00:00,523.7,2611.7,595.3,1026.0,4756.7,27.5,22.9,20.9
2025-07-23 19:00:00,572.1,2569.4,,1013.4,4154.9,27.1,23.5,19.7
2025-07-23 20:00:00,560.8,2477.2,553.0,985.5,4576.5,26.3,23.0,18.8
2025-07-23 21:00:00,558.4,2394.1,538.1,986.8,4477.4,24.7,21.9,18.4
2025-07-23 22:00:00,538.1,2315.9,529.2,959.7,4342.9,23.5,20.9,18.1
2025-07-23 23:00:00,529.3,2213.0,489.5,915.4,4147.2,22.3,20.4,18.3
2025-07-24 00:00:00,495.7,2110.7,467.6,883.6,3957.6,22.3,19.7,18.4
2025-07-24 01:00:00,466.6,2068.0,454.4,863.0,3852.0,21.4,19.4,18.3
2025-07-24 02:00:00,455.7,1997.6,449.5,850.5,3753.3,21.0,19.2,18.3
2025-07-24 03:00:00,453.9,1958.5,444.6,836.5,3693.5,19.8,18.0,18.4
2025-07-24 04:00:00,481.7,1945.2,446.9,844.1,3717.9,19.8,17.8,18.3
2025-07-24 05:00:00,484.1,1942.2,443.7,901.3,3771.3,20.8,17.8,17.8
2025-07-24 06:00:00,505.4,2043.2,462.2,946.9,3957.7,21.4,18.3,18.4
2025-07-24 07:00:00,573.8,2219.8,525.4,990.8,4309.8,23.0,19.5,18.6
2025-07-24 08:00:00,533.4,2379.1,562.5,1024.8,4499.8,24.5,21.3,19.1
2025-07-24 09:00:00,543.7,2474.2,592.7,1043.0,4653.6,25.8,22.7,19.7
2025-07-24 10:00:00,517.2,2526.4,602.8,1058.6,4705.0,27.2,23.7,20.4
2025-07-24 11:00:00,503.2,2501.9,590.7,1062.4,4658.2,28.5,24.6,21.0
2025-07-24 12:00:00,501.5,2491.8,583.8,1059.6,4636.7,29.4,25.3,21.3
2025-07-24 13:00:00,500.1,2567.4,568.6,1052.3,4688.4,30.1,25.9,21.6
2025-07-24 14:00:00,502.4,2607.1,548.1,1048.9,4706.5,29.8,26.0,21.5
2025-07-24 15:00:00,519.2,2621.5,547.3,1041.5,4729.5,30.4,25.1,22.3
2025-07-24 16:00:00,528.1,2614.6,551.3,1041.3,4735.3,30.3,25.6,21.9
2025-07-24 17:00:00,,2650.5,557.9,1032.9,4241.3,29.4,25.7,21.9
2025-07-24 18:00:00,526.5,2574.6,575.7,1019.6,4696.4,28.4,25.2,21.8
2025-07-24 19:00:00,566.7,2557.3,589.0,1010.5,4723.5,27.6,24.3,21.4
2025-07-24 20:00:00,542.7,2529.3,562.5,963.0,4597.5,26.5,23.4,20.8
2025-07-24 21:00:00,580.9,2486.9,572.3,949.8,4589.9,24.6,22.4,20.1
2025-07-24 22:00:00,499.5,2415.3,563.4,968.1,4446.3,23.5,21.3,19.4
2025-07-24 23:00:00,382.6,2272.9,514.8,937.9,4108.2,23.2,20.5,19.1
2025-07-25 00:00:00,430.7,2145.5,487.2,889.5,3952.9,23.1,19.9,19.0
2025-07-25 01:00:00,378.4,2102.8,467.0,873.6,3821.8,23.0,19.5,18.9
2025-07-25 02:00:00,452.8,2050.1,468.5,864.0,3835.4,22.6,19.3,18.8
2025-07-25 03:00:00,452.2,2001.5,468.2,850.5,3772.4,20.1,18.2,18.1
2025-07-25 04:00:00,457.1,2003.8,458.1,855.3,3774.3,20.7,18.3,17.9
2025-07-25 05:00:00,521.2,1976.4,455.0,910.4,3863.0,20.9,18.2,17.8
2025-07-25 06:00:00,468.7,2094.7,477.7,967.2,4008.3,21.7,18.4,18.5
2025-07-25 07:00:00,528.7,2266.7,512.8,1005.7,4313.9,23.2,19.2,18.4
2025-07-25 08:00:00,570.7,2404.2,549.6,1030.7,4555.2,24.8,20.7,18.7
2025-07-25 09:00:00,563.6,2490.5,559.6,1053.5,4667.2,25.7,22.1,19.3
2025-07-25 10:00:00,535.2,2536.8,559.9,1072.2,4704.1,25.8,23.3,20.3
2025-07-25 11:00:00,519.4,2573.3,549.3,1082.7,4724.7,26.1,24.3,20.9
2025-07-25 12:00:00,520.8,2581.7,524.3,1079.9,4706.7,26.8,25.4,21.4
2025-07-25 13:00:00,511.1,2564.5,533.8,1072.9,4682.3,26.9,25.8,21.5
2025-07-25 14:00:00,468.5,2535.1,532.6,1079.8,4616.0,27.0,25.9,22.2
2025-07-25 15:00:00,442.9,2499.3,542.7,,3484.9,27.4,26.8,22.9
2025-07-25 16:00:00,528.1,2545.6,565.1,1055.6,4694.4,27.6,26.1,22.8
2025-07-25 17:00:00,473.9,2561.9,581.2,1047.0,4664.0,28.5,25.8,22.5
2025-07-25 18:00:00,476.8,2552.1,589.0,1045.4,4663.3,28.2,25.1,22.1
2025-07-25 19:00:00,519.2,2530.3,562.5,1029.7,4641.7,26.4,24.0,21.5
2025-07-25 20:00:00,541.5,2400.6,518.5,1001.3,4461.9,24.9,23.0,21.0
2025-07-25 21:00:00,504.2,2262.8,511.6,1004.0,4282.6,24.6,21.7,20.4
2025-07-25 22:00:00,571.3,2281.0,,985.4,3837.7,24.0,20.6,19.9
2025-07-25 23:00:00,534.6,2169.3,454.1,945.7,4103.7,23.3,19.8,19.6
2025-07-26 00:00:00,536.4,2065.1,425.6,896.3,3923.4,22.9,19.5,19.4
2025-07-26 01:00:00,540.5,2002.5,419.0,877.9,3839.9,22.4,19.2,19.2
2025-07-26 02:00:00,496.5,1948.8,391.1,870.2,3706.6,21.5,19.1,18.7
2025-07-26 03:00:00,457.9,1922.4,382.5,850.4,3613.2,18.7,18.6,18.6
2025-07-26 04:00:00,446.4,1879.0,381.3,845.2,3551.9,18.5,18.7,18.1
2025-07-26 05:00:00,425.5,1857.9,379.9,864.7,3528.0,18.8,19.1,17.6
2025-07-26 06:00:00,428.7,1857.2,393.7,897.2,3576.8,19.8,19.4,17.6
2025-07-26 07:00:00,428.9,1958.2,427.4,920.9,3735.4,20.7,19.8,17.6
2025-07-26 08:00:00,463.8,2072.6,468.2,958.1,3962.7,21.2,20.6,17.7
2025-07-26 09:00:00,438.8,2199.0,496.7,987.0,4121.5,22.8,21.2,18.2
2025-07-26 10:00:00,458.5,2281.0,516.8,995.4,4251.7,23.8,22.3,18.6
2025-07-26 11:00:00,469.5,2294.7,529.2,1007.3,4300.7,24.4,22.8,19.3
2025-07-26 12:00:00,496.3,2285.9,524.3,1006.5,4313.0,24.9,23.9,19.7
2025-07-26 13:00:00,516.6,2294.4,491.2,1009.0,4311.2,25.0,25.0,20.1
2025-07-26 14:00:00,509.7,2299.6,,1013.3,3822.6,23.1,25.3,20.5
2025-07-26 15:00:00,505.4,2274.2,462.4,1015.1,4257.1,24.0,24.3,21.1
2025-07-26 16:00:00,518.6,2268.0,483.4,1008.9,4278.9,23.4,25.8,20.9
2025-07-26 17:00:00,499.9,2312.3,505.9,994.3,4312.4,23.0,25.4,20.9
2025-07-26 18:00:00,480.8,2314.9,508.2,979.5,4283.4,22.6,25.2,21.3
2025-07-26 19:00:00,473.5,2297.3,500.7,957.5,4229.0,23.1,24.5,21.0
2025-07-26 20:00:00,480.8,2290.2,515.4,936.7,4223.1,22.8,24.2,20.5
2025-07-26 21:00:00,492.8,2258.2,512.8,953.1,4216.9,21.5,23.2,19.8
2025-07-26 22:00:00,516.8,2235.4,517.9,934.4,4204.5,20.6,21.9,19.1
2025-07-26 23:00:00,449.6,2152.7,503.3,901.0,4006.6,20.1,21.0,18.8
2025-07-27 00:00:00,421.4,2067.0,461.6,866.3,3816.3,19.7,20.2,18.6
2025-07-27 01:00:00,442.7,1999.3,427.9,849.8,3719.7,19.1,19.6,18.6
2025-07-27 02:00:00,462.6,1944.9,409.5,844.9,3661.9,18.5,19.1,18.4
2025-07-27 03:00:00,467.5,1917.8,415.9,833.1,3634.3,16.6,18.1,18.3
2025-07-27 04:00:00,445.9,1864.4,408.2,825.3,3543.8,16.4,18.6,18.2
2025-07-27 05:00:00,432.8,1832.5,400.6,846.4,3512.3,17.2,18.6,17.9
2025-07-27 06:00:00,421.8,1884.9,403.8,871.9,3582.4,18.2,19.3,17.8
2025-07-27 07:00:00,407.2,1934.4,423.3,903.4,3668.3,19.3,19.9,18.1
2025-07-27 08:00:00,430.5,2000.6,447.2,937.8,3816.1,21.4,20.7,18.6
2025-07-27 09:00:00,441.3,2046.5,469.6,961.9,3919.3,22.7,21.5,19.0
2025-07-27 09:00:00,441.3,2046.5,469.6,961.9,3919.3,22.7,21.5,19.0
2025-07-27 10:00:00,457.1,2103.2,482.9,981.1,4024.3,23.1,22.6,19.5
2025-07-27 11:00:00,455.7,2186.9,480.8,996.1,4119.5,23.5,23.8,19.9
2025-07-27 12:00:00,439.5,2249.8,484.6,995.7,4169.6,23.7,24.6,20.3
2025-07-27 13:00:00,348.6,2269.3,489.8,1010.1,4117.8,23.5,25.2,20.6
2025-07-27 14:00:00,387.7,2260.8,495.8,1008.8,4153.1,23.7,25.5,20.5
2025-07-27 15:00:00,402.1,2255.6,473.7,1005.4,4136.8,23.6,25.8,21.3
2025-07-27 16:00:00,425.1,2309.4,499.3,987.4,4221.2,23.4,26.3,21.0
2025-07-27 17:00:00,436.0,2353.7,538.1,989.9,4317.7,23.2,26.1,21.0
2025-07-27 18:00:00,494.2,2396.0,544.7,979.8,4414.7,22.7,25.5,21.1
2025-07-27 19:00:00,528.5,2400.9,545.0,954.6,4429.0,22.4,23.2,20.6
2025-07-27 20:00:00,548.0,2360.2,526.6,940.2,4375.0,22.2,22.5,19.9
2025-07-27 21:00:00,534.6,2373.9,547.3,960.3,4416.1,21.6,21.1,19.0
2025-07-27 22:00:00,504.4,2318.5,526.3,962.1,4311.3,21.1,20.0,18.7
2025-07-27 23:00:00,453.1,2174.8,481.7,931.0,4040.6,21.1,19.6,18.4
2025-07-28 00:00:00,,2036.7,425.6,896.1,3358.4,21.0,19.2,18.3
2025-07-28 01:00:00,464.4,1971.9,396.6,872.8,3705.7,21.0,18.8,18.2
2025-07-28 02:00:00,488.8,,385.1,859.7,1733.6,20.2,18.6,17.9
2025-07-28 03:00:00,438.4,1918.8,396.3,843.7,3597.2,19.2,17.4,17.6
2025-07-28 04:00:00,444.1,1896.3,398.0,847.0,3585.4,19.1,17.3,17.5
2025-07-28 05:00:00,472.9,1898.3,390.8,916.2,3678.2,20.3,17.6,17.3
2025-07-28 06:00:00,496.7,2038.0,428.8,975.2,3938.7,20.9,18.3,17.1
2025-07-28 07:00:00,555.3,2245.2,502.4,1011.7,4314.6,21.3,19.2,17.2
2025-07-28 08:00:00,537.2,2369.3,530.0,1047.1,4483.6,21.9,20.6,17.5
2025-07-28 09:00:00,457.7,2438.7,530.6,1064.7,4491.7,22.0,21.9,18.2
2025-07-28 10:00:00,448.8,2449.1,536.1,1080.9,4514.9,20.5,23.2,19.0
2025-07-28 11:00:00,463.2,2478.1,532.6,1085.5,4559.4,21.0,24.0,19.9
2025-07-28 12:00:00,456.7,2489.9,532.0,1089.9,4568.5,22.6,24.6,20.5
2025-07-28 13:00:00,458.1,2504.8,520.8,1077.7,4561.4,22.5,24.4,20.9
2025-07-28 14:00:00,521.2,2514.6,512.5,1058.7,4607.0,22.6,24.6,20.7
2025-07-28 15:00:00,526.3,2483.3,527.1,,3536.7,22.9,24.8,21.6
2025-07-28 16:00:00,529.7,2454.7,518.5,1045.5,4548.4,21.5,24.9,21.8
2025-07-28 17:00:00,523.5,2519.5,534.9,1029.7,4607.6,22.5,25.0,22.0
2025-07-28 18:00:00,539.3,2522.8,534.3,1024.5,4620.9,22.4,24.2,21.7
2025-07-28 19:00:00,500.7,2506.8,547.9,1013.1,4568.5,22.2,23.3,21.3
2025-07-28 20:00:00,506.8,2497.0,560.8,985.1,4549.7,21.7,22.8,20.6
2025-07-28 21:00:00,521.8,2453.7,574.9,990.8,4541.2,21.0,21.8,19.9
2025-07-28 22:00:00,530.8,2383.3,564.8,977.7,4456.6,20.4,20.9,19.3
2025-07-28 23:00:00,484.3,2210.7,501.3,945.4,4141.7,20.2,20.5,18.7
2025-07-29 00:00:00,490.4,2073.2,462.2,908.0,3933.8,20.2,19.5,18.2
2025-07-29 01:00:00,448.6,1975.1,453.5,894.6,3771.8,20.2,19.3,17.5
2025-07-29 02:00:00,436.6,1906.4,438.3,879.1,3660.4,20.2,19.0,17.0
2025-07-29 03:00:00,431.1,1842.6,452.7,878.1,3604.5,19.8,18.6,16.6
2025-07-29 04:00:00,410.9,1841.6,442.6,,2695.1,18.9,18.4,16.3
2025-07-29 05:00:00,405.0,1846.5,436.6,940.2,3628.3,19.4,18.8,16.0
2025-07-29 06:00:00,381.4,1994.4,465.0,988.4,3829.2,20.2,19.4,15.9
2025-07-29 07:00:00,404.4,2187.5,495.2,1028.0,4115.1,21.2,19.8,16.2
2025-07-29 08:00:00,359.1,2287.9,505.3,1055.1,4207.4,22.1,20.6,16.8
2025-07-29 09:00:00,362.8,2379.8,526.6,1064.6,4333.8,22.9,21.7,17.6
2025-07-29 10:00:00,414.3,2472.6,530.9,1080.6,4498.4,23.4,21.9,18.4
2025-07-29 11:00:00,547.8,2523.1,518.8,1098.6,4688.3,23.4,21.8,19.3
2025-07-29 12:00:00,545.8,2553.1,502.1,1095.1,4696.1,23.7,21.3,19.9
2025-07-29 13:00:00,461.6,2464.5,499.0,1093.1,4518.2,23.0,21.9,20.4
2025-07-29 14:00:00,466.0,2465.8,503.9,1082.6,4518.3,22.1,22.8,20.8
2025-07-29 15:00:00,461.0,2460.5,514.2,1084.5,4520.2,23.4,22.1,21.1
2025-07-29 16:00:00,472.7,2460.9,508.2,1076.2,4518.0,23.7,22.2,21.1
2025-07-29 17:00:00,498.1,,518.5,1063.6,2080.2,23.7,20.4,20.8
2025-07-29 18:00:00,451.4,2456.6,529.4,1063.8,4501.2,23.4,20.1,20.4
2025-07-29 19:00:00,509.0,2433.2,531.5,1051.0,4524.7,22.1,20.5,20.0
2025-07-29 20:00:00,503.4,2466.7,574.0,1015.4,4559.5,20.4,20.7,19.3
2025-07-29 21:00:00,481.7,2383.7,578.6,1025.1,4469.1,20.0,20.2,18.7
2025-07-29 22:00:00,496.3,2291.5,533.8,1013.9,4335.5,19.9,19.7,18.3
2025-07-29 23:00:00,448.0,2222.1,484.0,948.8,4102.9,19.8,19.1,17.8
2025-07-30 00:00:00,401.7,2058.2,436.3,923.3,3819.5,20.0,18.5,17.2
2025-07-30 01:00:00,450.6,2000.6,433.4,904.4,3789.0,20.3,18.4,16.7
2025-07-30 02:00:00,436.4,1958.5,446.3,901.9,3743.1,20.4,17.9,16.5
2025-07-30 03:00:00,456.9,1950.4,462.4,880.9,3750.6,21.1,17.1,16.1
2025-07-30 04:00:00,438.6,1897.3,455.3,875.8,3667.0,22.0,16.4,16.2
2025-07-30 05:00:00,423.6,1917.2,453.2,930.0,3724.0,21.8,16.1,16.1
2025-07-30 06:00:00,464.4,2062.8,489.8,971.6,3988.6,21.6,16.6,16.1
2025-07-30 07:00:00,544.8,2238.4,558.8,1008.8,4350.8,22.0,17.2,16.5
2025-07-30 08:00:00,495.7,2352.7,562.5,1035.2,4446.1,21.5,18.2,16.9
2025-07-30 09:00:00,468.7,2440.3,559.4,1049.4,4517.8,22.0,19.4,17.1
2025-07-30 10:00:00,445.5,2472.6,576.3,1071.3,4565.7,22.4,20.5,17.1
2025-07-30 11:00:00,435.6,2489.2,570.9,1086.9,4582.6,22.6,21.4,17.6
2025-07-30 12:00:00,422.8,2513.0,575.2,1092.4,4603.4,22.5,22.0,18.1
2025-07-30 13:00:00,423.8,2527.3,597.6,1092.1,4640.8,22.6,22.7,18.5
2025-07-30 14:00:00,378.4,2539.4,,1089.4,4007.2,22.9,23.2,18.7
2025-07-30 15:00:00,475.8,2505.8,543.0,1075.9,4600.5,23.3,24.1,19.3
2025-07-30 16:00:00,500.1,2522.4,523.7,1055.8,4602.0,23.6,24.1,19.5
2025-07-30 17:00:00,522.0,2556.3,559.4,1050.9,4688.6,23.3,22.8,18.8
2025-07-30 18:00:00,503.8,2535.8,570.9,1046.3,4656.8,22.8,20.8,18.6
2025-07-30 19:00:00,518.8,2509.1,567.4,1023.0,4618.3,22.3,19.1,18.2
2025-07-30 20:00:00,546.2,,588.1,996.3,2130.6,21.8,18.7,17.7
2025-07-30 21:00:00,549.6,2425.0,563.1,1003.5,4541.2,21.3,18.3,17.2
2025-07-30 22:00:00,534.0,2355.3,521.1,982.3,4392.7,21.0,17.5,16.6
2025-07-30 23:00:00,497.7,2233.5,478.5,936.4,4146.1,20.9,16.8,16.2
2025-07-31 00:00:00,506.0,2100.9,456.1,909.1,3972.1,20.8,16.6,16.6
2025-07-31 01:00:00,480.4,2032.2,458.1,895.2,3865.9,20.6,17.1,16.5
2025-07-31 02:00:00,471.7,1993.1,459.3,871.1,3795.2,20.4,17.3,16.4
2025-07-31 03:00:00,433.2,1974.2,461.9,862.9,3732.2,18.5,16.4,15.7
2025-07-31 04:00:00,422.8,1988.8,459.0,883.4,3754.0,18.1,16.6,15.7
2025-07-31 05:00:00,400.9,1996.3,449.5,950.8,3797.5,19.4,16.8,15.9
2025-07-31 06:00:00,364.8,2118.5,493.5,1005.9,3982.7,20.3,17.0,15.8
2025-07-31 07:00:00,374.5,2280.7,526.6,1043.0,4224.8,21.2,17.2,15.9
2025-07-31 08:00:00,445.3,2383.7,545.0,1064.1,4438.1,22.4,17.7,15.6
2025-07-31 09:00:00,486.7,2494.4,556.5,1081.3,4618.9,23.4,18.6,16.7
2025-07-31 10:00:00,482.3,2530.9,597.6,1100.2,4711.0,24.3,19.2,17.6
2025-07-31 11:00:00,479.8,2570.3,604.5,1103.0,4757.6,25.0,20.2,17.8
2025-07-31 12:00:00,482.3,2593.5,612.6,,3688.4,25.6,20.2,18.2
2025-07-31 13:00:00,518.2,2549.8,614.9,1103.8,4786.7,25.8,20.5,18.5
2025-07-31 14:00:00,508.4,2487.6,602.5,1098.6,4697.1,26.1,21.5,19.3
2025-07-31 15:00:00,442.7,2450.1,587.5,1077.6,4557.9,26.4,21.3,18.7
2025-07-31 16:00:00,412.3,2468.4,569.4,1079.3,4529.4,26.6,21.5,19.1
2025-07-31 17:00:00,472.9,2523.1,579.8,1063.3,4639.1,26.7,22.1,18.9
2025-07-31 18:00:00,448.6,2536.1,580.4,1047.9,4613.0,26.2,21.4,18.3
2025-07-31 19:00:00,451.6,2481.7,568.8,1049.7,4551.8,25.3,20.6,18.2
2025-07-31 20:00:00,473.5,2460.9,576.9,1010.8,4522.1,24.2,19.8,17.9
2025-07-31 21:00:00,388.5,2426.5,584.7,1046.5,4446.2,23.4,18.6,17.2
2025-07-31 22:00:00,422.6,2392.1,551.0,1013.3,4379.0,23.2,17.6,16.6
2025-07-31 23:00:00,450.8,2260.8,492.9,947.9,4152.4,22.4,17.1,16.2
2025-08-01 00:00:00,402.5,2139.0,453.5,940.5,3935.5,21.6,16.4,15.8
2025-08-01 01:00:00,335.8,2071.2,445.2,926.4,3778.6,22.1,15.9,15.4
2025-08-01 02:00:00,419.6,1998.9,451.5,907.1,3777.1,21.6,16.0,15.4
2025-08-01 03:00:00,432.8,1982.6,461.6,897.1,3774.1,19.5,16.7,14.8
2025-08-01 04:00:00,358.3,1970.6,464.5,900.2,3693.6,19.3,16.8,14.5
2025-08-01 05:00:00,343.3,2022.7,467.3,,2833.3,20.0,16.7,14.4
2025-08-01 06:00:00,418.2,2118.5,480.8,1002.9,4020.4,20.4,17.2,14.6
2025-08-01 07:00:00,465.2,2272.2,526.3,1026.8,4290.5,21.4,16.9,15.5
2025-08-01 08:00:00,486.7,2414.9,545.6,1035.9,4483.1,22.1,16.1,16.8
2025-08-01 09:00:00,479.6,2500.9,585.0,1058.6,4624.1,22.7,15.9,18.0
2025-08-01 10:00:00,478.0,2565.1,595.6,1079.2,4717.9,23.3,16.5,18.8
2025-08-01 11:00:00,489.0,2631.2,597.3,1097.9,4815.4,23.2,17.4,18.6
2025-08-01 12:00:00,479.4,2636.1,591.3,1103.4,4810.2,23.5,17.8,18.9
2025-08-01 13:00:00,481.0,2588.9,576.6,1108.4,4754.9,23.5,17.9,19.0
2025-08-01 14:00:00,475.8,2567.1,574.9,1096.0,4713.8,23.8,18.0,18.6
2025-08-01 15:00:00,466.0,2564.5,568.8,1087.8,4687.1,25.4,18.1,19.8
2025-08-01 16:00:00,476.0,2547.9,557.9,1072.6,4654.4,25.6,19.2,19.6
2025-08-01 17:00:00,476.4,2582.4,561.4,1054.4,4674.6,25.5,19.9,19.2
2025-08-01 18:00:00,489.0,2526.0,570.3,1047.6,4632.9,25.0,19.3,19.2
2025-08-01 19:00:00,499.3,2486.9,554.5,1039.6,4580.3,24.6,18.6,18.9
2025-08-01 20:00:00,520.0,2399.6,552.7,1008.4,4480.7,23.8,17.7,18.1
2025-08-01 21:00:00,490.6,2334.1,542.1,1019.8,4386.6,22.7,17.2,17.3
2025-08-01 22:00:00,492.2,2283.0,524.8,993.8,4293.8,22.0,16.8,17.1
2025-08-01 23:00:00,509.3,2181.4,477.4,944.3,4112.4,21.9,16.6,16.8
2025-08-02 00:00:00,400.7,1984.9,447.5,909.7,3742.8,21.9,16.3,16.4
2025-08-02 01:00:00,438.2,1938.7,432.8,884.1,3693.8,21.6,16.2,16.6
2025-08-02 02:00:00,,1851.4,434.3,867.5,3153.2,21.6,16.0,16.9
2025-08-02 03:00:00,410.4,1831.5,429.1,863.6,3534.6,19.5,15.6,14.8
2025-08-02 04:00:00,422.4,1842.6,420.7,861.3,3547.0,18.6,15.5,15.7
2025-08-02 05:00:00,451.6,1815.2,402.6,879.8,3549.2,18.8,15.1,15.8
2025-08-02 06:00:00,409.6,1876.1,408.7,890.3,3584.7,20.0,15.7,15.3
2025-08-02 07:00:00,407.4,1932.5,436.3,918.3,3694.5,21.5,16.4,16.7
2025-08-02 08:00:00,471.3,2068.6,472.5,933.3,3945.7,22.3,17.8,17.2
2025-08-02 09:00:00,452.8,2191.5,512.8,959.9,4117.0,22.8,18.5,17.7
2025-08-02 10:00:00,472.1,2253.7,516.2,980.4,4222.4,23.2,19.9,18.2
2025-08-02 11:00:00,488.2,2309.1,547.6,991.4,4336.3,23.7,20.8,18.5
2025-08-02 12:00:00,419.6,2309.4,520.5,1005.4,4254.9,24.2,21.2,19.0
2025-08-02 13:00:00,435.6,2308.7,513.1,1012.2,4269.6,24.5,21.5,19.4
2025-08-02 14:00:00,448.6,2259.9,495.5,1009.0,4213.0,24.8,21.7,20.2
2025-08-02 15:00:00,435.6,2216.2,491.8,998.5,4142.1,25.6,22.0,18.9
2025-08-02 16:00:00,453.9,2250.7,494.6,1004.8,4204.0,25.9,21.4,19.0
2025-08-02 17:00:00,465.8,2295.1,506.2,999.9,4267.0,25.9,21.1,19.0
2025-08-02 18:00:00,494.4,2302.9,513.9,989.9,4301.1,25.6,20.6,19.3
2025-08-02 19:00:00,535.4,2303.5,517.4,990.0,4346.3,25.2,19.7,19.1
2025-08-02 20:00:00,549.4,2263.8,520.0,952.5,4285.7,24.1,18.9,18.9
2025-08-02 21:00:00,505.8,2226.6,505.6,971.2,4209.2,22.8,18.0,18.3
2025-08-02 22:00:00,478.4,2190.2,494.6,961.2,4124.4,22.1,17.5,18.2
2025-08-02 23:00:00,514.7,2107.7,453.8,918.1,3994.3,21.6,17.2,17.9
2025-08-03 00:00:00,445.3,2058.5,417.3,883.4,3804.5,21.4,17.0,17.6
2025-08-03 01:00:00,374.9,2009.7,402.6,865.7,3652.9,21.2,16.9,17.6
2025-08-03 02:00:00,382.0,1926.3,394.6,864.7,3567.6,21.0,16.8,17.6
2025-08-03 03:00:00,390.2,1919.8,405.5,856.0,3571.5,20.7,16.7,17.1
2025-08-03 04:00:00,399.9,1900.2,406.6,843.6,3550.3,20.4,16.5,17.1
2025-08-03 05:00:00,412.1,1848.4,389.4,851.5,3501.4,20.1,16.4,17.0
2025-08-03 06:00:00,426.5,1834.1,395.1,860.3,3516.0,20.5,16.8,16.5
2025-08-03 07:00:00,470.5,1899.2,408.9,893.1,3671.7,20.4,17.8,16.9
2025-08-03 08:00:00,447.8,1975.8,433.4,928.4,3785.4,20.1,18.8,17.6
2025-08-03 09:00:00,430.5,2076.1,445.8,953.4,3905.8,19.4,19.7,17.4
2025-08-03 10:00:00,466.8,2158.9,474.2,969.2,4069.1,19.0,20.4,17.3
2025-08-03 11:00:00,,2234.1,495.8,980.9,3710.8,19.6,21.0,17.4
2025-08-03 12:00:00,469.5,2228.3,488.0,981.9,4167.7,20.9,20.9,17.5
2025-08-03 13:00:00,461.8,2247.5,473.1,983.1,4165.5,22.0,21.7,17.5
2025-08-03 14:00:00,471.9,2201.2,466.8,993.3,4133.2,21.9,21.6,17.5
2025-08-03 15:00:00,457.5,2177.8,460.4,991.6,4087.3,21.9,22.4,17.6
2025-08-03 16:00:00,459.5,2217.8,478.8,991.6,4147.7,21.7,22.0,18.0
2025-08-03 17:00:00,394.0,2299.0,515.4,990.5,4198.9,21.7,21.7,17.8
2025-08-03 18:00:00,422.8,2311.0,549.9,979.9,4263.6,21.4,20.8,17.6
2025-08-03 19:00:00,447.0,2374.5,563.4,962.1,4347.0,21.1,20.2,17.5
2025-08-03 20:00:00,472.5,2371.6,553.0,940.1,4337.2,20.7,19.5,17.4
2025-08-03 21:00:00,485.7,2365.4,,960.9,3812.0,20.3,18.8,17.2
2025-08-03 22:00:00,399.7,2240.6,525.4,952.3,4118.0,20.1,18.7,17.0
2025-08-03 23:00:00,387.5,2150.1,476.2,921.6,3935.4,19.9,17.6,17.4
2025-08-04 00:00:00,401.1,2043.2,458.1,890.8,3793.2,20.0,17.4,17.3
2025-08-04 01:00:00,409.0,1988.5,433.7,881.4,3712.6,19.5,17.1,17.3
2025-08-04 02:00:00,414.1,1969.6,425.1,871.8,3680.6,19.7,17.1,17.1
2025-08-04 03:00:00,415.5,1996.6,429.4,872.8,3714.3,19.0,16.8,16.8
2025-08-04 04:00:00,454.7,1992.7,456.1,875.6,3779.1,19.0,17.0,16.7
2025-08-04 05:00:00,456.3,2037.4,454.7,935.7,3884.1,18.5,17.0,16.4
2025-08-04 06:00:00,487.5,2208.4,501.6,1003.3,4200.8,18.6,17.2,16.4
2025-08-04 07:00:00,532.6,2389.5,565.7,1047.4,4535.2,17.7,17.5,16.8
2025-08-04 08:00:00,593.2,2572.3,619.5,1081.2,4866.2,18.9,18.0,17.2
2025-08-04 09:00:00,598.7,2638.4,640.7,1088.7,4966.5,19.7,18.2,17.8
2025-08-04 10:00:00,,2720.8,664.3,1112.0,4497.1,20.8,18.6,17.9
2025-08-04 11:00:00,575.8,2734.2,671.5,1120.5,5102.0,20.2,20.5,18.2
2025-08-04 12:00:00,608.3,2751.5,668.4,1118.1,5146.3,19.6,21.8,18.9
2025-08-04 13:00:00,623.3,2726.4,673.0,1116.4,5139.1,20.3,22.3,18.9
2025-08-04 14:00:00,628.5,2673.9,681.9,1109.5,5093.8,18.7,21.6,19.0
2025-08-04 15:00:00,611.9,2668.1,637.9,1102.9,5020.8,17.9,22.1,19.0
2025-08-04 16:00:00,617.6,2645.3,613.7,1096.2,4972.8,18.5,21.5,19.8
2025-08-04 17:00:00,649.2,2674.3,632.7,,3956.2,18.7,21.1,20.5
2025-08-04 18:00:00,698.3,2668.1,635.9,1056.8,5059.1,20.6,20.3,20.2
2025-08-04 19:00:00,608.7,2580.8,592.1,1028.0,4809.6,21.1,19.6,19.9
2025-08-04 20:00:00,523.7,2488.6,568.6,1009.1,4590.0,20.7,18.8,19.1
2025-08-04 21:00:00,582.3,2401.9,575.7,1012.0,4571.9,20.4,17.9,18.9
2025-08-04 22:00:00,,2269.0,536.9,976.0,3781.9,20.3,17.6,17.9
2025-08-04 23:00:00,474.6,2173.2,487.7,954.2,4089.7,19.7,17.4,17.6
2025-08-05 00:00:00,438.6,2075.8,457.6,900.1,3872.1,19.6,17.4,17.9
2025-08-05 01:00:00,460.8,1998.9,458.4,887.9,3806.0,19.8,17.5,17.9
2025-08-05 02:00:00,477.2,1941.3,465.0,881.0,3764.5,20.1,17.5,17.7
2025-08-05 03:00:00,424.4,,448.6,875.4,1748.4,20.2,17.1,18.1
2025-08-05 04:00:00,417.1,1937.0,474.8,,2828.9,20.1,17.1,17.5
2025-08-05 05:00:00,456.1,1984.9,491.8,942.3,3875.1,20.0,17.0,16.9
2025-08-05 06:00:00,518.6,2180.4,531.5,1013.7,4244.2,20.1,16.6,16.2
2025-08-05 07:00:00,512.7,2350.4,600.5,1061.8,4525.4,20.2,15.7,16.2
2025-08-05 08:00:00,491.4,2445.6,656.6,1083.4,4677.0,20.0,15.7,16.7
2025-08-05 09:00:00,488.7,2491.5,635.0,1092.7,4707.9,19.0,16.7,17.3
2025-08-05 10:00:00,450.6,2499.3,616.3,1102.1,4668.3,19.8,17.9,18.0
2025-08-05 11:00:00,445.5,2567.7,617.4,1114.2,4744.8,19.1,19.5,18.4
2025-08-05 12:00:00,497.9,2566.1,624.6,1115.8,4804.4,19.2,20.2,18.7
2025-08-05 13:00:00,503.2,2658.6,620.3,1092.6,4874.7,19.7,20.4,19.1
2025-08-05 14:00:00,488.2,2674.3,601.6,1090.9,4855.0,19.6,21.0,19.3
2025-08-05 15:00:00,441.3,2628.6,608.2,1084.5,4762.6,18.7,21.0,19.4
2025-08-05 16:00:00,437.0,2515.3,592.7,1065.5,4610.5,19.8,20.5,19.3
2025-08-05 17:00:00,523.5,2563.8,601.6,1054.1,4743.0,17.7,20.4,19.0
2025-08-05 18:00:00,538.3,2560.6,615.4,1052.5,4766.8,18.2,19.7,18.4
2025-08-05 19:00:00,542.3,2585.3,632.7,1040.1,4800.4,18.4,19.0,17.8
2025-08-05 20:00:00,515.1,2534.2,633.6,1008.7,4691.6,17.5,18.1,17.0
2025-08-05 21:00:00,475.2,2492.8,615.4,1016.7,4600.1,17.6,17.1,16.1
2025-08-05 22:00:00,453.1,2385.0,582.7,985.9,4406.7,17.2,16.4,15.8
2025-08-05 23:00:00,456.9,2218.5,540.7,940.9,4157.0,17.0,15.9,15.4
2025-08-06 00:00:00,405.2,2078.7,499.0,902.7,3885.6,17.1,15.4,15.0
2025-08-06 01:00:00,414.9,2025.3,497.8,886.3,3824.3,16.8,15.0,14.8
2025-08-06 02:00:00,413.9,2017.5,477.4,,2908.8,17.4,14.6,14.4
2025-08-06 03:00:00,406.2,2000.6,479.4,874.9,3761.1,17.0,14.1,14.7
2025-08-06 04:00:00,398.5,1976.1,479.7,877.1,3731.4,17.0,14.0,14.2
2025-08-06 05:00:00,408.2,2007.4,490.3,936.2,3842.1,16.0,13.8,14.0
2025-08-06 06:00:00,448.0,2200.9,534.6,991.8,4175.3,16.4,13.8,14.4
2025-08-06 07:00:00,444.5,2399.3,589.6,1021.4,4454.8,15.3,14.4,14.6
2025-08-06 08:00:00,448.4,2520.8,596.2,1055.6,4621.0,15.9,15.1,15.1
2025-08-06 09:00:00,439.5,2566.7,603.4,1058.8,4668.4,14.8,15.7,15.4
2025-08-06 10:00:00,477.8,2621.8,634.4,1066.2,4800.2,15.7,16.6,16.1
2025-08-06 11:00:00,473.9,2621.1,627.2,1069.8,4792.0,17.0,17.5,16.3
2025-08-06 12:00:00,,2701.3,619.2,1071.4,4391.9,16.2,18.4,17.2
2025-08-06 13:00:00,485.9,2712.0,623.5,1070.5,4891.9,16.1,19.0,17.9
2025-08-06 14:00:00,456.9,2652.1,616.9,1063.4,4789.3,16.5,19.2,18.5
2025-08-06 15:00:00,432.6,2516.9,630.4,1051.7,4631.6,18.0,17.6,17.8
2025-08-06 16:00:00,531.2,2521.5,626.4,1063.3,4742.4,17.4,18.7,17.7
2025-08-06 17:00:00,546.0,2531.2,654.8,1054.8,4786.8,17.7,18.3,17.5
2025-08-06 18:00:00,550.4,2555.3,647.4,1053.6,4806.7,17.1,17.7,17.2
2025-08-06 19:00:00,521.2,2558.6,662.9,1041.7,4784.4,16.7,18.0,16.4
2025-08-06 20:00:00,546.4,2502.2,643.3,1011.9,4703.8,16.6,17.2,16.8
2025-08-06 21:00:00,528.9,2469.7,622.9,1022.5,4644.0,15.9,16.6,16.3
2025-08-06 22:00:00,502.2,2350.4,564.0,986.9,4403.5,16.3,16.1,16.5
2025-08-06 23:00:00,468.3,2213.6,510.8,941.5,4134.2,15.9,15.6,16.3
2025-08-07 00:00:00,445.9,2195.7,482.0,912.6,4036.2,15.5,15.2,16.1
2025-08-07 01:00:00,453.7,2090.1,462.2,897.7,3903.7,15.0,14.8,15.8
2025-08-07 02:00:00,488.1,2098.0,,891.7,3477.8,14.3,14.6,15.4
2025-08-07 03:00:00,475.4,2063.8,461.6,,3000.8,13.6,14.3,15.1
2025-08-07 04:00:00,462.4,2068.0,465.6,888.2,3884.2,13.4,14.1,15.0
2025-08-07 05:00:00,425.7,2098.3,469.9,950.6,3944.5,13.7,14.0,15.0
2025-08-07 06:00:00,453.1,2330.9,550.7,1009.6,4344.3,14.3,14.3,15.1
2025-08-07 07:00:00,500.1,2584.3,639.0,1038.0,4761.4,14.9,14.9,15.6
2025-08-07 08:00:00,494.6,2687.3,657.1,1054.3,4893.3,15.8,15.8,16.1
2025-08-07 09:00:00,503.4,2663.5,669.2,1073.7,4909.8,16.8,16.8,16.7
2025-08-07 10:00:00,500.5,2746.2,690.8,1066.2,5003.7,17.8,17.8,17.1
2025-08-07 11:00:00,480.6,2716.9,683.0,1068.7,4949.2,18.6,18.6,17.3
2025-08-07 12:00:00,511.7,2740.1,688.5,1060.5,5000.8,18.7,19.3,17.8
2025-08-07 13:00:00,464.2,2752.8,687.0,1053.8,4957.8,19.1,20.2,18.2
2025-08-07 14:00:00,552.9,2728.7,662.9,1052.4,4996.9,19.5,20.3,18.5
2025-08-07 15:00:00,511.3,2735.5,627.2,1057.7,4931.7,18.0,20.6,18.8
2025-08-07 16:00:00,553.7,2756.3,631.0,1059.1,5000.1,18.3,20.7,19.1
2025-08-07 17:00:00,601.8,2793.2,622.3,1062.2,5079.5,18.7,20.2,18.5
2025-08-07 18:00:00,448.6,2784.7,642.8,1073.3,4949.4,18.8,19.8,18.6
2025-08-07 19:00:00,514.5,2712.4,639.6,1045.0,4911.5,18.6,19.2,18.2
2025-08-07 20:00:00,427.5,2683.4,604.5,1016.3,4731.7,17.8,18.1,17.8
2025-08-07 21:00:00,503.6,2622.8,584.4,1030.7,4741.5,16.9,16.8,17.4
2025-08-07 22:00:00,501.5,2514.0,556.5,1008.9,4580.9,16.1,16.0,16.9
2025-08-07 23:00:00,475.4,2342.3,533.8,965.8,4317.3,15.6,16.0,16.9
2025-08-08 00:00:00,472.3,2260.2,483.4,925.6,4141.5,15.7,15.5,17.4
2025-08-08 01:00:00,424.6,2211.7,503.9,912.2,4052.4,15.2,15.0,17.7
2025-08-08 02:00:00,440.7,2176.8,485.2,906.9,4009.6,14.3,14.8,18.1
2025-08-08 03:00:00,431.6,2124.7,,912.4,3468.7,12.0,14.4,17.9
2025-08-08 04:00:00,402.3,2131.2,469.9,924.1,3927.5,11.8,14.6,17.7
2025-08-08 05:00:00,434.8,2178.4,,994.0,3607.2,12.0,14.5,17.4
2025-08-08 06:00:00,446.6,2344.2,534.6,1042.1,4367.5,13.8,14.6,17.1
2025-08-08 07:00:00,506.2,2556.6,614.3,1041.0,4718.1,15.7,15.0,17.5
2025-08-08 08:00:00,481.3,2686.0,636.1,1041.8,4845.2,16.8,16.0,17.7
2025-08-08 09:00:00,485.5,2733.9,651.1,1059.9,4930.4,17.7,17.8,18.1
2025-08-08 10:00:00,499.9,2762.9,641.0,1066.7,4970.5,18.2,18.9,18.8
2025-08-08 11:00:00,573.8,2772.0,639.6,1068.9,5054.3,18.7,19.4,19.4
2025-08-08 12:00:00,506.0,2722.5,625.8,1057.9,4912.2,18.7,20.2,19.8
2025-08-08 13:00:00,489.0,2661.9,605.7,1038.9,4795.5,18.9,20.6,20.2
2025-08-08 14:00:00,465.4,2652.4,608.2,1036.9,4762.9,18.6,21.0,20.6
2025-08-08 15:00:00,489.2,2647.9,617.7,1040.7,4795.5,18.9,20.5,21.3
2025-08-08 16:00:00,514.9,2641.7,609.7,1029.3,4795.6,18.5,21.1,21.5
2025-08-08 17:00:00,474.0,2636.8,620.0,1013.5,4744.3,18.2,20.8,21.4
2025-08-08 18:00:00,528.3,2560.2,606.8,997.1,4692.4,17.7,19.8,21.4
2025-08-08 19:00:00,472.7,2558.0,585.2,987.4,4603.3,17.4,19.4,21.1
2025-08-08 20:00:00,438.0,2461.5,573.7,,3473.2,17.1,18.9,20.2
2025-08-08 21:00:00,377.4,2419.8,574.9,988.8,4360.9,16.9,17.9,19.2
2025-08-08 22:00:00,443.1,2342.9,519.7,988.1,4293.8,16.9,17.2,18.7
2025-08-08 23:00:00,450.4,2232.8,485.2,971.6,4140.0,16.8,16.8,18.2
2025-08-09 00:00:00,440.1,2175.8,449.2,938.9,4004.0,16.7,16.5,17.6
2025-08-09 01:00:00,449.2,2105.1,460.7,907.7,3922.7,16.5,16.2,17.0
2025-08-09 02:00:00,464.8,2080.4,462.7,895.5,3903.4,16.6,16.1,16.6
2025-08-09 03:00:00,497.9,2043.6,465.9,885.8,3893.2,16.2,15.4,15.8
2025-08-09 04:00:00,498.3,2032.8,457.8,876.5,3865.4,16.3,14.9,15.5
2025-08-09 05:00:00,450.2,1982.6,431.1,901.2,3765.1,16.5,14.1,15.1
2025-08-09 06:00:00,432.6,1998.9,430.8,929.7,3792.0,16.9,14.0,14.9
2025-08-09 07:00:00,495.9,2142.3,444.0,955.4,4037.6,17.4,14.5,15.2
2025-08-09 08:00:00,530.4,2204.2,484.3,962.5,4181.4,16.9,15.3,15.7
2025-08-09 09:00:00,500.1,2325.4,519.1,987.3,4331.9,16.2,16.4,16.3
2025-08-09 10:00:00,446.6,2356.3,506.2,1002.2,4311.3,16.0,17.5,16.7
2025-08-09 11:00:00,455.7,2329.9,512.2,1005.2,4303.0,16.8,18.6,17.3
2025-08-09 12:00:00,413.7,2324.4,509.0,1010.3,4257.4,17.6,19.9,18.1
2025-08-09 13:00:00,450.4,2305.5,494.6,1019.3,4269.8,18.1,21.6,18.4
2025-08-09 14:00:00,442.3,2201.6,470.2,,3114.1,18.6,21.3,19.1
2025-08-09 15:00:00,461.8,2260.5,470.5,1021.0,4213.8,18.6,21.0,20.1
2025-08-09 16:00:00,464.8,,488.9,1014.6,1968.3,18.3,20.6,20.1
2025-08-09 17:00:00,500.3,2342.9,511.6,995.0,4349.8,18.6,20.4,20.1
2025-08-09 18:00:00,453.5,2395.4,517.9,973.3,4340.1,18.0,20.3,19.8
2025-08-09 19:00:00,483.5,2366.4,546.1,959.1,4355.1,17.6,19.9,19.6
2025-08-09 20:00:00,455.7,2319.8,525.7,942.2,4243.4,17.1,18.6,19.0
2025-08-09 21:00:00,485.5,2224.4,534.3,973.3,4217.5,16.6,17.0,17.9
2025-08-09 22:00:00,460.4,2119.8,505.6,970.8,4056.6,16.5,16.3,17.3
2025-08-09 23:00:00,434.4,2084.0,482.0,936.8,3937.2,16.3,15.8,17.2
2025-08-10 00:00:00,437.4,2022.4,432.2,913.3,3805.3,16.1,15.5,17.5
2025-08-10 01:00:00,474.0,1929.5,407.5,896.1,3707.1,16.0,14.9,17.8
2025-08-10 02:00:00,446.6,1892.4,398.3,882.7,3620.0,15.8,15.1,17.4
2025-08-10 03:00:00,432.8,1919.1,400.3,873.3,3625.5,15.3,14.8,16.8
2025-08-10 04:00:00,427.5,1926.6,405.2,854.7,3614.0,15.4,14.3,16.2
2025-08-10 05:00:00,393.0,1885.9,394.3,876.3,3549.5,15.9,14.0,15.7
2025-08-10 06:00:00,404.6,1929.2,403.5,904.8,3642.1,16.2,14.2,15.5
2025-08-10 07:00:00,468.3,2022.7,439.4,925.5,3855.9,16.5,14.9,15.7
2025-08-10 08:00:00,466.2,2059.8,458.1,939.4,3923.5,16.7,15.9,16.1
2025-08-10 09:00:00,469.3,2089.5,464.2,960.9,3983.9,17.0,17.0,16.9
2025-08-10 10:00:00,474.8,2181.4,462.7,994.6,4113.5,17.4,17.6,17.9
2025-08-10 11:00:00,455.3,2298.3,492.1,1012.3,4258.0,17.1,18.4,19.1
2025-08-10 12:00:00,470.3,2366.4,536.1,1025.9,4398.7,17.1,19.2,19.6
2025-08-10 13:00:00,471.5,2355.6,553.3,1025.6,4406.0,17.8,19.9,19.9
2025-08-10 14:00:00,446.4,2341.3,576.6,1020.7,4385.0,18.1,20.2,19.9
2025-08-10 15:00:00,446.0,2335.1,553.0,1019.8,4353.9,17.9,20.6,20.5
2025-08-10 16:00:00,453.1,2295.4,531.7,1014.5,4294.7,17.9,20.4,20.4
2025-08-10 17:00:00,525.7,2364.1,502.1,1009.3,4401.2,17.6,20.5,20.3
2025-08-10 18:00:00,567.9,2444.6,500.4,992.4,4505.3,17.2,20.3,20.0
2025-08-10 19:00:00,504.6,2508.1,547.0,975.1,4534.8,16.8,19.8,19.6
2025-08-10 20:00:00,485.9,2500.9,574.9,958.0,4519.7,16.5,18.9,19.2
2025-08-10 21:00:00,459.5,2450.1,564.0,971.4,4445.0,16.2,17.9,18.5
2025-08-10 22:00:00,447.6,2321.4,500.4,948.7,4218.1,15.6,17.2,18.0
2025-08-10 23:00:00,420.4,2176.8,486.0,949.1,4032.3,15.3,16.7,17.4
2025-08-11 00:00:00,452.8,2095.4,455.0,941.2,3944.4,14.9,16.2,16.9
2025-08-11 01:00:00,448.4,2059.2,443.2,932.9,3883.7,14.3,15.5,16.4
2025-08-11 02:00:00,427.5,2093.1,467.9,928.8,3917.3,13.9,14.9,15.9
2025-08-11 03:00:00,456.3,2065.1,470.8,931.3,3923.5,12.4,13.5,14.9
2025-08-11 04:00:00,427.1,2066.7,472.8,937.3,3903.9,12.0,13.2,14.6
2025-08-11 04:00:00,427.1,2066.7,472.8,937.3,3903.9,12.0,13.2,14.6
2025-08-11 05:00:00,405.4,2105.8,485.2,995.7,3992.1,11.9,12.6,14.3
2025-08-11 06:00:00,472.1,2339.4,528.6,1026.8,4366.9,12.3,12.9,14.1
2025-08-11 07:00:00,518.6,2584.0,606.8,1043.7,4753.1,13.0,13.7,14.5
2025-08-11 08:00:00,552.7,2745.6,628.7,1052.6,4979.6,14.1,14.9,15.0
2025-08-11 09:00:00,509.1,2823.1,622.3,1068.7,5023.2,15.5,16.1,15.5
2025-08-11 10:00:00,491.2,2851.5,649.9,1087.6,5080.2,16.8,17.3,16.2
2025-08-11 11:00:00,438.2,2791.9,676.4,1098.4,5004.9,18.0,18.5,17.0
2025-08-11 12:00:00,465.2,2826.4,657.7,1112.6,5061.9,18.8,19.6,17.8
2025-08-11 13:00:00,538.3,2782.1,664.9,1113.7,5099.0,19.6,20.1,18.5
2025-08-11 14:00:00,531.6,2803.3,636.7,1102.4,5074.0,20.2,20.1,19.0
2025-08-11 15:00:00,473.7,2840.7,639.3,1085.3,5039.0,20.6,21.2,19.1
2025-08-11 16:00:00,459.1,2835.5,641.9,1052.7,4989.2,20.8,20.9,19.8
2025-08-11 17:00:00,544.3,2891.9,659.4,1026.0,5121.6,20.4,20.4,19.4
2025-08-11 18:00:00,484.5,2837.5,660.3,1023.8,5006.1,20.1,20.1,19.3
2025-08-11 19:00:00,493.4,2770.0,658.3,1002.0,4923.7,19.4,19.5,19.0
2025-08-11 20:00:00,517.6,2707.5,633.6,980.2,4838.9,17.7,18.0,18.3
2025-08-11 21:00:00,494.6,2623.8,625.8,992.9,4737.1,16.5,16.9,17.7
2025-08-11 22:00:00,482.9,2478.8,585.5,961.1,4508.3,15.6,16.1,17.7
2025-08-11 23:00:00,420.0,2333.2,529.7,935.8,4218.7,15.0,15.6,17.6
2025-08-12 00:00:00,407.8,2305.8,532.3,905.0,4150.9,14.3,15.1,17.3
2025-08-12 01:00:00,400.7,2262.5,500.1,886.9,4050.2,13.9,14.7,17.1
2025-08-12 02:00:00,448.0,2260.8,483.7,883.4,4075.9,13.6,14.3,16.8
2025-08-12 03:00:00,511.5,2194.4,459.6,889.1,4054.6,11.8,14.2,16.5
2025-08-12 04:00:00,490.4,2180.4,470.5,887.2,4028.5,11.6,14.1,16.2
2025-08-12 05:00:00,487.7,2203.5,502.4,948.9,4142.5,11.6,13.9,16.1
2025-08-12 06:00:00,507.4,2435.1,560.5,1016.3,4519.3,12.2,14.1,16.0
2025-08-12 07:00:00,562.6,2682.4,644.2,1051.2,4940.4,13.4,15.1,16.5
2025-08-12 08:00:00,551.5,2775.6,658.6,1050.6,5036.3,14.6,16.0,17.1
2025-08-12 09:00:00,517.2,2786.0,671.8,1062.6,5037.6,16.2,16.7,17.8
2025-08-12 10:00:00,551.3,2807.2,670.7,1063.4,5092.6,17.6,17.6,18.6
2025-08-12 11:00:00,554.1,2820.5,674.7,1067.4,5116.7,18.8,18.2,19.1
2025-08-12 12:00:00,572.4,2796.4,668.9,1052.8,5090.5,19.6,19.1,19.4
2025-08-12 13:00:00,450.0,2787.6,649.9,1050.2,4937.7,19.3,20.0,19.3
2025-08-12 14:00:00,491.6,2737.1,644.2,1049.7,4922.6,19.2,20.7,19.4
2025-08-12 15:00:00,521.0,2755.4,651.7,1050.6,4978.7,18.9,21.3,20.9
2025-08-12 16:00:00,576.0,2747.9,660.6,1034.5,5019.0,18.4,21.5,21.2
2025-08-12 17:00:00,509.9,2826.1,675.8,1012.1,5023.9,18.0,21.3,20.9
2025-08-12 18:00:00,579.9,2813.4,678.4,1001.7,5073.4,17.8,21.3,20.7
2025-08-12 19:00:00,570.5,2819.2,658.9,986.2,5034.8,17.2,20.8,19.7
2025-08-12 20:00:00,558.4,2748.5,636.1,974.7,4917.7,16.5,18.4,19.4
2025-08-12 21:00:00,536.2,2698.7,639.3,989.9,4864.1,15.6,16.3,19.3
2025-08-12 22:00:00,501.1,2581.1,592.1,948.7,4623.0,15.2,15.6,18.6
2025-08-12 23:00:00,455.9,2408.4,537.5,924.2,4326.0,14.8,15.1,18.0
2025-08-13 00:00:00,473.9,2290.8,499.0,909.8,4173.5,13.8,15.2,17.4
2025-08-13 01:00:00,482.1,2238.0,494.4,876.1,4090.6,13.6,15.2,17.2
2025-08-13 02:00:00,532.0,2222.1,482.0,863.0,4099.1,13.2,15.4,16.7
2025-08-13 03:00:00,551.0,2189.8,499.3,855.8,4095.9,11.8,14.2,16.4
2025-08-13 04:00:00,490.2,2192.1,504.9,854.1,4041.3,11.5,14.3,16.1
2025-08-13 05:00:00,475.8,2236.4,510.5,913.8,4136.5,11.3,14.5,15.9
2025-08-13 06:00:00,469.7,2483.0,567.1,966.8,4486.6,11.7,15.0,15.7
2025-08-13 07:00:00,497.3,2701.0,632.4,997.1,4827.8,12.6,15.7,16.3
2025-08-13 08:00:00,564.6,2814.0,673.5,1022.7,5074.8,13.9,16.6,17.5
2025-08-13 09:00:00,544.4,2845.6,663.5,1034.6,5088.1,15.3,17.3,19.3
2025-08-13 10:00:00,488.2,2883.4,665.5,1043.5,5080.6,16.5,18.1,21.4
2025-08-13 11:00:00,487.1,2867.4,669.2,1051.0,5074.7,17.6,20.0,23.3
2025-08-13 12:00:00,503.8,2855.4,659.4,1060.9,5079.5,18.4,21.5,24.6
2025-08-13 13:00:00,491.0,2827.0,,1063.5,4381.5,18.6,22.4,25.4
2025-08-13 14:00:00,493.1,2820.2,659.7,1054.1,5027.1,18.5,23.1,25.6
2025-08-13 15:00:00,504.2,2814.7,659.1,1052.9,5030.9,19.8,23.9,26.6
2025-08-13 16:00:00,489.8,2804.6,641.3,1049.1,4984.8,19.6,23.9,26.6
2025-08-13 17:00:00,545.6,2841.4,665.2,1025.8,5078.0,18.9,24.1,26.5
2025-08-13 18:00:00,521.4,2856.7,667.2,1014.6,5059.9,18.3,24.6,26.2
2025-08-13 19:00:00,503.8,2810.1,656.6,989.0,4959.5,17.7,22.9,25.3
2025-08-13 20:00:00,529.7,2796.4,620.9,969.7,4916.7,16.8,21.3,23.8
2025-08-13 21:00:00,515.1,2775.2,614.3,973.4,4878.0,16.1,19.6,22.1
2025-08-13 22:00:00,434.8,2646.2,578.9,934.3,4594.2,16.2,18.0,20.5
2025-08-13 23:00:00,458.7,2475.2,527.7,897.2,4358.8,16.0,17.2,19.5
2025-08-14 00:00:00,386.5,2364.4,507.0,881.5,4139.4,15.6,16.8,18.9
2025-08-14 01:00:00,465.2,2290.2,497.8,874.3,4127.5,15.9,16.6,18.6
2025-08-14 02:00:00,481.1,2262.5,491.8,879.7,4115.1,15.8,16.2,18.6
2025-08-14 03:00:00,474.4,2246.8,501.8,882.9,4105.9,15.0,15.1,17.9
2025-08-14 04:00:00,451.0,2250.7,507.0,895.4,4104.1,14.9,14.9,17.8
2025-08-14 05:00:00,479.2,2219.8,510.2,959.0,4168.2,14.8,14.9,17.6
2025-08-14 06:00:00,410.6,2457.9,568.6,1015.2,4452.3,15.3,15.6,17.4
2025-08-14 07:00:00,430.9,2720.8,631.0,1043.9,4826.6,16.2,17.1,18.1
2025-08-14 08:00:00,463.8,2814.0,689.9,1054.1,5021.8,16.8,18.9,19.6
2025-08-14 09:00:00,532.6,2843.3,705.7,1062.0,5143.6,17.9,20.7,21.1
2025-08-14 10:00:00,471.9,2879.8,700.8,1074.2,5126.7,17.3,22.3,23.3
2025-08-14 11:00:00,430.7,2864.5,664.3,1077.7,5037.2,17.1,23.6,24.8
2025-08-14 12:00:00,504.6,2929.3,647.6,1081.6,5163.1,17.1,24.6,26.0
2025-08-14 13:00:00,515.7,2980.8,646.2,1075.9,5218.6,17.5,25.5,26.6
2025-08-14 14:00:00,484.1,3002.3,625.2,1070.1,5181.7,18.9,26.3,27.1
2025-08-14 15:00:00,519.2,3022.8,629.8,1064.2,5236.0,19.1,27.9,27.9
2025-08-14 16:00:00,547.0,3014.4,650.5,1055.5,5267.4,18.8,26.9,28.0
2025-08-14 17:00:00,508.8,3019.6,659.7,1051.8,5239.9,18.9,25.5,27.3
2025-08-14 18:00:00,504.8,2952.8,791.2,1047.0,5295.8,18.6,24.1,26.4
2025-08-14 19:00:00,484.5,2891.5,745.7,1041.3,5163.0,18.4,22.1,25.3
2025-08-14 20:00:00,467.5,2824.1,698.5,1041.2,5031.3,18.7,20.9,24.3
2025-08-14 21:00:00,510.1,2736.1,658.3,1088.5,4993.0,18.1,19.9,23.1
2025-08-14 22:00:00,409.8,2561.5,601.6,1072.5,4645.4,17.7,19.3,22.2
2025-08-14 23:00:00,481.9,2406.5,549.3,1007.1,4444.8,17.3,19.2,21.8
2025-08-15 00:00:00,424.9,2289.8,517.1,979.5,4211.3,16.9,19.1,21.4
2025-08-15 01:00:00,414.3,2195.7,492.9,966.3,4069.2,16.6,19.0,21.2
2025-08-15 02:00:00,491.8,2131.5,480.0,952.3,4055.6,16.3,18.8,21.2
2025-08-15 03:00:00,484.3,2055.6,486.0,951.4,3977.3,16.2,17.6,20.4
2025-08-15 04:00:00,460.4,2079.7,486.9,958.4,3985.4,16.2,17.3,20.5
2025-08-15 05:00:00,401.3,2135.8,503.3,1014.4,4054.8,16.2,16.8,20.1
2025-08-15 06:00:00,419.8,2346.9,562.2,1076.9,4405.8,16.4,17.0,20.9
2025-08-15 07:00:00,432.2,2666.8,619.2,1091.0,4809.2,16.9,17.8,21.5
2025-08-15 08:00:00,511.5,2830.9,666.3,1092.8,5101.5,17.3,19.2,21.9
2025-08-15 09:00:00,526.1,2921.5,677.3,1124.7,5249.6,17.8,21.0,22.5
2025-08-15 10:00:00,501.3,2957.7,663.8,1136.0,5258.8,18.2,22.1,23.0
2025-08-15 11:00:00,440.1,2958.6,650.8,1141.1,5190.6,19.0,23.3,22.9
2025-08-15 12:00:00,435.6,2908.5,629.5,1139.5,5113.1,19.4,24.1,23.4
2025-08-15 13:00:00,426.3,2840.4,610.0,1148.7,5025.4,19.3,25.5,24.6
2025-08-15 14:00:00,458.7,2788.3,597.6,1144.5,4989.1,18.5,25.7,25.2
2025-08-15 15:00:00,437.2,2762.9,599.0,1138.5,4937.6,18.5,23.4,25.7
2025-08-15 16:00:00,564.2,2780.1,569.1,1136.5,5049.9,18.2,24.8,24.5
2025-08-15 17:00:00,628.5,2729.0,597.0,1135.2,5089.7,17.8,23.8,24.0
2025-08-15 18:00:00,459.3,2635.2,573.7,1138.4,4806.6,17.2,23.0,24.0
2025-08-15 19:00:00,484.1,2592.5,556.8,1108.3,4741.7,17.3,22.6,23.4
2025-08-15 20:00:00,516.1,2614.3,557.9,1086.1,4774.4,17.2,21.8,22.2
2025-08-15 21:00:00,435.4,2553.1,589.0,1071.5,4649.0,15.7,18.9,21.1
2025-08-15 22:00:00,394.6,2427.6,572.6,998.8,4393.6,14.9,17.3,20.3
2025-08-15 23:00:00,381.2,2287.6,531.5,960.3,4160.6,14.2,14.8,19.8
2025-08-16 00:00:00,431.9,2160.8,522.3,931.4,4046.4,13.5,14.7,19.0
2025-08-16 01:00:00,481.5,2124.3,507.6,913.6,4027.0,13.3,14.2,18.0
2025-08-16 02:00:00,475.0,2113.6,474.2,909.4,3972.2,12.4,14.0,17.3
2025-08-16 03:00:00,492.2,2065.1,458.1,,3015.4,11.4,12.3,16.9
2025-08-16 04:00:00,467.1,1998.6,491.2,899.2,3856.1,11.1,12.7,16.3
2025-08-16 05:00:00,466.6,1997.6,470.8,908.4,3843.4,11.0,12.5,15.8
2025-08-16 06:00:00,498.1,1985.2,465.3,933.2,3881.8,10.8,12.6,15.5
2025-08-16 07:00:00,562.2,2090.5,479.4,959.5,4091.6,11.3,13.2,15.6
2025-08-16 08:00:00,524.5,2218.5,486.3,995.2,4224.5,12.5,14.1,16.1
2025-08-16 09:00:00,504.0,2297.7,511.9,1016.2,4329.8,13.6,15.2,17.0
2025-08-16 10:00:00,504.2,2347.5,534.6,1047.8,4434.1,14.5,16.1,18.1
2025-08-16 11:00:00,543.9,2410.7,535.8,1037.2,4527.6,15.2,17.2,20.2
2025-08-16 12:00:00,464.6,2391.5,523.4,1036.4,4415.9,16.5,18.2,21.2
2025-08-16 13:00:00,522.2,2366.7,501.0,1020.7,4410.6,17.0,18.0,21.5
2025-08-16 14:00:00,513.1,2346.5,494.6,1029.5,4383.7,14.6,18.3,21.6
2025-08-16 15:00:00,550.0,2296.7,499.3,1030.4,4376.4,12.6,18.1,21.6
2025-08-16 16:00:00,559.6,2344.6,500.1,1040.6,4444.9,12.4,18.1,21.4
2025-08-16 17:00:00,532.6,2416.6,542.7,1042.8,4534.7,12.4,18.1,20.7
2025-08-16 18:00:00,533.2,2449.8,563.7,1020.6,4567.3,13.1,17.5,20.0
2025-08-16 19:00:00,518.0,2458.6,580.9,1019.6,4577.1,13.5,16.7,19.4
2025-08-16 20:00:00,516.1,2455.3,570.3,,3541.7,14.1,15.8,19.0
2025-08-16 21:00:00,526.1,2395.1,524.3,1016.8,4462.3,14.7,15.3,18.5
2025-08-16 22:00:00,499.5,2255.6,469.6,982.5,4207.2,14.5,14.8,18.2
2025-08-16 23:00:00,474.2,2148.8,421.3,955.3,3999.6,13.1,14.8,17.8
2025-08-17 00:00:00,465.8,2125.0,398.6,932.5,3921.9,13.9,14.9,17.1
2025-08-17 01:00:00,457.1,2089.8,394.3,914.2,3855.4,14.3,14.5,16.5
2025-08-17 02:00:00,471.3,2064.1,,,2535.4,14.3,14.2,16.3
2025-08-17 03:00:00,470.5,2020.8,393.7,917.6,3802.6,12.6,13.1,15.0
2025-08-17 04:00:00,531.2,1967.7,388.2,901.6,3788.7,12.3,12.7,15.0
2025-08-17 05:00:00,485.3,1951.4,368.1,909.9,3714.7,12.1,12.4,14.8
2025-08-17 06:00:00,401.7,2010.3,356.3,926.9,3695.2,12.2,12.4,14.3
2025-08-17 07:00:00,427.7,2077.8,412.1,958.1,3875.7,12.3,12.9,14.3
2025-08-17 08:00:00,451.2,2223.1,451.5,976.1,4101.9,12.3,13.7,14.9
2025-08-17 09:00:00,482.5,2318.2,473.1,995.9,4269.7,13.0,14.4,15.6
2025-08-17 10:00:00,433.6,2417.5,469.3,1012.5,4332.9,13.8,15.4,16.7
2025-08-17 11:00:00,450.2,2429.3,463.0,1018.8,4361.3,14.9,17.1,17.9
2025-08-17 12:00:00,432.6,2469.7,486.0,1026.8,4415.1,15.8,17.3,18.5
2025-08-17 13:00:00,389.8,2424.7,494.4,1025.7,4334.6,16.3,17.4,18.9
2025-08-17 14:00:00,417.5,2427.6,484.6,1019.1,4348.8,16.7,17.3,19.2
2025-08-17 15:00:00,464.6,2391.2,497.5,1020.6,4373.9,17.5,16.9,19.7
2025-08-17 16:00:00,597.7,2450.8,515.6,1026.5,4590.6,18.0,17.4,19.5
2025-08-17 17:00:00,590.0,2596.7,548.4,1045.2,4780.3,17.5,17.6,19.5
2025-08-17 18:00:00,538.7,2673.6,579.8,1054.0,4846.1,17.5,17.2,19.6
2025-08-17 19:00:00,526.5,2735.8,602.2,1041.8,4906.3,16.8,17.0,19.3
2025-08-17 20:00:00,417.8,2707.5,601.6,1030.4,4757.3,15.8,16.1,18.8
2025-08-17 21:00:00,446.8,2673.9,572.0,1047.3,4740.0,14.9,15.1,18.2
2025-08-17 22:00:00,456.9,2520.8,526.6,1014.4,4518.7,14.3,14.6,18.0
2025-08-17 23:00:00,462.6,2385.0,510.2,970.2,4328.0,14.0,14.4,17.8
2025-08-18 00:00:00,460.2,2316.9,499.3,943.5,4219.9,13.4,14.2,17.5
2025-08-18 01:00:00,449.4,2238.7,494.1,924.6,4106.8,13.0,14.0,16.8
2025-08-18 02:00:00,409.0,2201.6,483.1,915.1,4008.8,12.5,14.0,16.0
2025-08-18 03:00:00,426.9,2207.7,486.3,917.5,4038.4,11.4,11.7,14.0
2025-08-18 04:00:00,464.0,2240.0,501.8,906.6,4112.4,11.1,11.6,13.8
2025-08-18 05:00:00,487.9,2328.9,519.1,931.0,4266.9,10.8,11.3,13.5
2025-08-18 06:00:00,511.9,2599.6,574.6,985.4,4671.5,11.3,11.5,13.3
2025-08-18 07:00:00,574.0,2811.4,631.3,1029.7,5046.4,12.1,12.4,13.7
2025-08-18 08:00:00,539.9,2900.7,663.2,1056.3,5160.1,13.3,13.8,14.5
2025-08-18 09:00:00,517.0,2918.9,660.0,1051.7,5147.6,14.9,15.3,15.9
2025-08-18 10:00:00,491.0,2903.6,657.7,1047.8,5100.1,15.6,16.9,17.6
2025-08-18 11:00:00,498.5,2876.6,654.5,1054.7,5084.3,16.6,18.3,19.0
2025-08-18 12:00:00,542.3,2859.3,644.2,1055.9,5101.7,17.1,19.4,20.1
2025-08-18 13:00:00,571.1,2847.9,645.9,1060.1,5125.0,16.3,20.2,20.9
2025-08-18 14:00:00,572.4,2792.2,638.7,1055.8,5059.1,17.3,20.6,21.6
2025-08-18 15:00:00,594.0,2813.7,626.4,1043.6,5077.7,18.2,21.8,22.2
2025-08-18 16:00:00,594.1,,623.5,1028.8,2246.4,19.4,22.0,22.0
2025-08-18 17:00:00,526.7,2908.5,641.6,1021.1,5097.9,20.0,22.0,21.8
2025-08-18 18:00:00,590.8,2893.2,642.8,1021.4,5148.2,19.6,22.0,21.3
2025-08-18 19:00:00,607.7,2868.4,643.9,1025.0,5145.0,18.3,21.5,20.6
2025-08-18 20:00:00,579.2,2817.9,638.2,1027.1,5062.4,17.5,20.1,19.6
2025-08-18 21:00:00,529.9,2697.7,619.2,1066.0,4912.8,16.9,19.2,18.8
2025-08-18 22:00:00,489.8,2515.3,566.0,1037.5,4608.6,15.8,18.6,18.8
2025-08-18 23:00:00,431.3,2315.3,504.1,984.1,4234.8,15.1,17.9,18.8
2025-08-19 00:00:00,479.6,2178.4,514.2,951.2,4123.4,14.5,17.4,18.4
2025-08-19 01:00:00,479.6,2145.5,499.3,943.6,4068.0,13.4,17.2,18.1
2025-08-19 02:00:00,464.2,2130.9,474.5,,3069.6,12.3,17.0,17.9
2025-08-19 03:00:00,446.6,2116.2,453.5,954.5,3970.8,11.2,16.0,16.7
2025-08-19 04:00:00,483.9,2143.6,462.7,964.4,4054.6,11.0,15.6,16.6
2025-08-19 05:00:00,490.0,2174.5,475.7,1030.5,4170.7,11.1,14.9,16.4
2025-08-19 06:00:00,489.2,2403.2,505.0,1096.7,4494.1,11.5,14.3,16.3
2025-08-19 06:00:00,489.2,2403.2,505.0,1096.7,4494.1,11.5,14.3,16.3
2025-08-19 07:00:00,552.3,2669.0,576.6,1131.9,4929.8,12.3,14.8,16.7
2025-08-19 08:00:00,540.1,2785.7,601.6,1154.8,5082.2,13.0,15.4,17.1
2025-08-19 09:00:00,540.5,2845.9,590.7,1152.6,5129.7,13.7,16.2,17.4
2025-08-19 10:00:00,,2945.6,615.7,1146.4,4707.7,13.9,16.6,18.0
2025-08-19 11:00:00,536.6,2948.5,626.4,1134.4,5245.9,14.6,15.8,18.5
2025-08-19 12:00:00,531.2,2999.0,647.6,1137.4,5315.2,14.7,14.6,19.1
2025-08-19 13:00:00,530.1,2929.0,670.1,1131.0,5260.2,13.5,14.4,19.8
2025-08-19 14:00:00,559.4,2870.7,674.7,1131.1,5235.9,15.0,14.4,20.6
2025-08-19 15:00:00,508.4,2855.7,667.8,1127.7,5159.6,15.3,14.0,21.5
2025-08-19 16:00:00,553.1,2813.4,645.6,1134.1,5146.2,15.2,16.4,22.1
2025-08-19 17:00:00,606.0,2913.4,656.6,1104.0,5280.0,14.8,17.2,21.6
2025-08-19 18:00:00,655.9,2876.6,672.7,1082.7,5287.9,13.9,16.9,21.1
2025-08-19 19:00:00,589.2,2859.6,671.5,1079.5,5199.8,13.4,16.3,20.6
2025-08-19 20:00:00,568.5,2815.6,653.1,1073.0,5110.2,12.9,15.3,20.2
2025-08-19 21:00:00,465.6,2686.0,633.3,1076.9,4861.8,12.2,14.3,19.9
2025-08-19 22:00:00,477.4,2497.7,574.3,1035.2,4584.6,11.6,13.4,18.2
2025-08-19 23:00:00,479.0,2314.9,525.4,997.7,4317.0,11.2,13.4,17.5
2025-08-20 00:00:00,481.3,2266.1,488.0,990.9,4226.3,10.4,13.0,17.4
2025-08-20 01:00:00,411.1,2208.4,475.1,988.7,4083.3,10.1,12.4,17.3
2025-08-20 02:00:00,452.6,2171.9,477.7,983.4,4085.6,9.9,12.0,16.7
2025-08-20 03:00:00,455.7,2251.4,496.7,981.2,4185.0,8.7,10.2,15.2
2025-08-20 04:00:00,452.8,2232.8,485.4,1005.1,4176.1,8.9,10.0,15.3
2025-08-20 05:00:00,414.5,2315.3,451.8,1059.0,4240.6,9.0,9.7,15.4
2025-08-20 06:00:00,472.7,2566.4,519.7,1105.1,4663.9,9.0,9.6,14.9
2025-08-20 07:00:00,572.1,2816.0,647.1,1110.7,5145.9,9.6,10.2,14.4
2025-08-20 08:00:00,,2885.7,679.3,1113.4,4678.4,10.6,11.1,14.6
2025-08-20 09:00:00,601.4,2857.7,662.6,1123.9,5245.6,11.7,12.2,15.6
2025-08-20 10:00:00,630.0,2848.2,662.0,1138.5,5278.7,12.4,13.7,17.1
2025-08-20 11:00:00,597.9,2825.1,659.1,1148.0,5230.1,13.2,14.4,18.5
2025-08-20 12:00:00,585.3,2866.5,651.1,1140.6,5243.5,13.5,15.1,19.2
2025-08-20 13:00:00,556.1,2833.9,654.5,1124.5,5169.0,14.5,15.4,19.5
2025-08-20 14:00:00,574.8,2793.2,646.2,1116.2,5130.4,15.1,15.9,19.7
2025-08-20 15:00:00,,2780.8,646.5,1112.2,4539.5,14.4,16.1,19.9
2025-08-20 16:00:00,579.4,2756.7,630.4,1097.7,5064.2,14.8,16.1,19.2
2025-08-20 17:00:00,590.2,2845.0,636.1,1077.0,5148.3,14.2,16.6,18.5
2025-08-20 18:00:00,589.2,2852.1,637.6,1068.7,5147.6,13.4,16.1,18.2
2025-08-20 19:00:00,576.8,2834.9,644.2,1054.5,5110.4,13.4,15.5,17.6
2025-08-20 20:00:00,516.2,2861.9,654.3,1053.2,5085.6,12.6,14.6,16.7
2025-08-20 21:00:00,492.6,2836.2,641.3,1061.1,5031.2,11.9,13.5,16.2
2025-08-20 22:00:00,504.8,2670.7,598.2,1032.9,4806.6,11.0,12.9,16.1
2025-08-20 23:00:00,492.4,2514.3,555.9,994.0,4556.6,10.7,12.8,16.1
2025-08-21 00:00:00,528.9,2415.9,531.7,938.6,4415.1,10.2,12.3,16.0
2025-08-21 01:00:00,486.3,2341.0,516.2,936.2,4279.7,9.7,12.1,15.9
2025-08-21 02:00:00,490.0,2301.9,515.6,940.6,4248.1,9.1,12.1,15.6
2025-08-21 03:00:00,469.3,2280.7,505.3,943.3,4198.6,7.7,10.8,14.6
2025-08-21 04:00:00,463.8,2273.2,499.0,938.8,4174.8,7.4,10.6,14.6
2025-08-21 05:00:00,468.3,2365.4,508.7,992.6,4335.0,7.1,10.6,14.9
2025-08-21 06:00:00,581.1,2619.5,548.1,1035.8,4784.5,7.3,11.0,14.9
2025-08-21 07:00:00,600.1,2839.4,611.4,1062.5,5113.4,8.1,11.1,15.1
2025-08-21 08:00:00,603.2,2929.7,650.2,1080.9,5264.0,9.3,11.1,15.7
2025-08-21 09:00:00,612.7,2910.8,654.8,1089.9,5268.2,10.5,12.0,16.0
2025-08-21 10:00:00,580.5,2909.8,647.1,1104.6,5242.0,11.6,13.8,16.5
2025-08-21 11:00:00,562.4,2901.0,629.2,1113.9,5206.5,12.4,14.8,17.0
2025-08-21 12:00:00,530.8,2908.8,598.5,1102.9,5141.0,12.8,15.5,17.4
2025-08-21 13:00:00,521.0,2911.4,613.1,1074.7,5120.2,13.2,15.6,17.9
2025-08-21 14:00:00,514.5,2870.7,592.4,1074.6,5052.2,13.3,16.0,18.2
2025-08-21 15:00:00,519.6,2854.7,585.0,1068.4,5027.7,14.1,16.1,18.1
2025-08-21 16:00:00,574.2,2865.8,590.7,1053.2,5083.9,13.9,12.4,18.0
2025-08-21 17:00:00,565.9,2847.9,598.8,1043.0,5055.6,13.6,12.8,17.3
2025-08-21 18:00:00,608.3,2881.4,589.6,1035.2,5114.5,13.6,13.1,17.1
2025-08-21 19:00:00,593.9,2869.1,606.5,1031.8,5101.3,12.9,13.1,16.4
2025-08-21 20:00:00,554.1,2880.1,627.5,1022.1,5083.8,12.4,12.6,15.9
2025-08-21 21:00:00,538.3,2825.4,605.4,1032.5,5001.6,11.3,11.8,15.6
2025-08-21 22:00:00,564.2,2667.4,561.9,1012.2,4805.7,9.9,11.5,15.4
2025-08-21 23:00:00,506.0,2503.9,519.7,976.6,4506.2,10.1,11.2,15.1
2025-08-22 00:00:00,507.6,2407.8,492.9,954.1,4362.4,9.5,10.8,14.9
2025-08-22 01:00:00,517.0,2400.0,478.5,944.3,4339.8,9.2,10.5,14.8
2025-08-22 02:00:00,480.4,2369.3,471.1,944.7,4265.5,9.3,10.2,14.7
2025-08-22 03:00:00,469.5,,472.5,949.9,1891.9,6.7,9.0,14.2
2025-08-22 04:00:00,471.1,2433.2,494.9,955.0,4354.2,6.5,9.4,14.2
2025-08-22 05:00:00,481.1,2479.1,529.7,997.7,4487.6,6.6,9.4,13.9
2025-08-22 06:00:00,516.6,2705.5,581.2,1030.9,4834.2,7.2,9.6,13.9
2025-08-22 07:00:00,575.0,2912.4,653.4,1058.9,5199.7,8.1,10.7,13.4
2025-08-22 08:00:00,560.8,2991.6,687.3,1078.0,5317.7,9.3,11.5,13.7
2025-08-22 09:00:00,532.8,2948.5,643.9,1071.4,5196.6,10.8,12.6,14.6
2025-08-22 10:00:00,494.0,2941.7,641.6,1074.0,5151.3,12.0,13.8,15.3
2025-08-22 11:00:00,530.8,2967.4,611.7,1073.0,5182.9,13.1,14.9,16.0
2025-08-22 12:00:00,514.1,2951.8,597.9,1071.4,5135.2,13.8,12.9,16.7
2025-08-22 13:00:00,492.6,2935.5,571.7,1057.1,5056.9,14.3,10.3,16.9
2025-08-22 14:00:00,486.7,2979.5,547.0,1048.2,5061.4,14.5,10.8,17.8
2025-08-22 15:00:00,526.7,2961.6,503.3,1038.1,5029.7,14.3,11.2,17.5
2025-08-22 16:00:00,521.4,2884.7,537.8,1034.6,4978.5,14.3,10.9,17.5
2025-08-22 17:00:00,528.5,2904.6,589.6,1012.9,5035.6,14.1,10.3,17.4
2025-08-22 18:00:00,562.4,2918.9,627.5,1007.4,5116.2,13.4,10.4,17.3
2025-08-22 19:00:00,577.0,2909.1,645.1,996.4,5127.6,12.6,9.9,16.9
2025-08-22 20:00:00,549.2,2816.6,632.4,991.2,4989.4,11.4,9.4,16.3
2025-08-22 21:00:00,498.5,2770.4,605.1,999.7,4873.7,10.8,9.1,15.8
2025-08-22 22:00:00,475.4,2664.8,553.3,975.1,4668.6,10.6,9.2,15.0
2025-08-22 23:00:00,475.4,2477.8,528.3,933.7,4415.2,10.4,9.0,14.1
2025-08-23 00:00:00,460.2,2367.0,505.9,920.8,4253.9,10.1,9.1,13.9
2025-08-23 01:00:00,481.9,2349.5,494.6,918.4,4244.4,9.9,9.2,13.4
2025-08-23 02:00:00,476.8,2322.1,523.1,919.8,4241.8,9.3,9.2,13.2
2025-08-23 03:00:00,440.9,2309.1,510.8,915.4,4176.2,7.8,8.5,12.4
2025-08-23 04:00:00,440.3,2322.7,474.2,908.9,4146.1,7.4,8.6,11.9
2025-08-23 05:00:00,,2314.6,475.7,923.1,3713.4,7.1,8.4,11.7
2025-08-23 06:00:00,472.9,2319.8,482.0,957.0,4231.7,7.6,8.3,11.5
2025-08-23 07:00:00,498.3,2400.0,517.4,975.7,4391.4,8.4,8.5,12.0
2025-08-23 08:00:00,552.7,2546.2,560.2,994.4,4653.5,9.1,9.0,12.1
2025-08-23 09:00:00,629.0,2597.4,543.3,1007.3,4777.0,9.5,10.6,13.5
2025-08-23 10:00:00,650.3,2637.4,507.9,1025.0,4820.6,10.2,12.0,13.7
2025-08-23 11:00:00,650.7,2582.1,515.1,1050.7,4798.6,10.3,12.9,14.2
2025-08-23 12:00:00,589.2,2537.1,511.0,1065.2,4702.5,11.2,13.4,14.3
2025-08-23 13:00:00,527.5,2517.2,493.2,1064.5,4602.4,11.5,14.4,14.8
2025-08-23 14:00:00,546.2,2449.8,485.2,1057.6,4538.8,11.7,15.3,15.6
2025-08-23 15:00:00,534.2,2430.9,477.7,1038.1,4480.9,13.2,15.6,15.9
2025-08-23 16:00:00,570.9,2539.1,489.2,1010.7,4609.9,13.6,15.6,16.1
2025-08-23 17:00:00,540.5,2622.5,495.8,998.2,4657.0,13.1,15.7,16.0
2025-08-23 18:00:00,522.4,2621.8,521.4,1000.9,4666.5,12.9,15.2,16.0
2025-08-23 19:00:00,,2701.0,533.8,984.4,4219.2,12.2,13.0,15.7
2025-08-23 20:00:00,504.2,2640.0,527.4,986.7,4658.3,11.3,12.3,15.4
2025-08-23 21:00:00,529.3,2529.3,505.0,987.1,4550.7,10.5,12.4,15.0
2025-08-23 22:00:00,502.6,2422.4,473.1,962.3,4360.4,10.7,12.3,14.7
2025-08-23 23:00:00,477.2,2341.6,437.1,926.2,4182.1,9.1,12.7,14.6
2025-08-24 00:00:00,554.3,2294.1,417.6,,3266.0,9.7,12.3,14.5
2025-08-24 01:00:00,501.9,2258.2,424.8,895.4,4080.3,8.9,12.0,14.5
2025-08-24 02:00:00,434.0,2234.5,438.6,884.1,3991.2,8.3,12.0,14.2
2025-08-24 03:00:00,,2196.7,468.5,880.3,3545.5,9.0,11.7,13.1
2025-08-24 04:00:00,505.2,2191.5,451.2,880.0,4027.9,8.6,11.6,12.9
2025-08-24 05:00:00,506.4,2170.9,452.9,881.2,4011.4,8.3,11.6,12.7
2025-08-24 06:00:00,480.6,2169.0,440.9,917.8,4008.3,8.4,11.3,12.4
2025-08-24 07:00:00,554.3,2241.3,471.4,950.5,4217.5,9.0,11.7,12.4
2025-08-24 08:00:00,608.9,2349.5,507.3,982.9,4448.6,9.7,12.4,13.1
2025-08-24 09:00:00,556.9,2411.4,484.9,1028.3,4481.5,10.4,13.4,14.0
2025-08-24 10:00:00,581.1,2457.0,467.9,1048.1,4554.1,10.8,14.7,15.0
2025-08-24 11:00:00,520.2,2497.0,483.1,1053.5,4553.8,11.7,15.1,16.3
2025-08-24 12:00:00,473.7,2519.5,497.2,1042.3,4532.7,11.9,15.7,17.3
2025-08-24 13:00:00,483.9,2516.6,507.9,1048.1,4556.5,12.5,15.4,18.0
2025-08-24 14:00:00,474.0,2500.0,526.0,1061.7,4561.7,12.2,15.6,18.8
2025-08-24 15:00:00,476.6,2515.6,505.3,1060.6,4558.1,13.2,16.6,18.9
2025-08-24 16:00:00,551.9,2608.1,498.7,1048.2,4706.9,13.2,14.2,18.8
2025-08-24 17:00:00,511.7,2736.1,514.8,1036.5,4799.1,11.9,14.0,18.7
2025-08-24 18:00:00,513.5,2791.9,544.1,1017.8,4867.3,11.9,13.7,18.5
2025-08-24 19:00:00,504.8,2802.0,586.1,1013.4,4906.3,12.2,12.7,17.1
2025-08-24 20:00:00,513.7,2820.5,578.6,1022.2,4935.0,11.7,12.7,16.9
2025-08-24 21:00:00,555.7,2716.3,537.5,1030.8,4840.3,11.6,12.6,16.4
2025-08-24 22:00:00,506.8,2547.5,530.0,1018.0,4602.3,10.9,12.5,16.0
2025-08-24 23:00:00,477.2,2401.9,505.0,1007.4,4391.5,10.0,12.1,15.6
2025-08-25 00:00:00,530.4,2411.0,469.1,1001.5,4412.0,9.6,11.7,15.0
2025-08-25 01:00:00,509.5,2381.1,464.2,984.3,4339.1,9.3,11.5,14.9
2025-08-25 02:00:00,502.2,2410.1,476.8,974.0,4363.1,9.1,11.1,14.8
2025-08-25 03:00:00,479.6,2403.2,478.3,985.2,4346.3,9.1,10.0,14.3
2025-08-25 04:00:00,470.5,2433.2,479.7,1001.6,4385.0,8.9,9.8,14.0
2025-08-25 05:00:00,497.3,2528.0,538.4,1046.4,4610.1,8.6,9.6,13.8
2025-08-25 06:00:00,535.0,2761.9,611.4,1085.7,4994.0,8.8,9.6,13.5
2025-08-25 07:00:00,588.6,2984.7,693.9,1100.8,5368.0,9.5,10.3,13.6
2025-08-25 08:00:00,673.2,3096.1,709.5,1108.3,5587.1,10.5,11.3,14.1
2025-08-25 09:00:00,678.3,3073.3,713.2,1131.0,5595.8,11.9,12.4,14.6
2025-08-25 10:00:00,660.6,3037.2,742.5,1130.5,5570.8,12.8,13.3,15.4
2025-08-25 11:00:00,646.6,2974.3,738.5,1141.8,5501.2,13.0,13.5,16.2
2025-08-25 12:00:00,638.3,2996.4,722.1,1142.7,5499.5,12.5,13.9,16.4
2025-08-25 13:00:00,619.4,2933.9,703.7,1146.9,5403.9,12.5,14.5,17.0
2025-08-25 14:00:00,575.4,2842.3,647.1,1145.3,5210.1,12.5,14.7,17.7
2025-08-25 15:00:00,595.7,2842.7,627.2,1142.6,5208.2,13.5,15.0,17.7
2025-08-25 16:00:00,601.2,2850.2,615.4,1123.9,5190.7,12.9,15.7,18.0
2025-08-25 17:00:00,711.9,2879.2,638.2,1080.8,5310.1,13.1,15.7,18.4
2025-08-25 18:00:00,607.2,2935.5,664.6,1067.1,5274.4,13.4,15.1,18.5
2025-08-25 19:00:00,386.1,2947.2,692.2,1055.9,5081.4,12.7,14.1,18.4
2025-08-25 20:00:00,523.0,2956.4,679.6,1050.2,5209.2,12.5,12.9,17.4
2025-08-25 21:00:00,476.4,2922.8,658.0,1086.2,5143.4,11.4,12.0,16.2
2025-08-25 22:00:00,460.8,2729.0,619.2,1060.3,4869.3,10.4,11.5,15.6
2025-08-25 23:00:00,514.1,2554.4,582.7,1030.1,4681.3,10.3,11.1,14.5
2025-08-26 00:00:00,564.2,2447.2,569.7,997.0,4578.1,10.0,10.9,14.3
2025-08-26 01:00:00,555.3,2388.5,564.0,983.7,4491.5,9.7,10.9,13.5
2025-08-26 02:00:00,619.2,2385.9,553.9,968.6,4527.6,9.9,10.9,12.9
2025-08-26 03:00:00,671.0,2426.7,549.6,965.8,4613.1,10.1,10.1,12.0
2025-08-26 04:00:00,630.6,2401.9,563.1,983.0,4578.6,9.8,10.3,13.6
2025-08-26 05:00:00,638.3,2438.1,598.2,1007.2,4681.8,9.5,10.2,13.8
2025-08-26 06:00:00,586.8,2645.3,652.8,1021.5,4906.4,9.7,9.9,13.7
2025-08-26 07:00:00,579.9,2875.6,726.7,1034.0,5216.2,10.3,10.0,13.9
2025-08-26 08:00:00,448.4,2965.5,698.0,1053.3,5165.2,11.2,10.7,14.3
2025-08-26 09:00:00,472.7,2975.6,676.1,1052.3,5176.7,12.1,12.0,14.7
2025-08-26 10:00:00,526.3,2987.3,674.1,1052.5,5240.2,12.4,13.3,15.4
2025-08-26 11:00:00,532.4,2915.0,656.8,1064.6,5168.8,13.1,14.4,16.4
2025-08-26 12:00:00,513.5,2901.3,638.7,1064.2,5117.7,13.5,14.3,17.3
2025-08-26 13:00:00,527.5,2893.8,616.9,1066.0,5104.2,14.3,14.8,17.8
2025-08-26 14:00:00,529.1,2918.9,610.5,1041.9,5100.4,14.8,15.8,18.2
2025-08-26 15:00:00,546.8,2907.5,613.7,1043.4,5111.4,14.6,12.9,18.8
2025-08-26 16:00:00,544.8,2884.7,599.0,1043.4,5071.9,14.6,14.6,18.5
2025-08-26 17:00:00,547.8,2961.6,652.0,1023.4,5184.8,14.7,15.0,18.6
2025-08-26 18:00:00,545.0,2953.4,657.4,1023.1,5178.9,14.5,14.8,18.0
2025-08-26 19:00:00,536.6,2936.8,648.2,1012.1,5133.7,14.0,14.2,17.2
2025-08-26 20:00:00,540.9,2970.7,643.3,1022.8,5177.7,12.8,12.5,16.8
2025-08-26 21:00:00,555.1,2898.1,636.4,1018.9,5108.5,12.2,11.7,16.6
2025-08-26 22:00:00,542.5,2747.9,609.1,979.2,4878.7,11.7,11.0,16.5
2025-08-26 23:00:00,535.0,2584.3,562.2,945.8,4627.3,11.3,10.2,16.5
2025-08-27 00:00:00,514.5,2485.3,521.4,928.5,4449.7,10.6,9.7,16.5
2025-08-27 01:00:00,558.6,2380.4,491.2,928.7,4358.9,10.1,9.4,16.6
2025-08-27 02:00:00,568.1,,501.3,935.6,2005.0,9.8,9.0,16.4
2025-08-27 03:00:00,513.3,2341.6,510.5,943.6,4309.0,8.9,7.0,15.7
2025-08-27 04:00:00,,2374.5,517.9,950.9,3843.3,8.6,7.0,15.6
2025-08-27 05:00:00,479.2,,552.5,991.6,2023.3,8.4,7.0,15.5
2025-08-27 06:00:00,498.3,2727.0,606.8,1031.6,4863.7,8.6,7.1,15.3
2025-08-27 07:00:00,480.0,2906.5,675.0,1055.6,5117.1,9.1,8.1,15.3
2025-08-27 08:00:00,528.5,2971.0,708.0,1066.8,5274.3,9.9,9.2,16.1
2025-08-27 09:00:00,517.2,2978.8,709.8,1057.9,5263.7,10.6,11.1,17.0
2025-08-27 10:00:00,534.2,2974.0,718.4,1062.7,5289.3,11.3,13.1,17.4
2025-08-27 11:00:00,507.2,3013.4,734.8,1063.5,5318.9,12.5,14.6,18.2
2025-08-27 12:00:00,498.1,2993.8,712.9,1068.9,5273.7,13.6,15.8,19.8
2025-08-27 13:00:00,515.9,2882.7,701.4,1052.8,5152.8,14.1,16.3,20.4
2025-08-27 14:00:00,527.9,2823.1,683.3,1051.7,5086.0,14.9,16.8,20.8
2025-08-27 15:00:00,509.1,2887.6,661.5,1047.2,5105.4,14.5,15.8,20.7
2025-08-27 16:00:00,500.5,2878.5,671.8,1043.5,5094.3,14.6,16.1,20.8
2025-08-27 17:00:00,488.1,2947.2,680.7,1033.8,5149.8,14.6,16.7,20.6
2025-08-27 18:00:00,495.0,2920.2,666.3,1033.7,5115.2,14.5,16.3,20.0
2025-08-27 18:00:00,495.0,2920.2,666.3,1033.7,5115.2,14.5,16.3,20.0
2025-08-27 19:00:00,495.3,2865.5,654.3,1024.9,5040.0,13.7,15.2,19.5
2025-08-27 20:00:00,474.4,2852.1,656.3,1015.3,4998.1,12.8,13.8,18.3
2025-08-27 21:00:00,488.1,2726.7,610.3,1017.6,4842.7,12.5,13.0,17.8
2025-08-27 22:00:00,496.3,2608.1,566.3,1003.3,4674.0,11.1,12.7,17.8
2025-08-27 23:00:00,486.7,2488.2,534.6,972.3,4481.8,11.6,12.5,17.3
2025-08-28 00:00:00,462.4,2352.4,547.9,930.2,4292.9,10.0,12.5,16.9
2025-08-28 01:00:00,481.7,2318.5,522.0,907.0,4229.2,9.7,12.8,16.5
2025-08-28 02:00:00,474.2,2313.9,508.2,896.4,4192.7,9.5,13.1,15.7
2025-08-28 03:00:00,447.2,2281.4,508.5,897.4,4134.5,9.1,12.3,14.9
2025-08-28 04:00:00,462.2,2292.1,515.4,924.8,4194.5,8.7,11.4,15.2
2025-08-28 05:00:00,472.7,2367.0,541.0,987.0,4367.7,8.5,11.3,15.3
2025-08-28 06:00:00,516.6,2628.3,595.9,1032.4,4773.2,9.6,11.7,15.7
2025-08-28 07:00:00,546.8,2873.9,672.1,1066.0,5158.8,11.3,12.9,15.8
2025-08-28 08:00:00,527.1,2968.7,692.2,1083.5,5271.5,12.3,14.2,16.9
2025-08-28 09:00:00,530.8,2993.2,689.9,1070.5,5284.4,12.3,16.0,18.1
2025-08-28 10:00:00,539.7,3021.8,676.1,1064.0,5301.6,12.5,17.5,19.5
2025-08-28 11:00:00,520.0,2991.6,,1065.5,4577.1,12.7,18.2,20.7
2025-08-28 12:00:00,543.5,2928.0,640.5,1055.6,5167.6,13.1,18.5,20.8
2025-08-28 13:00:00,524.5,2890.6,649.9,1049.8,5114.8,13.7,19.5,21.1
2025-08-28 14:00:00,502.4,2840.7,665.5,1049.7,5058.3,13.8,20.0,21.8
2025-08-28 15:00:00,503.8,2789.6,680.4,1049.5,5023.3,14.2,19.5,21.8
2025-08-28 16:00:00,522.0,2829.6,672.7,1041.7,5066.0,13.9,19.1,21.4
2025-08-28 17:00:00,529.1,2821.2,678.4,1030.0,5058.7,13.9,18.6,20.4
2025-08-28 18:00:00,526.9,2778.5,657.4,1032.2,4995.0,13.6,17.7,18.1
2025-08-28 19:00:00,553.3,2800.3,641.3,1027.2,5022.1,13.2,16.6,18.1
2025-08-28 20:00:00,554.7,2858.0,663.2,1033.4,5109.3,12.9,15.2,17.8
2025-08-28 21:00:00,507.8,2762.9,629.2,1019.0,4918.9,12.8,14.5,17.2
2025-08-28 22:00:00,499.1,2564.8,585.8,986.7,4636.4,12.6,14.1,16.9
2025-08-28 23:00:00,516.1,2420.1,533.8,951.8,4421.8,12.4,13.9,16.7
2025-08-29 00:00:00,510.5,2294.4,507.3,937.5,4249.7,12.3,13.8,16.4
2025-08-29 01:00:00,511.7,2254.7,505.0,908.8,4180.2,12.1,13.9,16.1
2025-08-29 02:00:00,521.4,2215.2,503.3,899.1,4139.0,11.7,14.0,16.1
2025-08-29 03:00:00,505.6,2210.7,510.5,908.4,4135.2,11.7,14.7,16.5
2025-08-29 04:00:00,499.5,2235.4,489.5,925.0,4149.4,11.7,14.8,16.2
2025-08-29 05:00:00,475.2,2313.6,526.3,982.0,4297.1,11.9,14.9,16.4
2025-08-29 06:00:00,476.4,2536.4,600.5,1030.2,4643.5,12.2,14.8,16.5
2025-08-29 07:00:00,466.2,2817.9,679.6,1065.7,5029.4,12.4,14.8,17.1
2025-08-29 08:00:00,471.7,2963.5,712.6,1081.7,5229.5,12.7,15.1,17.6
2025-08-29 09:00:00,502.8,3031.6,712.9,1077.4,5324.7,13.0,15.4,17.6
2025-08-29 10:00:00,475.2,3055.1,726.2,1083.7,5340.2,13.5,15.9,17.7
2025-08-29 11:00:00,510.5,3031.3,714.9,1085.6,5342.3,13.8,16.6,18.0
2025-08-29 12:00:00,560.6,3027.1,691.9,1076.2,5355.8,14.8,17.7,18.2
2025-08-29 13:00:00,565.3,2994.5,687.6,1065.6,5313.0,15.1,18.1,18.8
2025-08-29 14:00:00,587.2,2935.8,652.8,1055.2,5231.0,15.0,17.9,19.3
2025-08-29 15:00:00,588.4,2880.1,644.2,1048.7,5161.4,15.2,16.2,19.5
2025-08-29 16:00:00,616.8,2893.8,637.6,1040.3,5188.5,15.1,15.9,19.8
2025-08-29 17:00:00,614.1,2903.6,647.6,1020.9,5186.2,14.9,15.8,19.6
2025-08-29 18:00:00,597.7,2852.1,622.3,1026.3,5098.4,14.0,15.8,19.4
2025-08-29 19:00:00,553.7,2797.7,,1027.1,4378.5,12.7,15.4,18.3
2025-08-29 20:00:00,543.3,2700.3,603.9,1025.5,4873.0,11.2,15.1,17.4
2025-08-29 21:00:00,544.3,2622.8,579.8,1033.6,4780.5,11.0,15.0,17.0
2025-08-29 22:00:00,536.2,2468.4,,1027.8,4032.4,11.5,14.9,16.7
2025-08-29 23:00:00,533.2,2355.0,519.4,990.9,4398.5,11.1,14.8,16.4
2025-08-30 00:00:00,514.7,2250.4,495.5,949.2,4209.8,11.7,14.5,16.2
2025-08-30 01:00:00,488.4,2197.6,482.6,929.3,4097.9,11.3,14.2,15.5
2025-08-30 02:00:00,481.5,2167.4,467.9,932.6,4049.4,11.3,13.9,15.2
2025-08-30 03:00:00,493.2,2151.7,463.3,932.6,4040.8,10.5,14.3,15.5
2025-08-30 04:00:00,469.3,2140.3,463.9,952.8,4026.3,10.3,14.3,15.3
2025-08-30 05:00:00,491.8,2142.3,469.9,957.9,4061.9,10.2,14.2,15.2
2025-08-30 06:00:00,496.5,2151.7,461.9,963.3,4073.4,10.2,13.9,14.8
2025-08-30 07:00:00,521.0,2262.8,483.1,979.1,4246.0,10.5,14.0,15.0
2025-08-30 08:00:00,523.7,2404.2,524.0,982.4,4434.3,11.1,14.8,15.8
2025-08-30 09:00:00,518.6,2539.7,549.0,991.0,4598.3,12.1,15.7,17.5
2025-08-30 10:00:00,498.9,2596.4,570.6,1005.5,4671.4,13.0,16.8,18.5
2025-08-30 11:00:00,491.8,2627.7,600.2,1010.3,4730.0,13.7,17.4,19.2
2025-08-30 12:00:00,527.9,2639.7,608.5,1012.9,4789.0,14.4,18.4,19.9
2025-08-30 13:00:00,541.3,2608.8,600.8,1010.2,4761.1,14.8,19.1,20.3
2025-08-30 14:00:00,524.1,2529.0,564.0,1010.7,4627.8,15.1,19.6,20.2
2025-08-30 15:00:00,549.8,2505.2,534.6,1003.9,4593.5,15.6,18.1,19.7
2025-08-30 16:00:00,559.6,2491.2,532.9,1017.8,4601.5,15.5,18.2,19.6
2025-08-30 17:00:00,539.7,2550.5,532.0,1012.1,4634.3,15.3,18.4,19.3
2025-08-30 18:00:00,542.3,2556.6,536.1,1012.8,4647.8,14.7,17.9,18.8
2025-08-30 19:00:00,554.3,2552.4,533.2,1010.1,4650.0,13.7,17.5,18.4
2025-08-30 20:00:00,526.9,2537.4,553.3,994.2,4611.8,13.3,16.8,17.7
2025-08-30 21:00:00,517.2,2472.9,538.4,990.3,4518.8,12.3,16.2,17.4
2025-08-30 22:00:00,517.2,2357.6,495.5,964.6,4334.9,12.1,14.9,17.3
2025-08-30 23:00:00,510.1,2285.3,482.3,928.0,4205.7,11.8,13.7,17.1
2025-08-31 00:00:00,505.6,2211.3,448.9,927.5,4093.3,11.3,13.3,16.8
2025-08-31 01:00:00,482.9,2149.8,439.1,907.0,3978.8,11.4,12.8,16.5
2025-08-31 02:00:00,493.0,2098.0,438.0,893.3,3922.3,11.3,12.3,16.3
2025-08-31 03:00:00,509.0,2018.1,439.4,883.6,3850.1,9.8,12.2,15.7
2025-08-31 04:00:00,510.5,2010.0,447.2,888.7,3856.4,9.6,11.8,15.0
2025-08-31 05:00:00,508.2,2093.4,454.4,877.2,3933.2,9.4,11.6,14.8
2025-08-31 06:00:00,492.4,2094.7,457.0,885.8,3929.9,9.4,12.2,15.3
2025-08-31 07:00:00,486.9,2170.3,471.9,901.9,4031.0,10.0,12.8,15.1
2025-08-31 08:00:00,504.8,2287.6,493.2,917.7,4203.3,10.9,13.6,16.1
2025-08-31 09:00:00,520.0,2423.7,518.2,938.8,4400.7,11.7,15.1,17.8
2025-08-31 10:00:00,519.2,2551.4,533.8,949.7,4554.1,12.6,16.1,19.6
2025-08-31 11:00:00,500.1,2599.6,535.8,958.2,4593.7,13.4,17.1,20.4
2025-08-31 12:00:00,472.3,2596.4,525.4,962.4,4556.5,14.0,17.5,20.8
2025-08-31 13:00:00,506.4,2566.7,508.7,957.1,4538.9,14.3,17.8,21.0
2025-08-31 14:00:00,509.7,2560.2,499.5,958.4,4527.8,14.5,18.2,21.3
2025-08-31 15:00:00,502.6,2575.2,515.1,966.7,4559.6,15.0,16.1,21.9
2025-08-31 16:00:00,536.2,2605.8,525.1,968.7,4635.8,14.8,16.9,22.2
2025-08-31 17:00:00,551.9,2658.9,545.0,965.6,4721.4,14.4,17.3,22.2
2025-08-31 18:00:00,535.6,2704.5,576.9,973.4,4790.4,13.7,17.5,21.9
2025-08-31 19:00:00,514.9,2704.7,579.2,973.8,4772.6,12.6,16.7,20.9
2025-08-31 20:00:00,531.6,2704.9,573.4,961.4,4771.3,11.3,14.8,19.4
2025-08-31 21:00:00,478.2,2612.7,544.4,967.1,4602.4,11.5,14.4,18.4
2025-08-31 22:00:00,489.2,2486.9,502.1,935.8,4414.0,11.6,13.9,18.1
2025-08-31 23:00:00,485.7,2324.0,473.1,902.2,4185.0,11.6,13.4,17.9
2025-09-01 00:00:00,494.4,2256.0,449.8,870.3,4070.5,11.5,12.9,17.7
2025-09-01 01:00:00,515.3,2210.0,432.0,852.7,4010.0,11.3,13.1,17.5
2025-09-01 02:00:00,553.5,2220.5,435.4,848.6,4058.0,11.4,12.8,17.4
2025-09-01 03:00:00,549.0,2208.4,446.6,856.3,4060.3,11.6,13.2,17.5
2025-09-01 04:00:00,558.6,2198.0,451.8,,3208.4,11.9,13.2,17.5
2025-09-01 05:00:00,,2277.5,468.5,934.2,3680.2,11.5,13.3,17.4
2025-09-01 06:00:00,572.1,2526.4,545.3,993.1,4636.9,11.2,13.2,17.3
2025-09-01 07:00:00,635.2,2825.7,629.5,1031.6,5122.0,11.7,13.4,17.3
2025-09-01 08:00:00,638.5,2913.4,646.8,1060.9,5259.6,12.6,14.2,18.2
2025-09-01 09:00:00,589.0,2973.3,650.5,1064.6,5277.4,13.9,15.4,19.6
2025-09-01 10:00:00,565.7,,645.1,1084.2,2295.0,14.9,17.0,20.8
2025-09-01 11:00:00,553.1,2986.3,641.9,1086.1,5267.4,15.8,17.9,21.7
2025-09-01 12:00:00,554.3,3006.2,643.3,1086.4,5290.2,16.3,18.4,22.5
2025-09-01 13:00:00,524.7,2973.0,648.5,1074.0,5220.2,16.3,19.4,22.8
2025-09-01 14:00:00,551.3,2963.5,643.9,1057.7,5216.4,16.1,19.6,23.1
2025-09-01 15:00:00,542.5,2943.0,675.5,1038.6,5199.6,16.4,17.3,23.3
2025-09-01 16:00:00,567.3,2962.9,657.7,1026.2,5214.1,16.2,17.3,22.6
2025-09-01 17:00:00,546.4,2993.2,659.7,998.8,5198.1,15.6,17.1,22.0
2025-09-01 18:00:00,514.1,2914.3,657.1,1001.4,5086.9,15.0,16.6,21.8
2025-09-01 19:00:00,507.2,2855.1,654.3,999.7,5016.3,14.5,16.2,21.0
2025-09-01 20:00:00,558.4,2805.2,656.3,989.2,5009.1,14.2,15.6,20.4
2025-09-01 21:00:00,574.2,2668.7,628.1,986.5,4857.5,14.2,14.9,20.1
2025-09-01 22:00:00,602.6,2557.6,591.9,956.4,4708.5,14.0,14.3,19.0
2025-09-01 23:00:00,532.6,2438.1,561.7,937.7,4470.1,13.8,14.3,18.6
2025-09-02 00:00:00,478.4,2375.2,532.9,914.0,4300.5,13.4,14.5,18.6
2025-09-02 01:00:00,483.3,2275.8,523.1,898.9,4181.1,13.1,14.6,18.4
2025-09-02 02:00:00,446.0,2250.4,505.0,895.5,4096.9,12.8,14.2,18.1
2025-09-02 03:00:00,482.9,2272.2,510.2,911.3,4176.6,13.0,14.5,17.8
2025-09-02 04:00:00,512.1,2271.3,515.4,936.5,4235.3,12.9,14.7,17.7
2025-09-02 05:00:00,438.8,2373.6,547.9,997.6,4357.9,13.1,14.7,17.4
2025-09-02 06:00:00,454.1,2558.3,617.2,1035.8,4665.4,13.1,14.4,17.2
2025-09-02 07:00:00,533.4,2799.0,688.8,1071.3,5092.5,13.1,14.5,17.0
2025-09-02 08:00:00,522.4,2887.0,714.9,1080.8,5205.1,13.1,15.5,17.2
2025-09-02 09:00:00,537.3,2928.4,709.5,1063.9,5239.1,13.4,17.5,17.9
2025-09-02 10:00:00,,2968.4,716.1,1063.7,4748.2,14.0,18.4,18.5
2025-09-02 11:00:00,613.3,2950.2,737.4,1071.3,5372.2,14.5,19.2,18.7
2025-09-02 12:00:00,607.0,2897.1,754.6,1061.1,5319.8,15.0,19.9,18.2
2025-09-02 13:00:00,624.5,2968.1,746.9,1055.1,5394.6,15.0,19.8,18.2
2025-09-02 14:00:00,582.5,,737.4,1050.4,2370.3,15.0,19.2,18.7
2025-09-02 15:00:00,561.8,3005.2,733.5,1046.3,5346.8,15.0,19.1,18.5
2025-09-02 16:00:00,594.1,2988.9,729.6,1036.4,5349.0,14.7,19.0,18.2
2025-09-02 17:00:00,609.7,3033.6,725.3,1024.2,5392.8,14.5,18.1,18.1
2025-09-02 18:00:00,594.3,2954.4,704.6,1026.1,5279.4,14.4,17.2,18.0
2025-09-02 19:00:00,579.2,2894.5,669.5,1036.5,5179.7,14.0,16.8,17.8
2025-09-02 20:00:00,585.9,2889.3,691.4,1024.3,5190.9,13.6,16.5,17.4
2025-09-02 21:00:00,514.3,2823.1,637.6,1015.0,4990.0,13.4,16.3,17.2
2025-09-02 22:00:00,537.5,2662.5,577.8,995.4,4773.2,13.4,16.1,17.3
2025-09-02 23:00:00,463.6,2457.9,544.1,954.8,4420.4,13.6,15.8,17.5
2025-09-03 00:00:00,506.6,2337.4,525.1,933.4,4302.5,13.4,15.7,17.5
2025-09-03 01:00:00,472.1,2299.9,503.0,916.3,4191.3,14.0,15.8,17.2
2025-09-03 02:00:00,468.5,2302.2,476.2,920.2,4167.1,14.3,16.0,16.8
2025-09-03 03:00:00,462.8,2272.6,472.8,923.8,4132.0,14.1,16.1,16.7
2025-09-03 04:00:00,433.4,2221.8,471.1,952.4,4078.7,13.9,16.2,16.4
2025-09-03 05:00:00,444.5,2268.7,492.6,1006.8,4212.6,13.7,16.2,15.7
2025-09-03 06:00:00,585.9,2582.4,567.7,1057.3,4793.3,13.7,16.1,14.9
2025-09-03 07:00:00,,2821.8,649.7,1093.8,4565.3,13.9,16.3,16.0
2025-09-03 08:00:00,593.4,2902.6,665.2,1108.6,5269.8,14.1,16.8,16.9
2025-09-03 09:00:00,592.2,2916.9,669.2,1108.0,5286.3,14.4,17.4,17.8
2025-09-03 10:00:00,584.9,2923.5,672.7,1109.0,5290.1,14.9,17.9,19.0
2025-09-03 11:00:00,571.3,2946.9,672.1,1104.6,5294.9,14.9,18.6,20.0
2025-09-03 12:00:00,619.4,2938.8,658.0,1097.9,5314.1,14.9,19.5,20.7
2025-09-03 13:00:00,657.0,,641.9,1099.8,2398.7,14.3,20.3,20.8
2025-09-03 14:00:00,596.3,2863.2,628.4,1094.5,5182.4,14.0,20.7,21.2
2025-09-03 15:00:00,562.4,2839.1,615.1,1095.5,5112.1,14.7,20.9,21.5
2025-09-03 16:00:00,526.5,2817.3,616.3,1100.6,5060.7,14.0,20.9,21.4
2025-09-03 17:00:00,569.3,2891.5,631.5,1097.3,5189.6,13.8,20.8,21.1
2025-09-03 18:00:00,607.7,2943.7,639.9,1106.1,5297.4,13.5,19.6,20.8
2025-09-03 19:00:00,568.1,2858.0,642.5,1116.0,5184.6,14.0,17.7,20.3
2025-09-03 20:00:00,464.2,2783.4,656.0,1087.3,4990.9,13.6,16.5,19.9
2025-09-03 21:00:00,493.2,2637.8,612.0,1069.9,4812.9,13.8,15.7,20.0
2025-09-03 22:00:00,537.0,2516.9,594.2,1024.7,4672.8,14.0,15.6,20.0
2025-09-03 23:00:00,484.3,2390.2,536.3,974.7,4385.5,14.3,15.5,19.8
2025-09-04 00:00:00,424.0,2300.3,513.6,933.3,4171.2,14.2,15.6,19.6
2025-09-04 01:00:00,435.2,2243.9,495.5,912.2,4086.8,14.0,15.6,19.4
2025-09-04 02:00:00,417.3,2206.4,491.8,900.3,4015.8,14.1,15.5,19.1
2025-09-04 03:00:00,470.9,2189.5,487.2,900.0,4047.6,14.2,15.7,18.9
2025-09-04 04:00:00,447.8,2207.1,481.4,925.9,4062.2,14.1,15.4,18.8
2025-09-04 05:00:00,432.6,2327.0,499.3,986.2,4245.1,13.5,15.6,18.5
2025-09-04 06:00:00,467.9,2559.9,543.5,1044.3,4615.6,13.2,15.7,18.3
2025-09-04 07:00:00,446.4,2816.0,626.4,1072.0,4960.8,13.1,16.0,18.3
2025-09-04 08:00:00,478.6,2867.4,661.2,1080.1,5087.3,13.2,17.0,19.1
2025-09-04 09:00:00,518.8,2898.7,656.6,1096.6,5170.7,13.3,18.2,19.8
2025-09-04 10:00:00,541.9,2955.4,638.4,1111.6,5247.3,13.9,19.5,20.2
2025-09-04 11:00:00,517.6,2909.8,649.1,1106.6,5183.1,14.8,20.5,20.6
2025-09-04 12:00:00,523.9,2894.1,651.7,1081.2,5150.9,16.2,21.2,21.0
2025-09-04 13:00:00,521.2,2890.9,639.9,1065.6,5117.6,16.4,21.6,21.2
2025-09-04 14:00:00,515.3,2895.1,628.7,1045.7,5084.8,16.3,21.5,21.4
2025-09-04 15:00:00,564.4,2882.1,637.3,1025.0,5108.8,15.2,22.3,21.7
2025-09-04 16:00:00,572.1,2897.4,649.4,1031.7,5150.6,15.1,22.2,21.4
2025-09-04 17:00:00,537.2,2916.6,660.9,1046.2,5160.9,14.9,21.4,21.3
2025-09-04 18:00:00,622.9,2936.2,673.8,1050.1,5283.0,14.8,20.4,20.9
2025-09-04 19:00:00,602.8,2861.9,641.9,1070.6,5177.2,14.7,19.1,20.0
2025-09-04 20:00:00,595.7,2858.3,652.8,1055.4,5162.2,14.8,17.8,19.0
2025-09-04 21:00:00,577.8,2715.9,595.9,1046.6,4936.2,14.8,17.3,18.7
2025-09-04 22:00:00,471.7,2592.5,558.5,1014.5,4637.2,15.0,17.0,18.5
2025-09-04 23:00:00,451.8,2459.9,501.6,967.6,4380.9,15.1,16.8,18.2
2025-09-05 00:00:00,446.0,2402.2,490.3,943.0,4281.5,15.0,16.5,18.1
2025-09-05 01:00:00,441.7,2280.1,487.5,923.3,4132.6,14.9,16.2,17.8
2025-09-05 02:00:00,431.7,2248.8,481.7,909.9,4072.1,14.7,15.6,17.5
2025-09-05 03:00:00,454.1,2208.7,468.8,910.0,4041.6,14.5,14.5,17.4
2025-09-05 04:00:00,482.9,2232.2,477.4,936.7,4129.2,14.5,14.3,17.9
2025-09-05 05:00:00,493.2,2340.0,491.8,993.1,4318.1,14.3,14.3,17.9
2025-09-05 06:00:00,486.3,2529.0,538.7,1034.4,4588.4,14.2,14.4,17.2
2025-09-05 07:00:00,546.4,2755.0,602.2,1067.7,4971.3,14.7,15.0,17.2
2025-09-05 08:00:00,565.2,2889.6,626.4,1063.4,5144.6,14.7,15.9,17.9
2025-09-05 09:00:00,570.5,2966.1,657.1,1057.8,5251.5,14.8,17.3,19.1
2025-09-05 10:00:00,607.7,3003.0,687.9,1058.8,5357.4,15.2,19.7,19.2
2025-09-05 11:00:00,567.9,2988.0,707.8,1054.4,5318.1,15.3,21.5,18.4
2025-09-05 12:00:00,577.6,2921.5,699.4,1041.9,5240.4,15.6,22.7,18.3
2025-09-05 13:00:00,562.0,2857.7,668.6,1017.4,5105.7,15.7,23.4,17.9
2025-09-05 14:00:00,570.5,2845.6,629.5,1006.6,5052.2,15.8,24.1,18.0
2025-09-05 15:00:00,604.4,2845.0,605.4,1010.6,5065.4,15.1,24.7,18.3
2025-09-05 16:00:00,615.2,2825.7,610.0,1008.6,5059.5,15.3,23.0,17.9
2025-09-05 17:00:00,647.6,2909.1,647.6,1010.7,5215.0,15.1,21.9,17.7
2025-09-05 18:00:00,592.4,2851.5,653.1,1023.8,5120.8,14.9,20.3,18.0
2025-09-05 19:00:00,570.5,2770.7,622.9,1040.5,5004.6,14.6,19.3,18.1
2025-09-05 20:00:00,569.1,2721.8,615.7,1027.1,4933.7,14.3,18.2,17.8
2025-09-05 21:00:00,578.4,2598.7,,1008.5,4185.6,14.4,17.6,17.6
2025-09-05 22:00:00,604.2,2461.5,529.7,990.3,4585.7,14.6,17.3,17.3
2025-09-05 23:00:00,544.1,,493.8,966.3,2004.2,14.4,16.9,16.9
2025-09-06 00:00:00,525.3,2230.9,488.9,947.9,4193.0,14.0,16.5,16.5
2025-09-06 01:00:00,553.9,2147.8,471.9,918.8,4092.4,14.0,16.3,16.2
2025-09-06 02:00:00,556.9,2098.3,,911.6,3566.8,13.8,15.7,16.0
2025-09-06 03:00:00,531.6,2069.3,453.8,888.6,3943.3,13.5,15.5,15.6
2025-09-06 04:00:00,532.0,2028.2,437.7,895.4,3893.3,13.7,15.9,15.4
2025-09-06 05:00:00,471.3,2024.7,439.4,884.4,3819.8,14.1,15.7,15.1
2025-09-06 06:00:00,498.9,2045.5,434.0,904.2,3882.6,14.2,14.9,14.9
2025-09-06 07:00:00,522.2,2162.8,466.2,916.3,4067.5,14.5,15.4,14.9
2025-09-06 08:00:00,503.0,2305.8,506.4,915.6,4230.8,14.7,16.7,15.2
2025-09-06 09:00:00,503.4,2435.1,508.2,924.9,4371.6,14.8,17.7,15.7
2025-09-06 10:00:00,524.5,2512.7,536.1,955.4,4528.7,15.3,18.6,16.3
2025-09-06 11:00:00,521.8,2537.8,527.1,975.0,4561.7,15.9,19.4,17.1
2025-09-06 12:00:00,514.7,2509.7,519.4,970.5,4514.3,16.1,20.7,17.8
2025-09-06 13:00:00,474.8,2477.8,513.3,969.4,4435.3,16.3,20.8,18.5
2025-09-06 14:00:00,475.2,2472.6,507.3,967.6,4422.7,16.4,20.6,18.9
2025-09-06 15:00:00,488.8,2446.9,501.3,979.1,4416.1,16.1,18.5,19.1
2025-09-06 16:00:00,,2484.0,508.5,979.8,3972.3,15.8,18.2,19.2
2025-09-06 17:00:00,529.1,2549.5,537.8,975.6,4592.0,15.7,18.9,18.9
2025-09-06 18:00:00,537.7,2558.6,569.1,978.9,4644.3,15.5,19.0,18.5
2025-09-06 19:00:00,537.5,2546.5,560.8,994.9,4639.7,14.7,18.7,17.7
2025-09-06 20:00:00,510.5,2558.3,572.6,977.1,4618.5,14.0,18.0,16.8
2025-09-06 21:00:00,503.2,2454.0,539.2,982.2,4478.6,13.7,17.5,15.9
2025-09-06 22:00:00,473.7,2342.0,507.6,,3323.3,13.6,17.1,15.3
2025-09-06 23:00:00,457.1,2242.6,491.5,908.1,4099.3,13.4,16.5,14.6
2025-09-07 00:00:00,464.8,2170.0,456.4,879.6,3970.8,13.3,16.0,14.6
2025-09-07 01:00:00,467.0,2198.6,439.1,861.5,3966.2,13.4,15.6,14.1
2025-09-07 02:00:00,489.2,2173.5,456.1,840.0,3958.8,13.5,15.4,13.6
2025-09-07 03:00:00,509.0,2158.6,467.3,834.1,3969.0,14.3,14.6,12.0
2025-09-07 04:00:00,477.2,2165.4,469.6,838.2,3950.4,14.3,14.6,12.3
2025-09-07 05:00:00,462.8,2185.3,475.1,832.4,3955.6,14.3,14.4,11.9
2025-09-07 06:00:00,478.4,2128.3,472.8,850.8,3930.3,14.1,14.2,11.6
2025-09-07 07:00:00,469.1,2170.3,478.0,888.2,4005.6,14.3,14.4,11.9
2025-09-07 08:00:00,494.0,2281.0,497.2,912.1,4184.3,14.5,15.2,13.3
2025-09-07 09:00:00,512.9,2431.6,514.8,934.5,4393.8,14.7,16.3,14.5
2025-09-07 10:00:00,484.5,2524.7,528.0,965.5,4502.7,15.2,17.5,16.0
2025-09-07 11:00:00,469.3,2561.9,549.0,978.9,4559.1,15.0,18.8,17.1
2025-09-07 12:00:00,476.4,2562.5,555.0,989.8,4583.7,15.9,19.6,17.9
2025-09-07 13:00:00,496.9,2512.0,537.5,985.1,4531.5,16.1,20.2,18.3
2025-09-07 14:00:00,507.6,2491.2,531.5,975.0,4505.3,16.9,20.6,18.7
2025-09-07 15:00:00,535.8,2501.3,517.1,981.5,4535.7,16.9,20.2,19.4
2025-09-07 16:00:00,608.1,2526.7,526.3,981.8,4642.9,16.6,20.2,19.3
2025-09-07 17:00:00,547.6,2641.7,556.2,978.5,4724.0,16.8,20.1,19.2
2025-09-07 18:00:00,566.5,2731.9,571.1,961.3,4830.8,16.6,19.8,18.9
2025-09-07 19:00:00,554.9,2716.6,584.4,976.7,4832.6,15.8,18.8,17.8
2025-09-07 20:00:00,572.6,2739.4,606.8,954.5,4873.3,14.7,17.3,16.4
2025-09-07 21:00:00,570.3,2645.9,559.9,962.6,4738.7,14.5,16.4,15.8
2025-09-07 22:00:00,514.9,2490.8,516.2,943.6,4465.5,14.5,15.6,15.4
2025-09-07 23:00:00,523.3,2354.0,491.2,906.0,4274.5,14.5,14.9,14.7
2025-09-08 00:00:00,528.7,2324.4,497.2,864.5,4214.8,14.4,14.3,14.3
2025-09-08 01:00:00,525.5,2262.2,480.6,843.5,4111.8,14.2,14.1,14.3
2025-09-08 02:00:00,526.7,2236.4,483.7,831.7,4078.5,13.9,13.9,14.4
2025-09-08 03:00:00,520.2,2223.4,476.8,822.1,4042.5,14.2,12.9,13.6
2025-09-08 04:00:00,525.3,2276.5,481.7,831.7,4115.2,14.2,12.7,13.6
2025-09-08 05:00:00,513.3,2386.3,502.4,895.5,4297.5,14.3,12.6,13.7
2025-09-08 06:00:00,540.9,2598.7,567.4,960.9,4667.9,14.3,13.0,13.9
2025-09-08 07:00:00,534.8,2824.1,642.8,1006.2,5007.9,14.2,14.4,14.0
2025-09-08 08:00:00,520.2,2921.5,678.1,1030.7,5150.5,14.4,15.6,15.0
2025-09-08 09:00:00,550.4,2960.0,693.4,1045.3,5249.1,15.0,17.1,16.2
2025-09-08 10:00:00,497.7,2993.8,715.8,1059.1,5266.4,16.0,18.5,17.8
2025-09-08 11:00:00,488.2,3019.9,719.8,1052.1,5280.0,16.9,20.3,19.4
2025-09-08 12:00:00,464.0,2962.2,703.4,1033.6,5163.2,16.7,20.9,20.4
2025-09-08 13:00:00,510.7,2919.6,709.5,,4139.8,16.1,21.5,20.5
2025-09-08 14:00:00,522.2,2949.5,695.1,1022.2,5189.0,16.1,22.1,20.0
2025-09-08 15:00:00,502.4,2978.5,679.9,1033.3,5194.1,16.1,20.9,21.0
2025-09-08 16:00:00,495.1,2957.3,674.7,1028.2,5155.3,15.5,20.3,20.7
2025-09-08 17:00:00,499.7,2956.4,682.2,1003.7,5142.0,14.9,19.6,20.3
2025-09-08 18:00:00,506.4,2905.5,680.7,985.6,5078.2,14.4,18.7,19.8
2025-09-08 19:00:00,481.5,2869.7,668.9,988.0,5008.1,13.9,17.5,18.9
2025-09-08 20:00:00,463.8,2927.7,667.2,963.0,5021.7,13.3,16.5,17.6
2025-09-08 21:00:00,466.4,2761.2,628.4,950.6,4806.6,13.0,16.2,16.9
2025-09-08 22:00:00,478.4,2598.0,595.0,915.5,4586.9,13.2,16.0,16.4
2025-09-08 23:00:00,478.8,2455.0,545.6,869.2,4348.6,13.2,15.9,16.1
2025-09-09 00:00:00,508.0,2329.9,518.8,849.2,4205.9,13.2,15.8,15.9
2025-09-09 01:00:00,490.6,2290.8,503.6,843.2,4128.2,12.4,15.8,15.8
2025-09-09 02:00:00,486.1,2251.1,490.3,845.3,4072.8,12.0,15.9,15.8
2025-09-09 03:00:00,487.9,2212.0,484.3,840.0,4024.2,12.3,15.3,16.1
2025-09-09 04:00:00,506.0,2213.0,495.5,850.5,4065.0,12.2,15.1,15.7
2025-09-09 05:00:00,543.9,2335.1,529.4,903.9,4312.3,12.6,15.2,15.7
2025-09-09 06:00:00,543.7,2591.2,593.9,941.7,4670.5,12.5,15.1,15.9
2025-09-09 07:00:00,490.8,2785.0,649.7,989.2,4914.7,12.5,15.2,15.9
2025-09-09 08:00:00,510.9,2876.9,684.7,1012.9,5085.4,12.6,16.0,16.6
2025-09-09 09:00:00,541.5,2935.8,672.7,1017.6,5167.6,12.8,17.8,17.8
2025-09-09 10:00:00,541.1,2942.7,635.0,1035.4,5154.2,12.8,19.6,19.2
2025-09-09 11:00:00,559.8,2969.1,660.9,,4189.8,12.9,20.5,21.0
2025-09-09 12:00:00,572.4,2960.6,662.0,1037.2,5232.2,13.3,20.9,22.1
2025-09-09 13:00:00,562.2,2962.2,682.4,1017.5,5224.3,13.6,21.3,22.6
2025-09-09 14:00:00,548.0,2955.7,696.2,1009.0,5208.9,13.9,21.3,22.5
2025-09-09 15:00:00,546.0,2916.3,700.0,1008.9,5171.2,14.0,21.5,22.8
2025-09-09 16:00:00,522.0,2885.7,697.4,1009.8,5114.9,14.2,21.1,22.6
2025-09-09 17:00:00,528.7,2907.8,683.9,1001.3,5121.7,14.3,20.4,22.1
2025-09-09 18:00:00,492.0,2862.9,675.5,991.0,5021.4,14.3,19.4,21.2
2025-09-09 19:00:00,481.9,2819.9,701.1,974.5,4977.4,14.2,17.8,20.0
2025-09-09 20:00:00,484.1,2798.0,735.1,969.2,4986.4,13.4,16.5,18.5
2025-09-09 21:00:00,523.2,2702.6,669.2,971.8,4866.8,13.3,16.0,17.7
2025-09-09 22:00:00,504.8,2594.8,570.3,938.6,4608.5,13.7,15.8,17.3
2025-09-09 23:00:00,465.4,2421.8,536.1,913.8,4337.1,13.7,15.7,17.4
2025-09-10 00:00:00,470.5,2328.6,530.3,,3329.4,14.0,15.6,17.6
2025-09-10 01:00:00,457.7,2283.3,512.2,890.2,4143.4,14.1,15.5,18.0
2025-09-10 02:00:00,454.3,2253.0,489.5,876.8,4073.6,14.3,15.5,18.1
2025-09-10 03:00:00,467.0,2258.2,490.6,874.1,4089.9,13.7,15.0,18.4
2025-09-10 04:00:00,488.4,2237.4,503.6,882.4,4111.8,14.1,15.1,18.7
2025-09-10 05:00:00,460.4,2313.3,527.1,941.7,4242.5,14.5,15.5,18.4
2025-09-10 06:00:00,486.9,2600.3,590.1,978.8,4656.1,14.4,16.0,17.6
2025-09-10 07:00:00,435.2,2847.9,649.7,1005.6,4938.4,14.5,16.1,17.2
2025-09-10 08:00:00,493.4,2899.0,688.2,1030.5,5111.1,14.7,16.8,17.6
2025-09-10 09:00:00,547.8,2927.7,679.9,1020.8,5176.2,14.4,18.0,18.6
2025-09-10 10:00:00,571.7,2975.3,667.5,1026.7,5241.2,14.5,19.0,19.8
2025-09-10 11:00:00,562.2,2945.0,640.5,1038.1,5185.8,14.8,19.6,20.2
2025-09-10 12:00:00,574.8,2956.7,598.2,1046.2,5175.9,14.8,20.0,20.4
2025-09-10 13:00:00,552.1,2952.8,608.0,1040.8,5153.7,14.8,19.9,21.2
2025-09-10 14:00:00,621.0,2991.6,607.1,1026.3,5246.0,14.4,20.0,21.2
2025-09-10 15:00:00,610.1,2973.6,615.7,1025.8,5225.2,14.7,18.1,20.9
2025-09-10 16:00:00,662.6,2946.6,648.8,1013.5,5271.5,15.0,18.4,20.4
2025-09-10 17:00:00,635.9,2997.7,670.4,1012.6,5316.6,14.8,18.5,20.3
2025-09-10 18:00:00,543.9,2980.5,654.8,1020.5,5199.7,14.6,17.8,20.0
2025-09-10 19:00:00,574.4,2913.7,657.1,1036.2,5181.4,14.2,17.1,19.4
2025-09-10 20:00:00,496.1,2897.1,665.8,1028.3,5087.3,13.7,16.1,18.8
2025-09-10 21:00:00,510.7,2772.6,632.4,1024.7,4940.4,13.3,15.7,18.1
2025-09-10 22:00:00,472.7,2637.1,616.9,979.8,4706.5,13.1,16.0,17.8
2025-09-10 23:00:00,472.9,2485.0,573.4,939.8,4471.1,13.2,15.8,17.4
2025-09-11 00:00:00,424.4,2387.2,522.0,910.4,4244.0,13.7,15.7,16.8
2025-09-11 01:00:00,407.4,2283.0,498.1,887.8,4076.3,14.1,16.0,17.2
2025-09-11 02:00:00,411.9,2199.0,508.5,885.3,4004.7,14.7,16.2,16.8
2025-09-11 03:00:00,414.9,2188.9,514.8,882.1,4000.7,14.3,16.1,16.3
2025-09-11 04:00:00,450.8,2198.0,508.7,905.1,4062.6,14.0,16.2,16.3
2025-09-11 05:00:00,486.5,2283.0,524.6,961.7,4255.8,13.8,16.4,16.6
2025-09-11 06:00:00,533.2,2578.8,588.4,1030.5,4730.9,13.9,16.6,16.5
2025-09-11 07:00:00,489.4,2834.2,660.6,1066.8,5051.0,14.3,17.0,16.4
2025-09-11 08:00:00,464.0,2964.5,694.2,1064.9,5187.6,15.0,17.5,16.5
2025-09-11 09:00:00,595.3,3012.1,726.2,1049.0,5382.6,15.5,18.3,16.9
2025-09-11 10:00:00,615.8,3059.6,697.4,1071.0,5443.8,16.0,18.5,17.3
2025-09-11 11:00:00,515.3,3151.8,684.5,1080.9,5432.5,16.5,19.1,17.5
2025-09-11 12:00:00,484.3,3196.5,658.0,1085.8,5424.6,17.1,19.2,18.2
2025-09-11 13:00:00,441.7,3087.0,628.4,1095.2,5252.3,17.7,19.3,18.6
2025-09-11 14:00:00,384.3,2995.8,,1081.9,4462.0,18.0,19.1,18.9
2025-09-11 15:00:00,381.4,2979.2,598.5,1088.5,5047.6,19.0,19.8,19.3
2025-09-11 16:00:00,453.7,2930.6,584.1,1090.5,5058.9,18.8,18.7,18.8
2025-09-11 17:00:00,492.8,2946.3,668.6,1081.8,5189.5,18.5,17.0,18.2
2025-09-11 18:00:00,481.7,2923.8,677.8,1090.0,5173.3,18.5,16.7,18.0
2025-09-11 19:00:00,502.2,2952.5,667.2,1105.3,5227.2,18.1,16.5,17.7
2025-09-11 20:00:00,495.9,2827.7,622.9,1075.6,5022.1,17.9,16.7,17.5
2025-09-11 21:00:00,524.1,2644.9,612.0,1040.1,4821.1,17.7,16.9,17.5
2025-09-11 22:00:00,531.2,2511.0,574.3,1008.4,4624.9,17.3,16.9,16.9
2025-09-11 23:00:00,488.1,2402.2,548.1,971.8,4410.2,16.8,16.9,16.7
2025-09-12 00:00:00,488.8,2313.0,515.9,932.2,4249.9,16.4,16.3,16.5
2025-09-12 01:00:00,460.8,2252.7,479.1,908.8,4101.4,16.0,15.8,15.0
2025-09-12 02:00:00,471.5,2208.4,515.1,904.1,4099.1,15.7,15.2,15.6
2025-09-12 03:00:00,480.2,2238.0,510.2,907.3,4135.7,15.3,15.2,16.2
2025-09-12 04:00:00,480.0,2257.9,506.2,934.0,4178.1,15.1,14.9,16.0
2025-09-12 05:00:00,510.5,2351.1,544.7,995.4,4401.7,14.8,14.9,15.8
2025-09-12 06:00:00,599.9,2620.5,618.0,1059.3,4897.7,14.8,15.1,15.8
2025-09-12 07:00:00,559.6,2822.5,664.9,1108.7,5155.7,15.0,15.0,15.7
2025-09-12 08:00:00,566.7,2920.9,712.1,1125.3,5325.0,15.3,15.9,15.8
2025-09-12 09:00:00,582.1,2921.8,722.7,1127.6,5354.2,15.5,16.6,16.2
2025-09-12 10:00:00,540.7,2924.8,731.9,1126.6,5324.0,15.9,17.3,16.3
2025-09-12 11:00:00,499.7,2856.0,709.2,1124.9,5189.8,16.4,17.6,16.6
2025-09-12 12:00:00,522.6,2840.7,664.0,1121.0,5148.3,16.6,18.7,16.7
2025-09-12 13:00:00,521.6,2825.4,634.1,1111.5,5092.6,16.8,19.7,16.8
2025-09-12 14:00:00,455.9,2762.9,624.9,1103.9,4947.6,16.2,20.0,17.1
2025-09-12 15:00:00,466.2,2761.9,605.1,1109.7,4942.9,16.8,18.1,17.0
2025-09-12 16:00:00,516.8,2780.1,607.4,1099.7,5004.0,15.9,18.9,16.9
2025-09-12 17:00:00,578.4,2844.3,601.6,1084.1,5108.4,14.7,18.6,17.0
2025-09-12 18:00:00,510.3,2782.1,616.6,1091.2,5000.2,14.8,17.8,16.6
2025-09-12 19:00:00,536.0,2683.7,608.8,1095.3,4923.8,14.9,16.6,16.1
2025-09-12 20:00:00,504.6,2618.5,608.5,1055.0,4786.6,15.0,15.9,15.8
2025-09-12 21:00:00,475.4,2594.8,579.5,1025.3,4675.0,15.0,15.6,15.9
2025-09-12 22:00:00,473.5,2421.8,553.3,988.4,4437.0,14.9,15.2,15.9
2025-09-12 23:00:00,448.2,2302.9,523.4,933.1,4207.6,14.8,14.9,15.8
2025-09-13 00:00:00,432.8,2223.4,488.0,,3144.2,14.6,14.6,15.6
2025-09-13 01:00:00,474.8,2123.0,454.4,880.0,3932.2,14.6,14.4,15.5
2025-09-13 02:00:00,502.2,2115.2,417.0,870.6,3905.0,14.5,14.1,15.2
2025-09-13 03:00:00,538.3,2113.6,402.9,875.8,3930.6,14.2,13.2,14.7
2025-09-13 04:00:00,509.3,2102.2,423.3,876.2,3911.0,14.2,12.7,14.9
2025-09-13 05:00:00,530.4,2082.7,449.2,894.7,3957.0,14.3,12.3,15.3
2025-09-13 06:00:00,480.8,2135.1,452.7,908.5,3977.1,14.3,11.9,15.3
2025-09-13 07:00:00,457.7,2243.3,448.6,939.1,4088.7,14.4,11.8,15.4
2025-09-13 08:00:00,493.2,2355.3,474.5,974.8,4297.8,14.6,12.5,15.8
2025-09-13 09:00:00,550.0,2484.0,541.5,993.7,4569.2,14.7,13.8,16.5
2025-09-13 10:00:00,567.3,2501.3,531.2,1011.4,4611.2,14.8,15.3,17.0
2025-09-13 11:00:00,484.1,2443.6,528.3,1011.5,4467.5,15.0,16.8,17.3
2025-09-13 12:00:00,480.0,2393.4,511.6,1005.6,4390.6,15.2,17.5,17.7
2025-09-13 13:00:00,483.9,2375.5,502.4,994.3,4356.1,14.9,18.0,18.0
2025-09-13 14:00:00,495.1,2404.2,498.4,993.2,4390.9,15.3,18.2,18.1
2025-09-13 15:00:00,504.2,2402.6,476.0,998.8,4381.6,15.7,18.3,19.0
2025-09-13 16:00:00,593.7,2400.9,491.8,1005.4,4491.8,15.1,17.6,18.3
2025-09-13 17:00:00,553.7,2473.2,525.1,1001.6,4553.6,14.8,16.7,17.6
2025-09-13 18:00:00,457.7,2488.2,543.8,1015.0,4504.7,14.4,16.3,15.5
2025-09-13 19:00:00,359.3,2494.4,524.0,1046.9,4424.6,14.0,15.2,15.3
2025-09-13 20:00:00,355.1,2449.8,488.6,,3293.5,13.8,14.4,14.8
2025-09-13 21:00:00,435.6,2368.7,474.8,1029.5,4308.6,13.8,14.1,14.4
2025-09-13 22:00:00,518.0,2295.7,433.7,1006.6,4254.0,13.5,14.0,14.8
2025-09-13 23:00:00,544.1,2179.7,449.5,964.8,4138.1,13.1,14.2,14.6
2025-09-14 00:00:00,514.1,2101.9,484.9,937.7,4038.6,12.6,14.5,15.5
2025-09-14 01:00:00,464.0,2116.2,481.4,913.1,3974.7,12.2,14.4,15.8
2025-09-14 02:00:00,502.4,2098.9,434.3,892.2,3927.8,11.9,14.1,15.7
2025-09-14 03:00:00,524.3,2058.2,442.9,890.3,3915.7,11.3,13.7,14.8
2025-09-14 04:00:00,448.0,2067.0,429.4,902.3,3846.7,11.2,13.8,14.7
2025-09-14 05:00:00,419.4,2096.7,431.4,895.5,3843.0,11.1,13.6,14.8
2025-09-14 06:00:00,447.4,2102.2,427.6,902.6,3879.8,11.3,13.5,14.8
2025-09-14 07:00:00,485.9,2137.7,421.6,924.6,3969.8,11.8,14.0,15.3
2025-09-14 08:00:00,458.3,2251.1,434.8,936.0,4080.2,12.8,14.8,15.9
2025-09-14 09:00:00,485.7,2364.8,479.4,947.4,4277.3,13.8,15.9,15.1
2025-09-14 10:00:00,531.4,2452.4,567.4,948.5,4499.7,14.5,16.8,15.4
2025-09-14 11:00:00,515.1,2487.3,582.7,978.9,4564.0,14.8,17.7,15.2
2025-09-14 12:00:00,539.1,2569.7,598.8,974.3,4681.9,14.9,18.5,15.8
2025-09-14 13:00:00,531.6,2607.5,581.5,969.1,4689.7,14.9,18.7,15.4
2025-09-14 14:00:00,515.3,2653.1,557.6,958.9,4684.9,14.9,18.7,15.8
2025-09-14 15:00:00,466.2,2588.2,563.7,965.8,4583.9,13.9,18.4,16.4
2025-09-14 16:00:00,529.9,2548.5,564.8,968.9,4612.1,13.9,18.1,16.2
2025-09-14 17:00:00,539.1,2610.7,568.6,961.8,4680.2,13.6,17.2,16.2
2025-09-14 18:00:00,481.1,2662.5,578.1,969.1,4690.8,13.3,16.1,16.3
2025-09-14 19:00:00,502.2,2647.9,603.4,,3753.5,12.7,15.6,15.9
2025-09-14 20:00:00,537.2,2612.7,608.0,949.8,4707.7,12.4,15.2,15.3
2025-09-14 21:00:00,533.6,2527.3,574.0,975.2,4610.1,12.5,15.3,14.9
2025-09-14 22:00:00,488.6,2424.7,533.2,960.3,4406.8,12.5,15.1,14.8
2025-09-14 23:00:00,461.4,2305.5,503.3,929.3,4199.5,12.3,14.5,14.8
2025-09-15 00:00:00,419.6,2268.3,,908.3,3596.2,11.2,14.3,14.7
2025-09-15 01:00:00,365.2,2192.8,474.2,899.6,3931.8,12.5,14.4,14.6
2025-09-15 02:00:00,377.8,2174.2,486.9,900.7,3939.6,12.5,14.5,14.6
2025-09-15 03:00:00,420.0,2185.3,508.5,922.9,4036.7,11.9,14.4,14.6
2025-09-15 04:00:00,397.1,2245.5,528.6,948.4,4119.6,11.9,14.2,14.4
2025-09-15 05:00:00,,2336.1,567.7,1025.0,3928.8,11.8,14.0,14.6
2025-09-15 06:00:00,358.1,2600.3,629.0,1074.2,4661.6,11.9,13.8,15.1
2025-09-15 07:00:00,299.1,2824.8,683.3,1120.2,4927.4,12.5,13.5,15.7
2025-09-15 08:00:00,426.9,2913.4,685.0,1138.9,5164.2,12.5,13.7,15.8
2025-09-15 09:00:00,583.3,2957.0,710.1,1159.1,5409.5,12.2,14.0,16.3
2025-09-15 10:00:00,555.3,2921.8,,1173.1,4650.2,12.1,14.5,16.7
2025-09-15 11:00:00,559.4,2926.7,717.2,1164.7,5368.0,12.1,15.6,15.9
2025-09-15 12:00:00,576.2,2935.2,702.9,1149.9,5364.2,12.3,15.9,16.3
2025-09-15 13:00:00,638.9,2919.9,681.0,1150.0,5389.8,12.9,16.4,17.0
2025-09-15 14:00:00,605.0,2927.4,691.4,1145.6,5369.4,13.3,16.9,18.2
2025-09-15 15:00:00,477.2,2927.7,702.0,1145.7,5252.6,13.4,16.8,18.6
2025-09-15 16:00:00,552.9,2940.1,691.9,1130.7,5315.6,13.7,16.6,17.5
2025-09-15 17:00:00,602.0,3048.2,712.1,1118.3,5480.6,13.8,16.3,17.0
2025-09-15 18:00:00,572.6,3024.5,709.5,1121.4,5428.0,13.6,15.8,16.7
2025-09-15 19:00:00,536.6,2971.4,696.8,1131.1,5335.9,13.6,15.5,16.4
2025-09-15 20:00:00,499.1,2907.5,677.0,1088.0,5171.6,13.9,15.0,14.8
2025-09-15 21:00:00,480.2,2747.5,618.0,1061.4,4907.1,13.8,14.4,15.5
2025-09-15 22:00:00,419.2,2586.0,,1028.3,4033.5,13.8,14.5,15.3
2025-09-15 23:00:00,407.0,2428.9,549.3,979.5,4364.7,13.6,14.6,15.4
2025-09-16 00:00:00,410.6,2321.4,541.5,954.4,4227.9,13.5,14.2,15.1
2025-09-16 01:00:00,470.9,2217.8,500.4,940.2,4129.3,13.5,13.9,15.2
2025-09-16 02:00:00,455.7,,472.2,931.6,1859.5,13.4,13.4,14.7
2025-09-16 03:00:00,422.4,2169.3,446.6,942.8,3981.1,13.4,13.6,15.6
2025-09-16 04:00:00,467.1,2191.5,468.2,963.8,4090.6,13.2,13.5,15.3
2025-09-16 05:00:00,492.0,2303.8,497.5,1036.2,4329.5,13.1,13.2,15.3
2025-09-16 06:00:00,546.2,2614.3,573.4,1081.4,4815.3,12.9,13.0,14.7
2025-09-16 07:00:00,519.2,2892.2,,1126.6,4538.0,13.2,13.0,15.0
2025-09-16 08:00:00,526.5,3005.6,710.3,1143.0,5385.4,13.2,13.5,14.9
2025-09-16 09:00:00,560.8,3041.7,719.5,1138.0,5460.0,13.6,14.5,15.1
2025-09-16 10:00:00,556.7,3026.7,697.7,1142.4,5423.5,13.6,15.0,16.1
2025-09-16 11:00:00,520.6,2996.4,710.3,1147.2,5374.5,13.2,16.1,16.6
2025-09-16 12:00:00,515.9,2948.2,719.3,1123.8,5307.2,13.2,16.6,17.1
2025-09-16 13:00:00,453.1,2891.2,727.9,1110.6,5182.8,13.8,17.0,17.3
2025-09-16 14:00:00,452.6,2831.9,702.6,1098.3,5085.4,13.6,17.4,17.1
2025-09-16 15:00:00,508.8,2816.6,684.5,1096.3,5106.2,14.4,15.9,16.8
2025-09-16 16:00:00,521.8,2781.1,658.6,1102.8,5064.3,13.5,14.8,17.4
2025-09-16 17:00:00,519.6,2892.8,674.1,1085.4,5171.9,13.6,14.5,17.2
2025-09-16 18:00:00,517.8,2898.1,658.3,1088.8,5163.0,13.3,14.7,17.0
2025-09-16 19:00:00,495.7,2917.3,672.4,1095.1,5180.5,12.9,14.1,16.4
2025-09-16 20:00:00,481.1,2812.1,664.0,1071.5,5028.7,13.1,13.0,15.9
2025-09-16 21:00:00,503.0,2677.8,615.4,1046.6,4842.8,13.0,12.9,15.6
2025-09-16 22:00:00,483.3,2529.0,576.3,1008.2,4596.8,12.4,12.6,15.2
2025-09-16 23:00:00,512.7,2352.4,540.1,961.6,4366.8,12.8,12.4,14.9
2025-09-17 00:00:00,485.9,2285.6,502.7,937.4,4211.6,12.4,12.4,14.5
2025-09-17 01:00:00,507.6,2213.0,482.9,930.0,4133.5,12.2,12.4,14.2
2025-09-17 02:00:00,499.7,2197.6,489.5,912.6,4099.4,12.3,12.4,14.1
2025-09-17 03:00:00,500.9,2190.2,488.0,912.8,4091.9,12.7,12.6,14.1
2025-09-17 04:00:00,472.9,2201.9,492.6,938.4,4105.8,12.2,12.7,14.3
2025-09-17 05:00:00,480.0,2317.9,502.4,1003.8,4304.1,11.9,12.6,14.4
2025-09-17 06:00:00,557.3,2628.0,591.9,1023.5,4800.7,12.3,12.6,14.4
2025-09-17 07:00:00,561.2,2863.2,644.8,1062.0,5131.2,12.3,12.6,14.1
2025-09-17 08:00:00,565.5,2939.4,668.9,1055.0,5228.8,12.8,13.0,14.4
2025-09-17 09:00:00,551.5,2964.5,680.1,1045.3,5241.4,13.3,13.6,14.8
2025-09-17 10:00:00,563.6,2963.9,688.5,1046.8,5262.8,13.8,14.4,15.4
2025-09-17 11:00:00,581.7,2953.1,708.0,1044.2,5287.0,14.2,15.4,15.9
2025-09-17 12:00:00,585.9,2942.0,699.4,1037.6,5264.9,14.2,16.0,16.6
2025-09-17 13:00:00,579.4,2859.6,681.9,1035.2,5156.1,13.8,15.9,16.4
2025-09-17 14:00:00,567.9,2804.6,662.3,1022.1,5056.9,14.3,15.5,17.1
2025-09-17 15:00:00,573.4,2794.5,655.7,1016.3,5039.9,13.9,15.4,17.1
2025-09-17 16:00:00,594.1,2771.3,626.1,1007.7,4999.2,13.8,15.7,17.3
2025-09-17 17:00:00,591.2,2835.8,659.1,990.6,5076.7,13.4,15.4,17.2
2025-09-17 18:00:00,553.3,2878.2,676.4,1003.8,5111.7,12.7,14.9,16.8
2025-09-17 19:00:00,498.1,2876.9,674.1,1019.0,5068.1,12.2,14.2,16.2
2025-09-17 20:00:00,486.3,2828.0,655.4,990.0,4959.7,12.3,13.8,15.9
2025-09-17 21:00:00,430.1,2714.3,624.4,979.5,4748.3,12.4,13.7,15.7
2025-09-17 22:00:00,495.0,2554.7,582.4,947.8,4579.9,12.1,13.5,15.3
2025-09-17 23:00:00,494.4,2366.4,527.1,920.4,4308.3,11.6,13.3,14.8
2025-09-18 00:00:00,497.7,2329.6,502.4,907.5,4237.2,11.0,12.9,14.7
2025-09-18 01:00:00,451.0,2280.1,481.1,903.9,4116.1,10.6,12.6,14.8
2025-09-18 02:00:00,,2254.7,497.0,898.1,3649.8,10.3,12.4,15.2
2025-09-18 03:00:00,428.1,2232.5,493.8,903.3,4057.7,10.6,11.8,15.1
2025-09-18 04:00:00,442.1,2249.1,489.2,913.1,4093.5,10.6,11.7,15.2
2025-09-18 05:00:00,519.2,2406.8,531.2,973.6,4430.8,10.1,11.5,15.3
2025-09-18 06:00:00,551.9,2705.5,622.9,998.2,4878.5,9.7,11.3,15.3
2025-09-18 07:00:00,580.7,2920.5,698.5,1034.8,5234.5,9.6,11.1,15.6
2025-09-18 08:00:00,647.0,2989.9,707.8,1047.2,5391.9,10.4,11.9,16.3
2025-09-18 09:00:00,614.5,2988.6,710.9,1055.2,5369.2,11.5,12.7,16.8
2025-09-18 10:00:00,538.7,2975.9,715.2,1063.5,5293.3,12.6,13.5,17.7
2025-09-18 11:00:00,553.3,2954.4,701.1,1055.2,5264.0,13.7,14.6,18.2
2025-09-18 12:00:00,,2911.7,667.5,1048.1,4627.3,14.6,15.6,18.8
2025-09-18 13:00:00,518.2,2926.1,670.4,1030.9,5145.6,15.1,16.6,19.3
2025-09-18 14:00:00,503.6,2858.3,668.9,1022.0,5052.8,15.4,16.8,19.6
2025-09-18 15:00:00,495.7,2841.0,679.3,1014.4,5030.4,15.1,16.7,19.4
2025-09-18 16:00:00,539.3,2768.7,637.3,997.7,4943.0,15.1,15.6,19.1
2025-09-18 17:00:00,572.6,2851.1,686.8,966.3,5076.8,14.6,15.2,19.0
2025-09-18 18:00:00,546.0,2888.3,696.5,985.1,5115.9,13.3,15.0,18.3
2025-09-18 19:00:00,540.9,2965.2,,1013.6,4519.7,12.3,14.3,17.8
2025-09-18 20:00:00,547.0,2913.7,646.8,982.9,5090.4,11.9,14.5,17.4
2025-09-18 21:00:00,550.8,,598.2,969.2,2118.2,11.2,14.2,17.2
2025-09-18 22:00:00,507.6,2631.9,561.1,940.9,4641.5,10.1,14.1,16.8
2025-09-18 23:00:00,482.3,2430.2,521.4,917.4,4351.3,9.5,14.0,16.5
2025-09-19 00:00:00,489.0,2406.5,544.7,879.6,4319.8,8.9,13.8,16.4
2025-09-19 01:00:00,468.9,2362.2,537.2,858.7,4227.0,8.8,13.7,16.3
2025-09-19 02:00:00,467.5,2290.2,501.3,860.0,4119.0,9.0,13.5,16.0
2025-09-19 03:00:00,463.6,2286.6,505.0,,3255.2,7.9,13.3,15.7
2025-09-19 04:00:00,466.6,2300.3,513.3,889.3,4169.5,7.1,13.1,15.8
2025-09-19 05:00:00,465.2,2428.6,561.7,953.5,4409.0,7.0,12.8,15.9
2025-09-19 06:00:00,495.0,2700.6,646.2,993.9,4835.7,7.0,12.6,16.1
2025-09-19 07:00:00,499.1,2916.9,692.2,1025.6,5133.8,7.2,12.6,16.5
2025-09-19 08:00:00,496.7,2981.1,748.6,1049.1,5275.5,7.7,13.2,17.1
2025-09-19 09:00:00,526.9,2975.9,763.5,1053.3,5319.6,8.7,14.1,17.8
2025-09-19 10:00:00,532.4,2973.3,740.0,1063.5,5309.2,10.1,15.1,18.3
2025-09-19 11:00:00,520.0,2952.6,752.0,1065.2,5289.8,11.6,15.9,18.9
2025-09-19 12:00:00,464.6,2931.9,720.4,1041.0,5157.9,12.8,16.9,19.5
2025-09-19 13:00:00,494.6,2855.1,719.3,1021.0,5090.0,13.7,17.8,19.8
2025-09-19 14:00:00,529.9,2815.3,714.1,1010.5,5069.8,14.2,18.5,20.2
2025-09-19 15:00:00,542.1,2878.2,688.8,1001.9,5111.0,14.6,18.2,20.2
2025-09-19 16:00:00,577.8,2889.6,651.1,998.3,5116.8,14.5,18.3,19.9
2025-09-19 17:00:00,592.6,2862.5,638.4,985.6,5079.1,13.7,18.1,19.5
2025-09-19 18:00:00,566.9,2774.6,633.8,993.7,4969.0,12.4,17.1,19.0
2025-09-19 19:00:00,482.7,2775.9,643.3,993.0,4894.9,11.4,15.9,18.2
2025-09-19 20:00:00,476.4,2660.9,627.2,968.0,4732.5,11.0,15.3,17.9
2025-09-19 21:00:00,499.9,2526.0,591.3,954.3,4571.5,11.1,14.8,17.7
2025-09-19 22:00:00,450.0,2431.9,564.8,928.9,4375.6,11.5,14.9,17.3
2025-09-19 23:00:00,456.1,2311.0,519.4,903.2,4189.7,11.6,15.5,17.2
2025-09-20 00:00:00,429.5,2180.7,488.3,915.4,4013.9,11.5,16.3,17.1
2025-09-20 01:00:00,421.4,2167.0,2384.0,904.2,5876.6,11.3,16.8,16.9
2025-09-20 02:00:00,390.8,2086.9,471.6,894.0,3843.3,11.7,16.9,16.9
2025-09-20 03:00:00,435.4,2028.6,442.0,898.5,3804.5,10.8,16.9,16.5
2025-09-20 04:00:00,418.8,2045.5,459.3,902.6,3826.2,10.9,16.9,16.4
2025-09-20 05:00:00,434.4,2094.7,483.7,916.8,3929.6,11.2,16.9,16.4
2025-09-20 06:00:00,412.1,2140.3,485.7,926.3,3964.4,11.0,16.8,16.3
2025-09-20 07:00:00,393.8,2222.7,513.6,950.8,4080.9,10.5,16.4,16.3
2025-09-20 08:00:00,397.9,2343.9,543.0,984.9,4269.7,10.0,16.2,16.7
2025-09-20 09:00:00,399.1,2469.3,572.3,1001.9,4442.6,10.2,16.5,17.4
2025-09-20 10:00:00,377.0,2568.4,576.0,1015.3,4536.7,10.1,17.1,17.7
2025-09-20 11:00:00,371.5,2602.9,549.6,1010.0,4534.0,10.3,18.4,18.1
2025-09-20 12:00:00,399.1,2592.8,532.6,997.9,4522.4,10.8,18.5,18.6
2025-09-20 13:00:00,429.1,2628.0,551.9,991.3,4600.3,10.4,19.3,18.5
2025-09-20 14:00:00,460.0,2615.9,540.7,991.3,4607.9,10.5,19.9,18.6
2025-09-20 15:00:00,493.2,2493.8,530.0,1004.2,4521.2,11.0,19.2,19.8
2025-09-20 16:00:00,513.9,2509.7,551.3,1011.1,4586.0,11.1,19.3,19.8
2025-09-20 17:00:00,516.2,2563.2,578.3,997.1,4654.8,11.0,19.2,19.8
2025-09-20 18:00:00,525.5,2536.8,565.1,1003.8,4631.2,10.2,18.6,19.5
2025-09-20 19:00:00,494.8,2590.2,553.3,1001.6,4639.9,10.0,17.8,19.7
2025-09-20 20:00:00,536.4,,504.7,973.7,2014.8,9.8,16.9,19.6
2025-09-20 21:00:00,514.9,2276.8,494.1,962.4,4248.2,9.7,16.7,19.6
2025-09-20 22:00:00,543.9,2285.0,554.2,929.5,4312.6,8.6,17.1,18.9
2025-09-20 23:00:00,539.1,2265.7,512.2,887.3,4204.3,8.5,17.8,18.6
2025-09-21 00:00:00,487.7,2202.9,472.5,862.3,4025.4,9.9,18.0,18.1
2025-09-21 01:00:00,427.7,2075.2,468.2,852.9,3824.0,10.1,16.8,17.4
2025-09-21 02:00:00,454.7,2038.7,461.0,842.7,3797.1,10.2,16.3,17.5
2025-09-21 03:00:00,455.1,2021.1,455.0,844.6,3775.8,9.9,16.4,17.3
2025-09-21 04:00:00,478.8,1969.6,459.9,851.4,3759.7,10.0,16.1,17.0
2025-09-21 05:00:00,480.0,2007.7,454.1,863.0,3804.8,9.9,15.9,16.9
2025-09-21 06:00:00,493.6,2057.2,461.0,860.3,3872.1,10.0,15.5,17.2
2025-09-21 07:00:00,482.5,2068.6,443.7,884.4,3879.2,10.4,15.2,17.8
2025-09-21 08:00:00,452.2,2174.2,499.8,909.8,4036.0,10.8,15.8,18.1
2025-09-21 09:00:00,451.2,2355.3,560.5,933.6,4300.6,11.4,16.5,18.6
2025-09-21 10:00:00,471.7,2453.4,574.6,953.8,4453.5,12.2,17.6,19.0
2025-09-21 11:00:00,464.6,2627.0,574.0,965.2,4630.8,12.1,18.8,19.6
2025-09-21 12:00:00,484.3,2675.6,602.5,979.4,4741.8,12.2,19.2,20.0
2025-09-21 13:00:00,473.1,2625.7,585.0,982.7,4666.5,11.5,19.3,20.0
2025-09-21 14:00:00,497.9,2651.8,586.1,980.7,4716.5,11.3,19.5,19.3
2025-09-21 15:00:00,484.5,2642.7,587.3,981.3,4695.8,11.5,18.6,18.4
2025-09-21 16:00:00,451.4,2682.1,595.6,982.8,4711.9,10.9,18.1,17.5
2025-09-21 17:00:00,478.0,2704.2,616.0,994.6,4792.8,11.0,18.1,17.4
2025-09-21 18:00:00,525.5,2770.0,633.3,1018.4,4947.2,11.4,18.0,17.1
2025-09-21 19:00:00,447.0,2888.9,656.8,1015.2,5007.9,11.4,17.5,15.9
2025-09-21 20:00:00,467.3,2780.5,579.2,978.7,4805.7,10.5,16.9,14.2
2025-09-21 21:00:00,452.4,2677.8,557.9,972.7,4660.8,9.8,15.6,14.0
2025-09-21 22:00:00,483.1,2565.1,536.6,936.5,4521.3,9.4,14.9,13.6
2025-09-21 23:00:00,472.1,2474.2,517.9,897.7,4361.9,9.2,14.2,13.2
2025-09-22 00:00:00,428.5,2296.7,505.0,875.7,4105.9,9.0,13.4,12.7
2025-09-22 01:00:00,443.5,2262.2,491.5,857.7,4054.9,9.0,12.7,12.6
2025-09-22 02:00:00,451.8,2254.7,487.7,846.4,4040.6,8.9,11.9,12.6
2025-09-22 03:00:00,454.1,2231.9,471.9,858.7,4016.6,8.1,10.7,12.0
2025-09-22 04:00:00,458.3,2268.3,466.5,894.4,4087.5,8.0,10.7,12.0
2025-09-22 05:00:00,496.7,2419.8,509.3,982.4,4408.2,7.8,10.5,12.0
2025-09-22 06:00:00,549.8,2701.9,597.9,1033.9,4883.5,7.6,10.3,11.8
2025-09-22 07:00:00,530.1,2956.7,678.1,1074.1,5239.0,7.4,10.2,11.7
2025-09-22 08:00:00,538.5,3087.7,731.3,1098.1,5455.6,6.9,10.6,11.8
2025-09-22 09:00:00,524.9,3161.9,729.6,1103.3,5519.7,6.3,11.1,12.2
2025-09-22 10:00:00,542.7,3063.2,677.3,1110.5,5393.7,6.3,11.8,12.7
2025-09-22 11:00:00,530.4,2967.8,672.7,1104.8,5275.7,7.3,12.5,12.9
2025-09-22 12:00:00,509.9,2912.7,685.6,1092.7,5200.9,8.3,13.2,13.1
2025-09-22 13:00:00,583.9,2812.7,670.9,1078.0,5145.5,9.7,13.8,13.5
2025-09-22 14:00:00,551.7,2763.5,634.7,1071.7,5021.6,10.3,14.2,13.7
2025-09-22 15:00:00,531.4,2747.9,627.8,1068.7,4975.8,11.3,13.9,13.9
2025-09-22 16:00:00,527.5,2826.7,635.0,1078.2,5067.4,11.8,13.7,13.9
2025-09-22 17:00:00,519.2,3006.5,683.0,,4208.7,12.0,13.5,13.8
2025-09-22 18:00:00,510.7,3102.6,705.5,1084.3,5403.1,11.2,12.7,13.2
2025-09-22 19:00:00,511.5,3104.3,742.5,1089.1,5447.4,10.4,11.9,12.5
2025-09-22 20:00:00,508.0,2973.0,694.2,1035.3,5210.5,9.4,11.4,12.3
2025-09-22 21:00:00,527.5,,654.8,1022.6,2204.9,9.8,10.8,12.2
2025-09-22 22:00:00,502.1,2706.2,647.4,981.6,4837.3,10.1,10.4,12.1
2025-09-22 23:00:00,483.9,2563.8,595.6,949.3,4592.6,9.4,10.3,11.8
2025-09-23 00:00:00,475.0,2601.6,579.2,937.0,4592.8,8.8,9.9,11.6
2025-09-23 01:00:00,472.3,2531.6,559.4,936.9,4500.2,8.1,9.4,11.2
2025-09-23 02:00:00,480.4,2445.9,554.8,930.1,4411.2,7.6,8.9,10.6
2025-09-23 03:00:00,481.3,2477.2,536.9,937.8,4433.2,6.5,7.2,10.7
2025-09-23 04:00:00,468.1,2534.2,545.0,963.0,4510.3,6.0,7.0,10.7
2025-09-23 05:00:00,472.9,2648.2,573.4,1055.6,4750.1,5.7,6.7,10.7
2025-09-23 06:00:00,512.9,2948.5,660.9,1088.6,5210.9,5.4,6.6,10.8
2025-09-23 07:00:00,539.7,3174.3,728.5,1118.9,5561.4,5.3,6.4,11.0
2025-09-23 08:00:00,558.6,3194.2,,1118.2,4871.0,5.7,7.1,11.2
2025-09-23 09:00:00,561.6,3199.4,717.8,1114.3,5593.1,6.5,7.9,11.9
2025-09-23 10:00:00,536.4,3139.5,693.4,1120.0,5489.3,7.7,9.0,12.5
2025-09-23 11:00:00,527.1,3049.2,677.6,1123.4,5377.3,8.8,10.2,13.2
2025-09-23 12:00:00,558.8,3005.6,659.4,1111.7,5335.5,9.6,11.0,13.8
2025-09-23 13:00:00,496.7,2921.8,647.4,1101.9,5167.8,10.0,11.7,14.4
2025-09-23 14:00:00,426.3,2938.1,660.9,1106.2,5131.5,10.3,12.2,14.7
2025-09-23 15:00:00,458.1,2965.2,656.6,1105.8,5185.7,9.1,12.2,15.0
2025-09-23 16:00:00,531.6,2945.9,658.0,1112.8,5248.3,9.9,12.1,14.9
2025-09-23 17:00:00,519.2,3095.8,701.4,1102.0,5418.4,9.5,11.9,14.6
2025-09-23 18:00:00,525.3,,704.9,1126.6,2356.8,8.9,11.0,14.0
2025-09-23 19:00:00,541.7,3123.2,730.2,1150.8,5545.9,8.1,9.6,13.2
2025-09-23 20:00:00,565.0,3064.5,707.2,1111.3,5448.0,7.5,9.3,12.9
2025-09-23 21:00:00,532.4,3001.0,659.4,1099.3,5292.1,6.9,9.2,12.7
2025-09-23 22:00:00,534.3,2897.7,647.6,1062.2,5141.8,6.5,9.0,12.0
2025-09-23 23:00:00,537.7,2778.2,620.3,1019.7,4955.9,6.1,8.8,10.9
2025-09-24 00:00:00,526.7,2631.2,568.3,1003.4,4729.6,5.7,8.6,10.1
2025-09-24 01:00:00,501.5,2610.1,553.0,989.0,4653.6,5.3,8.4,9.6
2025-09-24 02:00:00,466.4,2601.3,572.0,982.8,4622.5,5.1,8.3,9.2
2025-09-24 03:00:00,475.2,2605.2,579.8,984.7,4644.9,3.9,6.2,6.9
2025-09-24 04:00:00,445.3,2675.9,593.6,1016.7,4731.5,3.7,6.2,6.8
2025-09-24 05:00:00,522.8,2795.1,643.3,1089.3,5050.5,3.6,6.2,6.6
2025-09-24 06:00:00,585.9,3111.8,750.6,1100.6,5548.9,3.5,6.2,6.5
2025-09-24 07:00:00,548.2,3291.3,813.3,1120.3,5773.1,3.7,6.3,6.6
2025-09-24 08:00:00,578.2,,779.1,1127.2,2484.5,4.4,7.0,7.1
2025-09-24 09:00:00,695.7,3254.4,744.3,1098.6,5793.0,5.4,7.8,8.5
2025-09-24 10:00:00,635.9,3179.2,718.4,1084.0,5617.5,6.7,9.2,10.3
2025-09-24 11:00:00,598.5,3061.3,688.5,1078.7,5427.0,7.9,10.6,12.2
2025-09-24 12:00:00,665.1,2962.9,669.8,1080.3,5378.1,8.8,11.9,13.5
2025-09-24 13:00:00,565.5,2950.2,671.5,1087.2,5274.4,9.4,12.7,14.1
2025-09-24 14:00:00,629.6,2917.6,662.6,1075.9,5285.7,10.0,13.4,14.4
2025-09-24 15:00:00,582.3,2929.7,653.1,1080.0,5245.1,10.3,13.2,14.9
2025-09-24 16:00:00,584.1,2967.1,646.2,1057.8,5255.2,10.7,13.2,14.9
2025-09-24 17:00:00,591.2,3063.9,683.6,1041.1,5379.8,10.3,12.9,14.6
2025-09-24 18:00:00,546.4,3134.2,700.3,1066.4,5447.3,10.0,11.6,14.0
2025-09-24 19:00:00,617.8,3193.2,718.4,1074.3,5603.7,9.5,10.2,12.9
2025-09-24 20:00:00,512.7,3134.6,688.5,1041.9,5377.7,9.1,10.0,11.7
2025-09-24 21:00:00,502.1,3026.7,639.3,1031.6,5199.7,8.4,9.7,10.7
2025-09-24 22:00:00,488.8,2906.2,612.3,1006.7,5014.0,8.3,9.4,10.3
2025-09-24 23:00:00,547.2,2784.0,595.0,986.2,4912.4,8.7,8.9,10.1
2025-09-25 00:00:00,506.4,2691.2,574.9,961.2,4733.7,9.0,8.5,9.8
2025-09-25 01:00:00,517.8,2669.4,569.4,937.9,4694.5,9.0,8.2,9.5
2025-09-25 02:00:00,541.3,2705.9,576.6,934.4,4758.2,8.9,8.0,9.3
2025-09-25 03:00:00,536.0,2679.1,581.2,947.5,4743.8,8.2,5.9,7.8
2025-09-25 04:00:00,535.0,2699.3,587.3,969.5,4791.1,7.9,6.3,7.7
2025-09-25 05:00:00,547.4,2809.1,622.6,1059.8,5038.9,7.9,5.8,7.4
2025-09-25 06:00:00,605.2,3103.9,719.3,1080.9,5509.3,8.0,5.7,7.4
2025-09-25 07:00:00,558.4,3300.7,782.8,1111.5,5753.4,8.4,5.2,7.4
2025-09-25 08:00:00,514.5,3275.0,765.0,1127.1,5681.6,9.6,7.1,8.0
2025-09-25 09:00:00,564.0,3178.5,726.2,1112.9,5581.6,10.6,8.2,9.2
2025-09-25 10:00:00,467.1,3130.0,693.9,1102.7,5393.7,11.1,9.6,10.7
2025-09-25 11:00:00,442.1,3044.0,670.1,1082.9,5239.1,12.3,11.2,12.4
2025-09-25 12:00:00,435.0,2997.7,669.5,1081.4,5183.6,14.2,12.6,14.0
2025-09-25 13:00:00,503.0,2965.5,674.1,1077.8,5220.4,15.1,13.5,14.9
2025-09-25 14:00:00,499.9,2935.8,663.8,1063.6,5163.1,15.5,14.0,14.9
2025-09-25 15:00:00,425.9,2946.9,649.9,1054.9,5077.6,15.8,15.5,15.5
2025-09-25 16:00:00,422.4,2957.3,641.3,1024.6,5045.6,15.7,15.5,15.2
2025-09-25 17:00:00,484.1,3022.5,677.0,1002.1,5185.7,14.9,15.1,15.1
2025-09-25 18:00:00,551.0,3066.8,711.5,1034.9,5364.2,13.8,13.1,14.5
2025-09-25 19:00:00,496.9,3127.4,730.8,1054.8,5409.9,13.0,11.5,13.6
2025-09-25 20:00:00,457.5,3069.4,700.3,1028.4,5255.6,12.4,11.3,12.9
2025-09-25 21:00:00,483.9,2958.0,663.2,1012.4,5117.5,11.9,11.2,12.2
2025-09-25 22:00:00,463.4,2852.1,631.3,1003.7,4950.5,11.2,10.6,12.0
2025-09-25 23:00:00,444.3,2718.2,590.7,991.5,4744.7,10.7,10.3,11.9
2025-09-26 00:00:00,438.4,2593.1,578.9,965.0,4575.4,10.3,10.2,11.5
2025-09-26 01:00:00,453.3,2555.0,555.9,945.3,4509.5,9.8,9.9,11.4
2025-09-26 02:00:00,474.2,2562.8,555.6,929.2,4521.8,9.4,9.7,11.5
2025-09-26 03:00:00,448.2,2544.9,550.4,929.6,4473.1,8.4,7.6,10.7
2025-09-26 04:00:00,501.9,2586.0,564.8,944.0,4596.7,8.3,7.5,10.5
2025-09-26 05:00:00,490.2,2732.2,592.4,1025.4,4840.2,8.4,7.5,10.2
2025-09-26 06:00:00,537.7,3015.3,672.4,1055.8,5281.2,8.3,6.4,10.3
2025-09-26 07:00:00,536.6,3234.9,727.3,1076.9,5575.7,8.4,6.4,10.3
2025-09-26 08:00:00,537.3,3248.6,729.3,1077.5,5592.7,9.2,8.1,10.9
2025-09-26 09:00:00,582.1,3179.2,730.5,1065.8,5557.6,10.4,9.3,12.3
2025-09-26 10:00:00,574.6,3120.2,709.8,1055.6,5460.2,11.5,10.3,14.0
2025-09-26 11:00:00,536.0,3012.4,722.4,1047.9,5318.7,12.9,11.6,14.7
2025-09-26 12:00:00,531.4,2968.7,704.0,1033.4,5237.5,13.9,13.0,15.2
2025-09-26 13:00:00,492.6,,684.7,1029.1,2206.4,14.7,14.0,15.4
2025-09-26 14:00:00,494.0,2871.0,651.1,1016.1,5032.2,15.3,14.7,15.5
2025-09-26 15:00:00,513.1,2813.7,624.1,1016.8,4967.7,14.6,15.8,15.6
2025-09-26 16:00:00,536.0,2813.4,625.8,1008.9,4984.1,14.4,15.8,15.3
2025-09-26 17:00:00,571.7,2874.3,643.6,1029.2,5118.8,13.8,15.3,14.8
2025-09-26 18:00:00,534.4,2906.2,679.6,1057.3,5177.5,12.9,13.8,14.1
2025-09-26 19:00:00,535.4,2930.3,671.5,1046.3,5183.5,12.2,11.9,13.5
2025-09-26 20:00:00,533.4,2832.9,629.0,1015.5,5010.8,11.7,10.9,13.2
2025-09-26 21:00:00,549.8,2708.1,594.2,1008.1,4860.2,11.3,10.3,13.1
2025-09-26 22:00:00,570.5,2613.3,571.7,982.1,4737.6,10.9,9.9,12.9
2025-09-26 23:00:00,483.9,2586.3,568.0,968.1,4606.3,10.5,9.5,12.7
2025-09-27 00:00:00,482.5,2505.2,542.7,941.8,4472.2,10.1,9.0,12.7
2025-09-27 01:00:00,509.7,2499.6,521.1,925.1,4455.5,9.7,8.7,12.5
2025-09-27 02:00:00,518.2,2478.5,507.3,912.6,4416.6,9.3,8.5,12.1
2025-09-27 03:00:00,526.7,2455.3,494.4,906.7,4383.1,8.2,6.6,11.2
2025-09-27 04:00:00,515.7,2451.7,486.3,920.4,4374.1,7.4,6.9,11.1
2025-09-27 05:00:00,554.9,2505.8,508.5,915.3,4484.5,7.7,7.0,10.9
2025-09-27 06:00:00,523.7,2576.5,532.9,901.7,4534.8,7.3,7.2,10.8
2025-09-27 07:00:00,521.2,2639.4,522.0,919.9,4602.5,7.1,7.4,10.7
2025-09-27 08:00:00,518.2,2734.8,,942.1,4195.1,7.7,7.8,11.1
2025-09-27 09:00:00,509.0,2792.5,572.6,961.1,4835.2,8.9,8.6,12.3
2025-09-27 10:00:00,509.5,2761.6,566.8,963.5,4801.4,10.4,9.9,13.7
2025-09-27 11:00:00,537.0,2685.3,537.2,956.8,4716.3,11.9,11.5,14.9
2025-09-27 12:00:00,536.8,2630.9,523.7,947.0,4638.4,12.5,12.8,15.5
2025-09-27 13:00:00,537.7,2576.2,517.4,950.8,4582.1,12.7,13.5,15.8
2025-09-27 14:00:00,506.2,2533.8,509.0,945.7,4494.7,12.5,14.2,16.0
2025-09-27 15:00:00,512.9,2530.6,517.1,942.2,4502.8,12.8,15.6,16.3
2025-09-27 16:00:00,565.7,2573.6,529.2,945.9,4614.4,12.2,15.8,16.1
2025-09-27 17:00:00,577.0,2641.3,574.3,945.6,4738.2,11.2,15.3,15.4
2025-09-27 18:00:00,553.1,2694.8,609.4,961.1,4818.4,10.2,13.5,14.5
2025-09-27 19:00:00,549.8,2723.4,600.8,973.4,4847.4,10.1,11.7,13.5
2025-09-27 20:00:00,602.4,2663.2,594.7,954.8,4815.1,10.1,10.7,12.9
2025-09-27 21:00:00,597.3,2572.9,576.6,960.5,4707.3,10.2,10.3,12.6
2025-09-27 22:00:00,593.0,2489.5,557.1,938.7,4578.3,10.0,10.3,12.5
2025-09-27 23:00:00,537.3,2398.0,525.4,909.9,4370.6,9.8,10.2,12.3
2025-09-28 00:00:00,508.6,2378.8,515.9,907.1,4310.4,9.6,9.1,12.2
2025-09-28 01:00:00,498.5,2377.1,501.8,901.0,4278.4,9.3,9.2,11.9
2025-09-28 02:00:00,506.8,2352.4,513.3,907.5,4280.0,9.2,9.1,11.6
2025-09-28 03:00:00,465.6,2327.3,520.8,910.1,4223.8,7.8,7.8,11.0
2025-09-28 04:00:00,461.0,2319.8,515.4,922.0,4218.2,7.6,7.8,10.8
2025-09-28 05:00:00,437.6,2343.6,509.0,935.4,4225.6,7.2,7.7,10.6
2025-09-28 06:00:00,497.7,2393.4,519.4,939.3,4349.8,7.0,7.9,10.5
2025-09-28 07:00:00,480.2,2420.1,527.4,967.2,4394.9,6.9,8.2,10.4
2025-09-28 08:00:00,517.0,2520.2,541.5,980.1,4558.8,7.6,10.4,10.7
2025-09-28 09:00:00,539.5,2616.6,546.4,982.7,4685.2,8.3,11.8,11.8
2025-09-28 10:00:00,547.8,2664.8,547.9,962.8,4723.3,9.3,13.3,13.4
2025-09-28 11:00:00,475.2,2702.6,566.3,949.2,4693.3,10.2,14.0,15.0
2025-09-28 12:00:00,465.0,2765.8,574.6,946.8,4752.2,10.8,14.8,16.0
2025-09-28 13:00:00,478.2,2739.4,580.1,953.6,4751.3,11.1,15.1,16.3
2025-09-28 14:00:00,449.8,2676.5,570.3,944.7,4641.3,11.4,14.9,16.7
2025-09-28 15:00:00,512.5,2694.1,590.7,940.0,4737.3,12.5,14.7,16.6
2025-09-28 16:00:00,564.4,2723.4,603.6,936.2,4827.6,12.4,14.0,16.7
2025-09-28 17:00:00,585.1,2815.3,608.2,945.8,4954.4,12.2,13.1,16.3
2025-09-28 18:00:00,591.6,2872.6,629.8,988.9,5082.9,11.8,12.2,15.4
2025-09-28 19:00:00,595.9,2916.0,644.5,1027.7,5184.1,11.7,11.5,14.2
2025-09-28 20:00:00,505.0,2815.0,625.8,1010.8,4956.6,11.8,10.9,13.6
2025-09-28 21:00:00,478.8,2730.3,618.6,1017.7,4845.4,11.5,11.1,13.0
2025-09-28 22:00:00,472.5,2608.4,577.2,1015.7,4673.8,11.0,11.4,12.6
2025-09-28 23:00:00,383.7,2483.0,533.2,989.8,4389.7,10.5,11.5,12.2
2025-09-29 00:00:00,480.0,2358.9,514.8,971.4,4325.1,10.1,11.4,12.0
2025-09-29 01:00:00,482.5,2338.7,503.0,963.2,4287.4,9.7,11.4,12.1
2025-09-29 02:00:00,459.3,2307.1,492.6,963.0,4222.0,9.6,11.1,12.0
2025-09-29 03:00:00,435.4,2289.8,499.3,969.5,4194.0,9.7,9.6,11.2
2025-09-29 04:00:00,495.3,2307.4,490.3,1000.6,4293.6,9.4,9.6,11.2
2025-09-29 05:00:00,532.2,2439.7,540.4,1084.9,4597.2,9.2,9.3,11.0
2025-09-29 06:00:00,575.2,,642.2,1131.9,2349.3,8.5,9.0,10.7
2025-09-29 07:00:00,525.5,2959.0,696.5,1174.5,5355.5,8.0,9.0,10.6
2025-09-29 08:00:00,491.2,3052.1,726.4,1172.9,5442.6,8.0,10.1,10.9
2025-09-29 09:00:00,504.2,3104.3,,1119.1,4727.6,8.9,11.4,12.2
2025-09-29 10:00:00,539.7,3162.9,760.4,1090.4,5553.4,9.9,12.2,13.4
2025-09-29 11:00:00,548.6,3142.7,751.2,1083.5,5526.0,10.6,12.4,14.2
2025-09-29 12:00:00,560.8,3189.6,745.1,1071.0,5566.5,11.7,12.3,14.7
2025-09-29 13:00:00,576.2,3123.5,758.1,1049.6,5507.4,12.1,12.0,14.8
2025-09-29 14:00:00,575.4,3044.0,685.3,1041.8,5346.5,12.6,11.8,14.7
2025-09-29 15:00:00,,2994.2,679.9,1039.6,4713.7,12.6,12.6,14.6
2025-09-29 16:00:00,567.1,2964.8,658.9,1045.4,5236.2,12.0,12.1,14.3
2025-09-29 17:00:00,601.8,3031.0,695.7,1042.5,5371.0,11.5,11.5,13.7
2025-09-29 18:00:00,557.9,2995.8,670.1,1088.2,5312.0,10.9,10.9,12.7
2025-09-29 19:00:00,545.2,2986.3,663.5,1101.8,5296.8,10.9,10.1,12.0
2025-09-29 20:00:00,554.5,2925.4,656.6,1100.7,5237.2,10.7,10.1,11.4
2025-09-29 21:00:00,545.8,2813.7,616.6,1111.0,5087.1,10.4,10.1,10.9
2025-09-29 22:00:00,505.6,2714.0,588.7,1088.5,4896.8,10.2,9.6,10.5
2025-09-29 23:00:00,500.7,2592.8,539.5,1065.9,4698.9,9.9,8.8,10.0
2025-09-30 00:00:00,447.4,2490.2,522.3,1039.5,4499.4,9.6,9.1,9.7
2025-09-30 01:00:00,436.0,2508.4,526.9,1028.7,4500.0,9.2,9.3,9.6
2025-09-30 02:00:00,470.5,2518.2,529.2,1026.3,4544.2,8.8,9.4,9.4
2025-09-30 03:00:00,488.2,2426.3,513.3,1026.9,4454.7,8.3,8.2,8.8
2025-09-30 04:00:00,562.0,2472.9,,1059.5,4094.4,8.4,8.2,8.9
2025-09-30 05:00:00,566.1,2578.5,549.0,1142.1,4835.7,8.5,8.5,8.8
2025-09-30 06:00:00,581.7,2884.0,644.8,1164.4,5274.9,8.4,8.6,8.7
2025-09-30 07:00:00,626.1,3063.2,688.2,1171.1,5548.6,7.7,9.0,8.3
2025-09-30 08:00:00,606.4,3115.7,693.4,1167.7,5583.2,8.0,9.8,8.7
2025-09-30 09:00:00,614.8,3207.9,679.0,1130.6,5632.3,8.7,10.8,9.9
2025-09-30 10:00:00,608.3,,658.6,1097.9,2364.8,9.5,11.4,11.3
2025-09-30 11:00:00,559.0,3244.3,666.9,1094.4,5564.6,10.4,11.8,12.2
2025-09-30 12:00:00,525.5,3273.0,675.0,1084.6,5558.1,11.1,12.3,12.9
2025-09-30 13:00:00,532.2,3285.7,679.3,1068.5,5565.7,11.4,11.8,13.4
2025-09-30 14:00:00,523.2,3243.4,683.3,1057.3,5507.2,11.8,11.5,13.6
2025-09-30 15:00:00,498.9,3227.7,696.5,1043.4,5466.5,12.0,11.5,13.6
2025-09-30 16:00:00,528.3,3160.3,710.9,1036.0,5435.5,12.0,11.3,13.2
2025-09-30 17:00:00,536.8,3164.9,721.8,1041.9,5465.4,11.4,11.1,12.9
2025-09-30 18:00:00,533.8,3185.4,722.4,1091.4,5533.0,10.6,9.8,12.4
2025-09-30 19:00:00,532.8,3225.8,741.1,1103.0,5602.7,10.2,9.0,11.5
2025-09-30 20:00:00,575.6,3161.9,712.1,1075.3,5524.9,9.8,8.2,10.8
2025-09-30 21:00:00,586.4,3008.8,662.6,1078.2,5336.0,9.6,7.9,10.2
2025-09-30 22:00:00,552.5,2845.6,633.8,1050.1,5082.0,9.2,8.0,9.6
2025-09-30 23:00:00,525.1,2678.2,589.8,1030.6,4823.7,8.6,7.9,9.2
2025-10-01 00:00:00,519.8,2590.2,555.3,1016.5,4681.8,8.0,7.8,9.2
2025-10-01 01:00:00,528.1,2561.2,554.8,1016.9,4661.0,7.7,7.5,9.1
2025-10-01 02:00:00,536.0,2529.9,549.3,1007.8,4623.0,7.0,6.7,8.6
2025-10-01 03:00:00,587.2,2561.2,566.0,1009.3,4723.7,7.1,5.7,8.2
2025-10-01 04:00:00,546.2,2551.1,571.4,1035.6,4704.3,7.4,6.2,8.2
2025-10-01 05:00:00,501.7,2673.3,597.6,1099.4,4872.0,7.2,6.2,8.2
2025-10-01 06:00:00,545.0,2967.4,690.8,1111.3,5314.5,7.2,6.3,8.1
2025-10-01 07:00:00,512.3,3169.4,757.5,1122.5,5561.7,7.0,6.8,8.1
2025-10-01 08:00:00,585.7,3229.0,754.6,1129.8,5699.1,6.7,7.5,8.3
2025-10-01 09:00:00,527.9,3264.5,760.7,1118.4,5671.5,7.3,7.8,9.2
2025-10-01 10:00:00,528.7,3321.6,770.7,1108.6,5729.6,8.3,8.7,10.6
2025-10-01 11:00:00,493.4,3274.0,759.2,1096.5,5623.1,9.3,9.8,11.6
2025-10-01 12:00:00,494.8,3273.0,748.3,1090.1,5606.2,9.8,11.1,12.2
2025-10-01 13:00:00,457.1,3271.1,728.5,1076.0,5532.7,10.1,11.4,12.8
2025-10-01 14:00:00,468.3,3217.3,715.2,1065.4,5466.2,10.4,11.9,11.9
2025-10-01 15:00:00,499.1,3147.3,707.2,1055.8,5409.4,10.5,11.9,12.6
2025-10-01 16:00:00,532.6,3066.5,704.6,1057.9,5361.6,10.3,11.9,12.9
2025-10-01 17:00:00,551.0,3070.4,756.4,1064.2,5442.0,10.3,11.5,12.9
2025-10-01 18:00:00,511.5,3113.4,745.1,1103.5,5473.5,10.4,10.4,12.3
2025-10-01 19:00:00,477.6,3137.2,733.1,1096.7,5444.6,10.3,9.3,11.2
2025-10-01 20:00:00,517.0,3113.7,716.4,1056.7,5403.8,9.9,8.4,11.0
2025-10-01 21:00:00,504.8,3002.0,685.0,1057.7,5249.5,9.6,7.5,10.8
2025-10-01 22:00:00,536.0,2810.4,645.6,1033.3,5025.3,9.3,7.2,10.3
2025-10-01 23:00:00,491.4,2667.7,611.4,1004.5,4775.0,8.8,6.9,9.9
2025-10-02 00:00:00,492.4,2607.1,575.5,981.8,4656.8,8.3,6.7,9.6
2025-10-02 01:00:00,458.9,2528.3,568.8,968.9,4524.9,8.0,6.5,9.3
2025-10-02 02:00:00,433.6,2543.3,574.3,959.3,4510.5,9.2,6.2,8.7
2025-10-02 03:00:00,410.4,2531.9,571.4,969.8,4483.5,9.2,5.7,8.3
2025-10-02 04:00:00,416.9,2532.2,576.3,999.1,4524.5,9.0,5.8,8.1
2025-10-02 05:00:00,433.0,2613.3,605.1,1071.7,4723.1,8.7,5.6,8.0
2025-10-02 06:00:00,442.1,2939.8,696.8,1109.4,5188.1,9.4,5.4,7.7
2025-10-02 07:00:00,452.2,3225.5,757.2,1126.2,5561.1,9.5,5.2,7.5
2025-10-02 08:00:00,475.2,3250.9,,1151.7,4877.8,10.5,6.3,7.8
2025-10-02 09:00:00,515.5,3236.9,695.1,1136.7,5584.2,10.7,7.0,8.8
2025-10-02 10:00:00,,3092.2,681.3,1116.3,4889.8,10.9,8.9,10.4
2025-10-02 11:00:00,457.9,3099.4,671.2,1114.4,5342.9,10.9,11.0,12.0
2025-10-02 12:00:00,475.2,2995.1,696.0,1109.7,5276.0,11.1,12.3,13.0
2025-10-02 13:00:00,464.8,3020.9,689.3,1103.8,5278.8,10.8,12.9,13.6
2025-10-02 14:00:00,486.7,2968.1,660.3,1095.9,5211.0,10.7,12.8,13.7
2025-10-02 15:00:00,533.6,2986.7,658.3,1071.5,5250.1,11.0,12.5,14.0
2025-10-02 16:00:00,537.2,2988.0,685.6,1057.8,5268.6,10.9,12.0,14.0
2025-10-02 17:00:00,478.6,3042.4,728.5,1066.4,5315.9,10.6,11.6,13.6
2025-10-02 18:00:00,475.2,3071.0,713.2,1128.8,5388.2,10.5,10.4,13.0
2025-10-02 19:00:00,473.9,3070.1,732.8,1170.5,5447.3,10.4,9.6,11.8
2025-10-02 20:00:00,496.7,3037.2,719.3,1167.9,5421.1,10.3,8.7,10.7
2025-10-02 21:00:00,520.0,2891.9,684.2,1166.8,5262.9,9.9,7.6,9.9
2025-10-02 22:00:00,488.4,2723.4,643.3,1149.6,5004.7,9.6,7.1,9.4
2025-10-02 23:00:00,397.1,2574.9,601.3,1123.7,4697.0,9.3,6.9,9.1
2025-10-03 00:00:00,479.8,2438.1,585.8,1086.4,4590.1,9.3,7.0,9.0
2025-10-03 01:00:00,432.0,2406.5,589.3,1083.9,4511.7,9.6,6.9,9.0
2025-10-03 02:00:00,466.4,2408.4,591.3,1073.0,4539.1,9.7,6.8,8.5
2025-10-03 03:00:00,472.5,2466.7,595.6,1079.8,4614.6,9.8,5.6,8.0
2025-10-03 04:00:00,465.2,2484.7,601.1,1098.4,4649.4,10.0,5.6,8.2
2025-10-03 05:00:00,478.6,2604.2,627.5,1175.4,4885.7,10.0,5.6,8.5
2025-10-03 06:00:00,458.5,2889.6,724.7,1220.8,5293.6,10.4,5.6,8.7
2025-10-03 07:00:00,439.9,3118.3,778.2,1248.3,5584.7,10.4,5.4,9.0
2025-10-03 08:00:00,511.9,3140.4,779.9,1250.8,5683.0,10.7,6.5,9.0
2025-10-03 09:00:00,520.9,3056.7,746.9,1217.1,5541.6,10.9,8.2,10.0
2025-10-03 10:00:00,559.4,2964.8,747.7,1204.4,5476.3,11.1,9.7,11.2
2025-10-03 11:00:00,562.4,2876.9,705.2,,4144.5,11.4,11.2,12.2
2025-10-03 12:00:00,,2830.0,679.6,1191.4,4701.0,11.7,12.0,12.8
2025-10-03 13:00:00,453.0,2842.7,,1186.3,4482.0,11.8,12.1,13.2
2025-10-03 14:00:00,607.9,2775.9,626.9,1161.2,5171.9,11.9,11.9,13.5
2025-10-03 15:00:00,614.5,2758.6,602.8,1151.3,5127.2,11.7,11.6,13.2
2025-10-03 16:00:00,530.2,2805.5,636.4,1136.3,5108.4,11.4,11.4,13.1
2025-10-03 17:00:00,513.3,2920.9,674.1,1147.5,5255.8,11.0,11.1,12.6
2025-10-03 18:00:00,512.1,2935.5,673.2,1209.3,5330.1,10.6,10.1,12.1
2025-10-03 19:00:00,537.9,2782.4,630.4,1221.3,5172.0,10.4,8.9,11.3
2025-10-03 20:00:00,519.8,2688.9,571.1,1182.2,4962.0,10.2,9.1,11.1
2025-10-03 21:00:00,411.9,2575.2,539.8,1165.1,4692.0,9.8,8.8,11.0
2025-10-03 22:00:00,389.3,2535.5,494.1,1136.0,4554.9,9.7,8.9,11.2
2025-10-03 23:00:00,359.5,2503.9,444.6,1088.8,4396.8,9.8,9.0,11.5
2025-10-04 00:00:00,435.6,2399.6,466.8,1050.0,4352.0,9.7,9.0,11.5
2025-10-04 01:00:00,434.6,2350.4,482.6,1039.9,4307.5,9.7,9.2,11.5
2025-10-04 02:00:00,417.3,2305.5,479.1,1031.5,4233.4,9.4,9.3,11.6
2025-10-04 03:00:00,418.8,2289.2,493.5,1020.9,4222.4,9.5,9.2,11.7
2025-10-04 04:00:00,452.8,2364.4,496.7,1041.3,4355.2,9.1,10.0,11.7
2025-10-04 05:00:00,449.6,2368.4,510.2,1074.0,4402.2,8.9,9.9,11.5
2025-10-04 06:00:00,430.1,2456.3,544.4,1071.8,4502.6,9.0,9.7,11.4
2025-10-04 07:00:00,398.3,2499.0,570.0,1091.2,4558.5,8.9,10.0,11.3
2025-10-04 08:00:00,393.6,2658.9,613.1,,3665.6,8.7,10.9,10.5
2025-10-04 09:00:00,501.9,2775.9,656.8,1123.1,5057.7,8.9,11.1,9.9
2025-10-04 10:00:00,456.7,2887.0,682.4,1124.6,5150.7,8.8,11.0,9.7
2025-10-04 11:00:00,494.2,2999.0,701.4,1129.2,5323.8,8.8,11.1,9.5
2025-10-04 12:00:00,463.4,3051.2,719.0,1128.4,5362.0,9.0,11.7,9.5
2025-10-04 13:00:00,493.2,3085.4,726.7,1131.9,5437.2,9.2,11.0,10.2
2025-10-04 14:00:00,479.4,3038.1,721.6,1136.5,5375.6,9.4,11.2,10.2
2025-10-04 15:00:00,469.1,3038.8,726.4,1151.2,5385.5,9.2,10.3,11.1
2025-10-04 16:00:00,481.3,3060.9,738.2,1168.7,5449.1,9.0,9.8,11.6
2025-10-04 17:00:00,424.2,3135.9,753.2,1192.2,5505.5,8.8,9.2,12.0
2025-10-04 18:00:00,463.0,3195.2,737.4,1209.7,5605.3,8.5,9.0,12.4
2025-10-04 19:00:00,539.9,3137.5,733.6,1190.8,5601.8,8.3,8.8,12.1
2025-10-04 20:00:00,502.6,2986.0,706.6,1140.6,5335.8,8.2,8.9,11.5
2025-10-04 21:00:00,500.3,2897.4,648.5,1124.6,5170.8,8.5,8.8,11.4
2025-10-04 22:00:00,493.4,2781.8,608.5,1097.2,4980.9,8.7,8.8,11.2
2025-10-04 23:00:00,437.2,2646.6,575.2,1061.4,4720.4,8.2,9.1,10.6
2025-10-05 00:00:00,498.1,2507.1,546.4,1025.2,4576.8,8.1,9.4,10.8
2025-10-05 01:00:00,483.9,2402.2,530.9,1005.0,4422.0,8.2,9.7,10.9
2025-10-05 02:00:00,506.0,2363.5,532.9,999.0,4401.4,8.1,9.6,11.5
2025-10-05 03:00:00,527.3,2315.6,539.5,1000.9,4383.3,7.7,10.0,11.4
2025-10-05 04:00:00,525.1,2292.8,529.7,994.2,4341.8,7.6,10.0,11.5
2025-10-05 05:00:00,507.8,2297.3,516.5,1006.0,4327.6,7.8,10.3,11.5
2025-10-05 06:00:00,537.9,2336.1,538.9,1006.3,4419.2,8.3,9.9,11.6
2025-10-05 07:00:00,496.3,2373.6,531.7,1032.6,4434.2,8.0,9.6,11.9
2025-10-05 08:00:00,514.5,2476.8,,1069.5,4060.8,8.1,9.3,11.5
2025-10-05 09:00:00,553.9,2590.5,584.7,1087.4,4816.5,8.4,10.0,11.7
2025-10-05 10:00:00,555.7,2679.1,606.8,1099.2,4940.8,8.4,11.1,12.0
2025-10-05 11:00:00,553.5,2734.8,604.5,1108.7,5001.5,8.7,12.1,12.7
2025-10-05 12:00:00,616.2,2795.1,600.5,1109.3,5121.1,9.0,13.2,13.0
2025-10-05 13:00:00,559.4,2758.0,613.4,1108.3,5039.1,9.0,13.6,13.7
2025-10-05 14:00:00,590.0,2773.3,611.4,1103.9,5078.6,8.7,13.1,13.3
2025-10-05 15:00:00,576.8,2787.9,624.1,1103.8,5092.6,9.7,13.3,13.3
2025-10-05 16:00:00,561.4,2874.3,656.0,1114.5,5206.2,10.1,12.8,13.2
2025-10-05 17:00:00,601.0,3005.2,672.7,1123.9,5402.8,10.2,12.2,13.3
2025-10-05 18:00:00,559.6,3127.7,676.7,1155.2,5519.2,10.3,11.2,13.0
2025-10-05 19:00:00,588.6,3119.9,673.2,1128.1,5509.8,10.3,10.4,12.7
2025-10-05 20:00:00,593.0,3018.3,659.4,1077.6,5348.3,10.5,9.6,12.4
2025-10-05 21:00:00,540.7,2896.1,641.6,1072.1,5150.5,10.2,9.6,12.4
2025-10-05 22:00:00,546.5,2766.4,618.3,1043.4,4974.6,10.0,9.5,12.4
2025-10-05 23:00:00,547.6,2612.4,611.4,1011.1,4782.5,9.9,9.2,12.2
2025-10-06 00:00:00,544.3,2550.8,553.3,990.2,4638.6,9.6,8.9,12.0
2025-10-06 01:00:00,506.2,2480.7,576.0,963.0,4525.9,9.5,8.5,13.1
2025-10-06 02:00:00,530.1,2446.2,577.8,946.2,4500.3,9.4,8.6,13.2
2025-10-06 03:00:00,544.1,2396.7,552.5,951.7,4445.0,9.4,7.9,13.5
2025-10-06 04:00:00,550.6,2441.3,567.4,984.5,4543.8,9.4,7.6,13.4
2025-10-06 05:00:00,574.6,2579.1,625.2,1043.4,4822.3,9.4,7.1,13.3
2025-10-06 06:00:00,619.8,2905.2,724.4,1073.3,5322.7,9.1,6.7,13.3
2025-10-06 07:00:00,657.6,3140.1,786.0,1074.9,5658.6,9.2,6.6,13.1
2025-10-06 08:00:00,614.3,3150.2,790.0,1090.7,5645.2,9.5,7.7,12.9
2025-10-06 09:00:00,626.9,2818.9,774.5,1099.2,5319.5,9.5,8.6,13.1
2025-10-06 10:00:00,658.0,2801.6,770.4,1105.5,5335.5,9.8,9.1,13.4
2025-10-06 11:00:00,668.3,2784.7,771.6,1113.2,5337.8,9.9,10.2,13.7
2025-10-06 12:00:00,658.8,2772.0,758.9,1103.7,5293.4,10.3,11.6,14.1
2025-10-06 13:00:00,645.6,2762.9,784.0,1084.8,5277.3,10.6,12.8,14.6
2025-10-06 14:00:00,614.6,2703.9,784.3,1089.1,5191.9,10.1,13.3,14.8
2025-10-06 15:00:00,600.8,2720.2,782.5,1063.5,5167.0,10.1,13.4,14.4
2025-10-06 16:00:00,576.0,2727.0,785.1,1049.7,5137.8,10.1,13.4,14.2
2025-10-06 17:00:00,582.5,2780.5,790.9,1051.2,5205.1,9.9,13.0,13.8
2025-10-06 18:00:00,587.6,2828.0,776.5,1062.4,5254.5,9.6,11.7,13.3
2025-10-06 19:00:00,551.7,2791.9,771.3,1046.0,5160.9,9.5,11.3,12.8
2025-10-06 19:00:00,551.7,2791.9,771.3,1046.0,5160.9,9.5,11.3,12.8
2025-10-06 20:00:00,505.4,2862.5,735.1,1011.5,5114.5,9.5,10.1,13.1
2025-10-06 21:00:00,437.4,2933.6,702.0,1000.9,5073.9,8.6,9.3,12.9
2025-10-06 22:00:00,424.6,2806.5,643.9,972.1,4847.1,7.8,8.8,12.8
2025-10-06 23:00:00,426.3,2666.1,611.1,935.5,4639.0,7.3,8.3,12.6
2025-10-07 00:00:00,544.1,2555.3,587.5,902.4,4589.3,7.1,7.8,12.3
2025-10-07 01:00:00,513.7,2471.6,574.6,911.1,4471.0,7.0,7.5,12.1
2025-10-07 02:00:00,530.1,2412.3,575.7,898.0,4416.1,8.0,7.3,12.2
2025-10-07 03:00:00,533.8,2401.3,566.0,888.1,4389.2,7.8,7.4,12.3
2025-10-07 04:00:00,528.1,2398.3,564.2,917.3,4407.9,7.7,7.5,12.2
2025-10-07 05:00:00,541.1,2496.1,597.3,,3634.5,7.7,7.7,12.3
2025-10-07 06:00:00,567.7,2796.1,704.3,1042.6,5110.7,8.2,7.2,12.3
2025-10-07 07:00:00,591.0,2979.8,757.2,,4328.0,8.2,7.1,12.3
2025-10-07 08:00:00,586.3,3032.6,741.1,1056.7,5416.7,8.8,8.7,12.4
2025-10-07 09:00:00,599.7,3062.6,723.3,1067.5,5453.1,9.1,9.5,12.8
2025-10-07 10:00:00,558.4,3081.5,747.2,1099.2,5486.3,9.8,10.6,13.4
2025-10-07 11:00:00,560.0,3075.9,719.5,1097.8,5453.2,9.9,11.9,13.8
2025-10-07 12:00:00,553.9,3078.9,728.5,1096.3,5457.6,10.4,12.9,14.2
2025-10-07 13:00:00,519.4,3081.8,729.9,1088.4,5419.5,10.5,13.3,13.7
2025-10-07 14:00:00,490.8,3047.3,728.2,1076.0,5342.3,10.5,13.9,13.7
2025-10-07 15:00:00,509.9,,733.9,1071.5,2315.3,10.4,13.8,13.9
2025-10-07 16:00:00,553.5,,728.7,1062.0,2344.2,10.4,13.8,13.9
2025-10-07 17:00:00,529.5,3122.8,733.3,1091.4,5477.0,10.4,13.2,13.8
2025-10-07 18:00:00,568.3,3152.8,730.5,1123.4,5575.0,10.3,12.7,13.7
2025-10-07 19:00:00,589.0,3089.9,717.2,1116.3,5512.4,10.1,12.6,13.7
2025-10-07 20:00:00,564.4,2964.5,699.4,1084.6,5312.9,10.1,12.5,14.1
2025-10-07 21:00:00,566.1,2847.2,669.2,1068.7,5151.2,9.9,12.6,14.1
2025-10-07 22:00:00,551.5,2713.3,616.3,1028.7,4909.8,9.9,12.0,14.1
2025-10-07 23:00:00,535.4,2597.7,570.3,982.8,4686.2,9.8,11.7,14.1
2025-10-08 00:00:00,410.8,2468.0,542.1,963.5,4384.4,9.8,11.7,14.1
2025-10-08 01:00:00,495.9,2403.5,520.0,935.8,4355.2,9.7,11.8,14.2
2025-10-08 02:00:00,514.3,2395.1,500.7,916.1,4326.2,9.4,11.8,14.1
2025-10-08 03:00:00,478.0,2370.0,486.6,925.6,4260.2,9.3,12.0,13.7
2025-10-08 04:00:00,465.6,2419.8,523.1,946.5,4355.0,9.2,12.2,13.5
2025-10-08 05:00:00,462.0,2530.9,569.1,1030.0,4592.0,9.0,12.2,13.3
2025-10-08 06:00:00,507.2,2830.3,662.6,1099.5,5099.6,8.8,12.1,13.1
2025-10-08 07:00:00,511.9,3094.5,732.5,1125.4,5464.3,8.7,12.2,13.0
2025-10-08 08:00:00,548.8,3132.3,747.7,1137.6,5566.4,8.6,12.2,13.1
2025-10-08 09:00:00,624.9,3144.3,743.7,1125.4,5638.3,9.1,12.0,13.2
2025-10-08 10:00:00,591.6,3101.7,700.0,1143.4,5536.7,9.4,12.4,13.3
2025-10-08 11:00:00,587.6,3024.8,665.2,1144.5,5422.1,9.7,12.7,13.5
2025-10-08 12:00:00,560.0,2988.0,689.1,1131.4,5368.5,10.4,13.3,13.8
2025-10-08 13:00:00,545.2,2951.5,671.2,1121.8,5289.7,10.3,14.1,14.1
2025-10-08 14:00:00,556.9,2876.6,683.0,1114.4,5230.9,9.9,14.2,14.0
2025-10-08 15:00:00,528.3,2875.6,684.2,1106.5,5194.6,9.7,14.9,14.1
2025-10-08 16:00:00,516.8,2954.7,689.6,1093.2,5254.3,9.5,15.1,14.3
2025-10-08 17:00:00,493.8,3119.3,729.9,1095.9,5438.9,9.0,14.5,14.4
2025-10-08 18:00:00,465.2,3153.8,748.6,1110.6,5478.2,8.4,13.2,13.9
2025-10-08 19:00:00,480.8,3107.5,738.8,1083.6,5410.7,8.0,12.2,13.0
2025-10-08 20:00:00,509.7,3038.1,705.7,1025.3,5278.8,7.1,11.5,12.4
2025-10-08 21:00:00,515.9,2897.7,654.3,1017.2,5085.1,6.6,10.7,11.9
2025-10-08 22:00:00,534.4,2765.8,639.3,974.3,4913.8,6.4,10.0,11.2
2025-10-08 23:00:00,451.6,2663.8,626.7,951.0,4693.1,6.3,9.7,11.4
2025-10-09 00:00:00,465.0,2541.7,581.5,935.1,4523.3,6.3,9.5,11.6
2025-10-09 01:00:00,485.3,2517.9,572.6,934.7,4510.5,6.3,9.2,11.9
2025-10-09 02:00:00,465.2,2565.4,582.4,939.3,4552.3,6.6,8.5,11.5
2025-10-09 03:00:00,470.7,2547.5,574.0,925.7,4517.9,6.3,8.1,11.4
2025-10-09 04:00:00,512.7,2570.3,569.4,946.3,4598.7,6.2,7.7,11.1
2025-10-09 05:00:00,496.7,2683.4,611.1,1015.7,4806.9,5.9,7.5,10.9
2025-10-09 06:00:00,551.7,2942.4,718.1,1068.2,5280.4,5.5,7.1,10.8
2025-10-09 07:00:00,515.3,3133.3,784.0,1075.6,5508.2,5.4,6.7,10.4
2025-10-09 08:00:00,526.7,3181.8,758.9,1095.1,5562.5,5.4,6.7,10.4
2025-10-09 09:00:00,520.8,3125.1,731.0,1093.6,5470.5,6.2,7.3,10.8
2025-10-09 10:00:00,579.4,3119.9,725.3,1101.2,5525.8,6.8,8.9,11.4
2025-10-09 11:00:00,561.0,3037.5,703.2,1103.2,5404.9,7.4,10.4,11.9
2025-10-09 12:00:00,562.6,3026.4,677.0,1109.3,5375.3,7.7,11.8,12.5
2025-10-09 13:00:00,555.9,3047.3,689.3,1105.1,5397.6,8.3,13.0,13.1
2025-10-09 14:00:00,590.6,3034.2,696.5,1104.8,5426.1,8.6,13.2,13.7
2025-10-09 15:00:00,642.3,3073.6,705.7,1113.3,5534.9,9.3,13.3,13.9
2025-10-09 16:00:00,620.4,3127.4,736.2,1130.5,5614.5,8.9,13.0,14.0
2025-10-09 17:00:00,619.6,3227.1,753.8,1149.6,5750.1,7.5,12.7,13.6
2025-10-09 18:00:00,564.4,3210.5,747.4,1197.2,5719.5,7.1,12.0,13.5
2025-10-09 19:00:00,509.5,3140.8,709.2,1180.0,5539.5,7.1,10.8,13.6
2025-10-09 20:00:00,625.1,3071.4,702.9,1125.7,5525.1,7.3,10.8,13.5
2025-10-09 21:00:00,621.7,2988.3,642.8,1103.0,5355.8,6.9,10.7,13.3
2025-10-09 22:00:00,545.8,2850.2,576.3,1080.0,5052.3,6.2,10.6,13.2
2025-10-09 23:00:00,459.7,2667.7,576.6,1037.1,4741.1,5.5,10.6,12.8
2025-10-10 00:00:00,477.6,2582.7,590.1,1015.5,4665.9,4.9,10.0,12.6
2025-10-10 01:00:00,498.1,2535.1,572.3,1004.0,4609.5,4.6,9.5,12.5
2025-10-10 02:00:00,541.7,2538.7,564.8,995.0,4640.2,5.5,9.3,12.3
2025-10-10 03:00:00,533.0,2456.3,506.2,998.8,4494.3,4.0,8.2,12.1
2025-10-10 04:00:00,564.0,2441.3,539.2,1013.4,4557.9,6.0,7.5,12.0
2025-10-10 05:00:00,559.0,2544.3,550.4,1083.5,4737.2,5.6,7.0,11.9
2025-10-10 06:00:00,604.0,2884.7,643.3,1142.3,5274.3,5.2,6.5,11.9
2025-10-10 07:00:00,635.2,3085.0,697.1,1156.2,5573.5,5.1,6.2,11.9
2025-10-10 08:00:00,609.1,3129.7,711.2,1162.2,5612.2,5.2,6.0,11.9
2025-10-10 09:00:00,613.7,3127.4,719.5,1162.9,5623.5,5.9,6.6,12.2
2025-10-10 10:00:00,556.5,3059.0,699.1,1165.9,5480.5,6.7,7.7,12.9
2025-10-10 11:00:00,531.2,3000.7,689.1,1157.4,5378.4,7.8,8.7,13.3
2025-10-10 12:00:00,614.1,2906.9,675.8,1160.1,5356.9,9.6,9.4,14.0
2025-10-10 13:00:00,596.3,2848.2,674.1,1143.7,5262.3,10.9,10.2,14.6
2025-10-10 14:00:00,597.5,2833.2,654.0,1139.0,5223.7,10.9,10.9,14.5
2025-10-10 15:00:00,512.1,2859.9,643.0,1146.6,5161.6,10.8,11.4,14.5
2025-10-10 16:00:00,506.0,2949.2,645.3,1150.5,5251.0,10.4,11.7,14.5
2025-10-10 17:00:00,482.5,3070.4,694.5,1184.8,5432.2,9.4,11.2,14.4
2025-10-10 18:00:00,451.4,3086.4,660.3,1221.5,5419.6,8.7,10.5,13.9
2025-10-10 19:00:00,403.5,3019.9,643.0,1206.8,5273.2,8.4,10.0,13.8
2025-10-10 20:00:00,410.4,2889.6,617.2,1163.7,5080.9,7.9,10.0,13.6
2025-10-10 21:00:00,400.1,2783.1,591.6,1147.1,4921.9,7.6,10.2,13.7
2025-10-10 22:00:00,432.0,2707.5,558.2,1110.5,4808.2,7.1,10.4,13.4
2025-10-10 23:00:00,365.0,2607.8,533.2,1082.6,4588.6,7.1,10.6,13.4
2025-10-11 00:00:00,414.3,2457.9,513.3,1048.6,4434.1,6.1,10.7,13.6
2025-10-11 01:00:00,382.9,2409.7,501.8,1013.9,4308.3,6.1,11.0,13.6
2025-10-11 02:00:00,373.3,2357.9,500.1,996.9,4228.2,5.2,10.9,13.8
2025-10-11 03:00:00,404.8,2312.3,488.3,992.1,4197.5,5.1,10.9,13.3
2025-10-11 04:00:00,449.0,2379.8,486.0,1001.3,4316.1,4.9,12.2,13.1
2025-10-11 05:00:00,498.1,2377.5,479.1,1023.9,4378.6,4.6,13.1,12.7
2025-10-11 06:00:00,488.8,2370.0,485.4,1046.6,4390.8,4.4,12.2,12.4
2025-10-11 07:00:00,466.0,2452.7,503.9,1052.2,4474.8,4.2,11.7,12.3
2025-10-11 08:00:00,485.7,2506.8,524.8,1074.8,4592.1,4.1,11.0,12.5
2025-10-11 09:00:00,475.8,2563.2,537.5,1099.7,4676.2,4.7,11.0,12.6
2025-10-11 10:00:00,472.9,2537.4,562.2,1112.1,4684.6,5.9,11.8,13.0
2025-10-11 11:00:00,506.4,2511.7,565.1,1108.6,4691.8,7.3,12.3,13.4
2025-10-11 12:00:00,455.3,2467.4,559.4,1105.4,4587.5,8.6,12.6,13.8
2025-10-11 13:00:00,499.7,,542.4,1093.3,2135.4,9.5,12.8,14.2
2025-10-11 14:00:00,498.9,2423.7,522.3,1091.5,4536.4,10.0,13.2,13.8
2025-10-11 15:00:00,471.9,2438.1,490.0,1108.4,4508.4,10.0,13.1,14.0
2025-10-11 16:00:00,537.9,2579.5,535.2,1114.6,4767.2,9.5,12.8,14.0
2025-10-11 17:00:00,620.4,2822.2,575.5,1147.8,5165.9,8.5,12.0,13.9
2025-10-11 18:00:00,497.3,2920.5,619.5,1185.1,5222.4,7.3,10.8,13.6
2025-10-11 19:00:00,500.9,2862.2,623.2,1160.7,5147.0,6.8,9.8,13.1
2025-10-11 20:00:00,518.8,2712.7,561.7,1105.1,4898.3,5.9,9.2,12.9
2025-10-11 21:00:00,527.7,2587.6,548.1,1097.1,4760.5,5.0,8.5,12.9
2025-10-11 22:00:00,502.1,2532.2,511.3,1081.3,4626.9,4.6,9.0,12.7
2025-10-11 23:00:00,422.4,2472.3,479.7,1053.0,4427.4,4.6,9.0,12.3
2025-10-12 00:00:00,410.6,2407.4,470.5,1025.9,4314.4,4.9,8.9,12.3
2025-10-12 01:00:00,466.6,2328.0,478.5,1007.8,4280.9,4.9,8.8,12.4
2025-10-12 02:00:00,442.7,2285.3,442.9,995.0,4165.9,4.3,9.6,12.6
2025-10-12 03:00:00,421.4,2296.0,430.8,994.6,4142.8,3.9,9.2,12.6
2025-10-12 04:00:00,471.5,2326.7,431.1,1003.5,4232.8,3.9,9.1,12.5
2025-10-12 05:00:00,462.6,2381.7,436.8,1021.7,4302.8,3.9,9.4,12.5
2025-10-12 06:00:00,446.8,2477.5,455.0,1032.5,4411.8,4.0,8.5,12.7
2025-10-12 07:00:00,437.0,2506.5,454.4,1036.5,4434.4,4.0,8.3,13.0
2025-10-12 08:00:00,465.6,2595.7,508.5,1060.9,4630.7,4.4,7.4,12.8
2025-10-12 09:00:00,444.1,2702.6,526.6,1094.7,4768.0,5.1,7.6,12.8
2025-10-12 10:00:00,456.1,2739.4,531.7,1107.7,4834.9,6.2,8.1,13.2
2025-10-12 11:00:00,480.0,2759.0,523.4,1116.2,4878.6,7.2,8.7,13.8
2025-10-12 12:00:00,431.9,2764.8,516.2,1117.0,4829.9,8.1,9.4,14.2
2025-10-12 13:00:00,425.9,2744.3,528.0,1111.6,4809.8,8.8,10.2,14.7
2025-10-12 14:00:00,534.8,2724.7,531.5,1112.6,4903.6,8.7,10.2,15.0
2025-10-12 15:00:00,517.8,2773.9,537.8,1121.1,4950.6,8.9,10.2,15.0
2025-10-12 16:00:00,511.3,2836.2,538.9,1134.6,5021.0,8.5,10.2,14.9
2025-10-12 17:00:00,503.4,3073.3,585.5,1172.2,5334.4,7.7,9.9,14.5
2025-10-12 18:00:00,457.3,3179.5,595.9,1208.2,5440.9,7.4,9.0,13.3
2025-10-12 19:00:00,451.6,3121.5,609.4,1180.1,5362.6,6.9,8.5,12.6
2025-10-12 20:00:00,444.3,3073.0,576.3,1140.2,5233.8,6.2,7.7,12.0
2025-10-12 21:00:00,450.4,2974.0,557.9,1148.7,5131.0,5.7,7.1,11.4
2025-10-12 22:00:00,425.3,2927.4,565.1,1131.7,5049.5,5.2,6.9,10.4
2025-10-12 23:00:00,410.6,2811.4,541.2,1096.2,4859.4,4.9,6.6,9.0
2025-10-13 00:00:00,445.7,2708.1,547.9,1084.6,4786.3,4.6,6.4,8.3
2025-10-13 01:00:00,452.2,2719.5,532.6,1070.9,4775.2,4.5,6.2,7.8
2025-10-13 02:00:00,438.9,2742.3,536.9,1062.1,4780.2,4.0,5.7,7.0
2025-10-13 03:00:00,495.9,2745.6,555.3,1062.4,4859.2,3.6,5.2,6.6
2025-10-13 04:00:00,519.8,2720.5,572.0,1083.9,4896.2,3.3,4.9,6.6
2025-10-13 05:00:00,551.9,2889.9,622.3,1163.0,5227.1,3.1,4.7,6.6
2025-10-13 06:00:00,574.4,3190.6,720.7,1202.3,5688.0,2.9,4.5,6.6
2025-10-13 07:00:00,624.3,3439.5,794.6,1194.7,6053.1,2.7,4.2,6.8
2025-10-13 08:00:00,573.0,3454.8,797.8,1186.4,6012.0,2.7,4.1,6.3
2025-10-13 09:00:00,546.6,3444.4,766.1,1166.2,5923.3,3.1,4.7,7.6
2025-10-13 10:00:00,634.2,3462.6,756.1,1163.1,6016.0,3.6,5.6,8.8
2025-10-13 11:00:00,572.8,3408.2,746.3,1153.4,5880.7,4.5,6.2,9.8
2025-10-13 12:00:00,567.3,3294.2,758.9,1152.5,5772.9,5.3,6.6,10.6
2025-10-13 13:00:00,615.8,3266.5,726.4,1133.3,5742.0,5.9,6.9,11.3
2025-10-13 14:00:00,596.3,3273.3,688.2,1107.9,5665.7,6.2,7.5,12.6
2025-10-13 15:00:00,516.2,3254.4,707.5,1107.0,5585.1,6.2,7.2,13.0
2025-10-13 16:00:00,569.7,3299.7,735.1,1100.4,5704.9,6.3,7.1,13.1
2025-10-13 17:00:00,551.5,3359.3,843.8,1115.5,5870.1,5.9,7.0,12.7
2025-10-13 18:00:00,626.5,3369.8,853.4,1109.1,5958.8,5.5,6.7,12.0
2025-10-13 19:00:00,624.7,3312.8,863.0,1112.7,5913.2,5.4,6.5,11.6
2025-10-13 20:00:00,574.6,3226.4,781.1,1074.7,5656.8,4.4,6.0,11.6
2025-10-13 21:00:00,581.1,3112.1,698.8,1059.9,5451.9,4.1,5.1,11.5
2025-10-13 22:00:00,597.7,2960.9,664.9,1027.8,5251.3,3.8,4.9,11.1
2025-10-13 23:00:00,606.8,2827.4,622.1,989.1,5045.4,3.9,4.7,11.1
2025-10-14 00:00:00,594.1,2772.3,581.5,970.3,4918.2,3.9,4.6,11.1
2025-10-14 01:00:00,566.3,2715.0,564.0,959.2,4804.5,3.8,4.3,11.6
2025-10-14 02:00:00,586.1,2705.2,557.6,947.1,4796.0,3.0,4.0,11.4
2025-10-14 03:00:00,563.0,2676.9,561.1,945.9,4746.9,2.8,3.4,11.5
2025-10-14 04:00:00,546.0,2662.2,559.6,972.7,4740.5,2.5,3.5,11.6
2025-10-14 05:00:00,557.5,2782.4,579.2,1044.7,4963.8,2.4,3.1,11.7
2025-10-14 06:00:00,588.0,3073.3,701.1,1084.3,5446.7,2.7,3.0,11.6
2025-10-14 07:00:00,581.7,3282.5,804.7,1087.1,5756.0,2.7,3.1,11.4
2025-10-14 08:00:00,572.1,3311.5,767.6,1104.5,5755.7,1.5,3.2,10.3
2025-10-14 09:00:00,587.4,3275.6,756.1,1123.0,5742.1,1.6,3.6,10.0
2025-10-14 10:00:00,607.5,3241.7,734.2,1115.4,5698.8,2.4,4.1,11.0
2025-10-14 11:00:00,606.8,3226.4,720.7,1107.0,5660.9,3.4,5.3,11.8
2025-10-14 12:00:00,601.2,3175.6,708.0,1088.8,5573.6,4.2,6.6,12.5
2025-10-14 13:00:00,553.1,3121.9,729.9,1078.9,5483.8,4.9,7.2,12.6
2025-10-14 14:00:00,619.2,3058.3,733.6,1071.4,5482.5,5.3,8.0,12.7
2025-10-14 15:00:00,630.6,3075.9,753.2,1074.1,5533.8,5.2,8.5,12.5
2025-10-14 16:00:00,628.8,3163.9,754.9,1073.0,5620.6,5.2,8.4,12.4
2025-10-14 17:00:00,619.4,3171.4,746.3,1098.8,5635.9,4.9,7.6,12.6
2025-10-14 18:00:00,561.2,3229.7,760.7,1102.1,5653.7,4.8,6.8,12.1
2025-10-14 19:00:00,548.4,3169.1,752.6,1093.7,5563.8,4.3,6.8,11.7
2025-10-14 20:00:00,493.6,3123.5,727.0,1061.1,5405.2,3.1,7.0,11.4
2025-10-14 21:00:00,503.8,2991.2,690.5,1055.1,5240.6,3.0,7.0,11.6
2025-10-14 22:00:00,484.1,2866.8,624.6,1036.2,5011.7,2.6,6.6,11.7
2025-10-14 23:00:00,466.6,2686.3,608.2,1003.4,4764.5,2.4,6.2,11.9
2025-10-15 00:00:00,515.5,2622.8,603.6,1009.4,4751.3,2.3,6.9,11.8
2025-10-15 01:00:00,474.6,2580.8,568.8,999.8,4624.0,2.2,7.1,11.7
2025-10-15 02:00:00,442.7,2526.4,559.9,996.0,4525.0,2.5,7.6,11.7
2025-10-15 03:00:00,,,,1001.5,1001.5,2.2,7.3,11.3
2025-10-15 04:00:00,520.4,2471.9,541.5,1031.1,4564.9,2.2,6.5,10.9
2025-10-15 05:00:00,537.5,2610.7,566.5,1078.1,4792.8,2.3,6.5,10.6
2025-10-15 06:00:00,535.4,2921.5,644.5,1112.3,5213.7,2.7,6.1,10.3
2025-10-15 07:00:00,486.3,3207.2,709.8,1121.7,5525.0,3.0,5.7,10.2
2025-10-15 08:00:00,504.4,3237.8,713.8,1138.1,5594.1,3.5,5.7,10.2
2025-10-15 09:00:00,520.8,3208.5,733.9,1130.9,5594.1,4.3,6.3,10.6
2025-10-15 10:00:00,565.2,3212.4,740.0,1120.7,5638.3,5.2,7.6,11.1
2025-10-15 11:00:00,595.1,3164.9,718.4,1103.8,5582.2,6.8,9.0,11.4
2025-10-15 12:00:00,574.6,3131.0,697.7,1092.8,5496.1,8.2,10.2,11.7
2025-10-15 13:00:00,560.0,3083.7,699.7,1092.5,5435.9,9.1,11.2,12.6
2025-10-15 14:00:00,557.3,3094.8,698.3,1085.3,5435.7,11.2,11.9,13.0
2025-10-15 15:00:00,660.0,3129.4,723.9,1081.8,5595.1,11.4,12.1,13.0
2025-10-15 16:00:00,633.6,3194.2,,1096.6,4924.4,11.0,11.6,12.9
2025-10-15 17:00:00,659.4,3306.9,716.1,1146.1,5828.5,10.3,10.8,12.8
2025-10-15 18:00:00,580.7,3367.8,727.3,1189.7,5865.5,10.2,9.8,12.6
2025-10-15 19:00:00,491.2,3306.9,734.8,1182.9,5715.8,10.0,9.4,12.3
2025-10-15 20:00:00,439.5,3238.8,720.4,1171.3,5570.0,10.4,9.4,12.0
2025-10-15 21:00:00,508.6,3097.4,669.5,1173.8,5449.3,10.4,9.4,11.9
2025-10-15 22:00:00,470.3,2888.6,622.3,1145.7,5126.9,10.6,9.4,11.9
2025-10-15 23:00:00,448.8,2719.2,582.1,1107.9,4858.0,10.6,9.3,11.8
2025-10-16 00:00:00,478.2,2603.2,574.0,1083.3,4738.7,10.5,9.4,11.8
2025-10-16 01:00:00,406.8,2582.7,551.9,1067.8,4609.2,9.9,9.1,11.6
2025-10-16 02:00:00,447.4,2585.3,549.9,1052.7,4635.3,8.7,8.6,11.8
2025-10-16 03:00:00,441.7,2577.5,562.8,1054.3,4636.3,7.0,8.3,11.5
2025-10-16 04:00:00,441.3,2577.8,557.1,1075.8,4652.0,5.9,8.1,11.3
2025-10-16 05:00:00,455.3,2659.3,567.1,1141.0,4822.7,5.3,8.0,11.3
2025-10-16 06:00:00,511.9,2934.5,665.5,1206.3,5318.2,4.9,7.6,11.2
2025-10-16 07:00:00,506.2,3166.8,730.2,1224.6,5627.8,4.6,7.1,10.3
2025-10-16 08:00:00,570.3,3214.4,726.2,1247.5,5758.4,4.4,7.8,10.5
2025-10-16 09:00:00,559.8,3159.0,738.8,1243.9,5701.5,4.6,8.0,10.9
2025-10-16 10:00:00,594.9,3146.3,734.8,1239.2,5715.2,5.4,8.6,11.3
2025-10-16 11:00:00,587.4,3096.8,707.5,1233.4,5625.1,6.3,9.4,11.9
2025-10-16 12:00:00,,3004.6,695.7,1215.4,4915.7,7.1,9.1,12.5
2025-10-16 13:00:00,521.2,2968.1,681.0,1201.2,5371.5,7.6,9.1,13.2
2025-10-16 14:00:00,502.6,3037.2,677.3,1197.1,5414.2,8.0,10.0,14.0
2025-10-16 15:00:00,564.6,3083.4,696.0,1179.2,5523.2,7.9,10.4,14.1
2025-10-16 16:00:00,570.7,3160.3,706.9,1188.9,5626.8,7.4,9.9,14.0
2025-10-16 17:00:00,611.9,3308.2,732.8,1213.1,5866.0,6.5,9.1,13.5
2025-10-16 18:00:00,567.5,3329.4,739.7,1253.5,5890.1,5.9,8.4,13.0
2025-10-16 19:00:00,553.0,3266.2,731.0,1236.6,5786.8,5.4,7.9,12.6
2025-10-16 20:00:00,543.5,3191.9,723.3,1196.4,5655.1,4.8,6.3,12.6
2025-10-16 21:00:00,540.9,3144.3,656.8,,4342.0,4.2,5.1,12.3
2025-10-16 22:00:00,488.8,2974.6,604.2,1178.4,5246.0,3.8,4.6,11.9
2025-10-16 23:00:00,483.1,2851.8,559.9,,3894.8,3.5,4.2,11.7
2025-10-17 00:00:00,492.0,2854.4,578.1,1125.7,5050.2,3.1,3.9,11.4
2025-10-17 01:00:00,498.3,2869.7,600.2,1095.3,5063.5,2.7,3.5,11.2
2025-10-17 02:00:00,520.8,2879.8,608.5,1072.7,5081.8,2.2,2.6,11.2
2025-10-17 03:00:00,508.4,2844.3,588.7,1065.2,5006.6,1.5,1.8,11.0
2025-10-17 04:00:00,518.4,2872.3,572.6,1085.2,5048.5,1.3,1.5,10.8
2025-10-17 05:00:00,543.1,3000.0,582.9,1126.6,5252.6,1.1,1.5,10.7
2025-10-17 06:00:00,541.3,3324.8,702.0,1156.4,5724.5,1.0,1.5,10.5
2025-10-17 07:00:00,535.2,3606.9,788.9,1154.6,6085.6,0.8,1.5,10.3
2025-10-17 08:00:00,562.2,3659.7,809.8,1177.8,6209.5,0.0,1.1,9.8
2025-10-17 09:00:00,652.0,3605.6,836.3,1173.4,6267.3,0.3,1.5,9.7
2025-10-17 10:00:00,666.9,3537.5,838.0,1162.4,6204.8,1.5,2.5,9.7
2025-10-17 11:00:00,675.4,3489.0,825.1,1149.5,6139.0,2.7,3.5,9.9
2025-10-17 12:00:00,652.1,3456.4,829.1,1125.9,6063.5,3.7,4.5,10.0
2025-10-17 13:00:00,619.6,3385.1,807.5,1119.5,5931.7,4.5,4.8,9.8
2025-10-17 14:00:00,538.5,3356.7,774.8,1112.9,5782.9,5.4,5.7,9.5
2025-10-17 15:00:00,549.4,3331.7,798.1,1117.5,5796.7,4.8,5.9,9.9
2025-10-17 16:00:00,588.4,3356.7,783.1,1124.9,5853.1,3.8,5.8,10.0
2025-10-17 16:00:00,588.4,3356.7,783.1,1124.9,5853.1,3.8,5.8,10.0
2025-10-17 17:00:00,,3469.1,789.1,1171.1,5429.3,3.1,5.7,9.6
2025-10-17 18:00:00,532.8,3506.3,794.6,1194.5,6028.2,2.6,5.2,8.8
2025-10-17 19:00:00,539.5,3392.2,730.8,1191.5,5854.0,2.3,4.6,8.0
2025-10-17 20:00:00,550.8,3264.9,698.5,1155.3,5669.5,1.4,4.0,7.7
2025-10-17 21:00:00,526.9,3088.3,674.7,1152.1,5442.0,1.0,3.5,6.8
2025-10-17 22:00:00,534.6,3027.1,658.0,1118.2,5337.9,0.6,3.0,6.3
2025-10-17 23:00:00,547.2,2913.4,630.7,1084.1,5175.4,0.3,2.5,5.5
2025-10-18 00:00:00,506.6,2888.9,627.2,1058.0,5080.7,0.2,2.3,5.1
2025-10-18 01:00:00,493.4,2845.9,635.9,1046.9,5022.1,0.3,2.2,4.9
2025-10-18 02:00:00,505.6,2852.8,661.2,1052.3,5071.9,-0.1,1.7,4.3
2025-10-18 03:00:00,480.4,2848.5,642.2,1073.1,5044.2,0.0,1.4,4.3
2025-10-18 04:00:00,511.1,2871.0,661.5,1085.2,5128.8,0.2,1.4,4.4
2025-10-18 05:00:00,485.1,2950.8,662.3,1117.1,5215.3,0.3,1.2,4.5
2025-10-18 06:00:00,484.9,3049.2,685.0,1154.2,5373.3,0.2,1.0,4.6
2025-10-18 07:00:00,467.9,3156.7,684.2,1157.0,5465.8,0.4,0.9,4.8
2025-10-18 08:00:00,486.9,3237.2,,1178.2,4902.3,0.2,0.6,4.3
2025-10-18 09:00:00,511.9,3201.0,707.5,1190.9,5611.3,1.0,0.9,4.4
2025-10-18 10:00:00,560.2,,688.2,1175.3,2423.7,2.3,2.0,5.0
2025-10-18 11:00:00,576.2,3014.7,639.9,1156.0,5386.8,3.8,3.2,6.0
2025-10-18 12:00:00,605.8,2881.1,625.8,1148.3,5261.0,5.2,4.4,6.9
2025-10-18 13:00:00,649.0,2759.3,620.9,1162.4,5191.6,5.7,5.0,7.6
2025-10-18 14:00:00,694.1,2763.2,608.0,1168.3,5233.6,6.6,6.2,8.8
2025-10-18 15:00:00,715.2,2852.4,609.7,1180.0,5357.3,6.4,6.4,9.0
2025-10-18 16:00:00,675.0,2983.4,654.8,1209.7,5522.9,6.3,6.0,9.0
2025-10-18 17:00:00,644.2,3162.6,712.1,1268.5,5787.4,6.0,4.9,8.7
2025-10-18 18:00:00,608.7,3289.0,759.2,1277.3,5934.2,6.0,4.3,8.2
2025-10-18 19:00:00,581.5,3217.0,761.2,1255.4,5815.1,5.7,4.2,8.2
2025-10-18 20:00:00,574.0,3147.3,751.8,1231.4,5704.5,6.1,3.7,7.6
2025-10-18 21:00:00,573.4,3081.1,731.0,1237.5,5623.0,6.0,3.0,6.0
2025-10-18 22:00:00,567.7,3002.6,716.4,1226.0,5512.7,6.3,2.7,6.1
2025-10-18 23:00:00,577.6,2882.4,690.8,1191.2,5342.0,6.1,2.5,5.9
2025-10-19 00:00:00,612.3,2840.7,665.8,1161.9,5280.7,5.4,2.4,5.3
2025-10-19 01:00:00,592.6,2818.9,661.2,1148.8,5221.5,5.8,2.3,4.7
2025-10-19 02:00:00,554.9,2752.8,656.3,1144.8,5108.8,4.9,1.7,4.7
2025-10-19 03:00:00,541.1,2748.5,640.5,1139.1,5069.2,4.9,1.4,3.6
2025-10-19 04:00:00,602.8,2766.1,637.0,1139.0,5144.9,4.7,1.3,4.2
2025-10-19 05:00:00,,2787.3,652.5,1144.6,4584.4,5.1,1.3,4.5
2025-10-19 06:00:00,611.7,2840.4,671.8,1160.1,5284.0,5.3,0.7,4.6
2025-10-19 07:00:00,616.0,2932.3,691.4,1164.2,5403.9,5.6,1.1,4.1
2025-10-19 08:00:00,641.9,3006.2,723.3,1188.5,5559.9,5.8,1.6,3.7
2025-10-19 09:00:00,605.4,3035.5,710.9,1202.8,5554.6,6.1,2.3,5.1
2025-10-19 10:00:00,634.8,3021.2,689.6,1187.0,5532.6,6.8,3.0,6.6
2025-10-19 11:00:00,609.3,3036.2,650.2,1166.7,5462.4,7.6,3.8,8.0
2025-10-19 12:00:00,609.5,3037.5,634.4,1152.4,5433.8,8.0,4.5,9.0
2025-10-19 13:00:00,619.4,3021.8,632.4,1138.8,5412.4,8.3,5.2,9.4
2025-10-19 14:00:00,609.7,3015.7,610.3,1141.4,5377.1,8.1,6.6,9.5
2025-10-19 15:00:00,580.5,2996.4,607.1,1150.3,5334.3,8.1,7.3,9.3
2025-10-19 16:00:00,612.7,3135.5,657.4,1159.5,5565.1,8.0,7.1,9.0
2025-10-19 17:00:00,634.4,3309.2,733.9,1222.3,5899.8,7.1,6.6,8.5
2025-10-19 18:00:00,612.1,3435.3,782.2,1238.2,6067.8,6.7,5.9,7.8
2025-10-19 19:00:00,544.6,3398.1,759.5,1224.8,5927.0,6.1,5.3,7.5
2025-10-19 20:00:00,499.5,3281.2,715.5,1188.7,5684.9,5.2,5.4,7.4
2025-10-19 21:00:00,562.6,3137.2,665.5,1192.8,5558.1,4.5,5.0,7.8
2025-10-19 22:00:00,584.7,3018.9,629.2,1179.2,5412.0,4.3,4.9,8.3
2025-10-19 23:00:00,567.9,2941.1,633.6,1137.4,5280.0,4.1,5.7,8.6
2025-10-20 00:00:00,553.7,2905.2,675.5,1120.0,5254.4,3.4,5.9,8.6
2025-10-20 01:00:00,545.0,2865.8,638.4,1095.8,5145.0,2.8,5.9,8.5
2025-10-20 02:00:00,561.6,2810.4,622.1,1078.0,5072.1,2.7,5.4,8.3
2025-10-20 03:00:00,537.2,2817.6,613.1,1070.1,5038.0,2.5,5.7,8.3
2025-10-20 04:00:00,561.2,2873.0,608.0,1099.7,5141.9,2.5,5.5,8.3
2025-10-20 05:00:00,572.1,3001.0,645.9,1172.7,5391.7,1.8,4.6,8.3
2025-10-20 06:00:00,592.2,3329.7,712.4,1224.2,5858.5,1.6,3.7,8.3
2025-10-20 07:00:00,613.7,3592.6,781.1,,4987.4,1.4,2.4,8.3
2025-10-20 08:00:00,654.3,3064.8,788.0,1220.2,5727.3,-0.2,3.0,8.5
2025-10-20 09:00:00,654.9,3017.0,763.5,1210.9,5646.3,-0.1,3.4,8.9
2025-10-20 10:00:00,585.9,2934.5,754.6,1198.6,5473.6,0.3,4.6,9.6
2025-10-20 11:00:00,563.4,2811.4,717.0,1193.0,5284.8,1.0,6.2,10.0
2025-10-20 12:00:00,579.2,2707.8,687.0,1180.3,5154.3,1.7,7.8,10.2
2025-10-20 13:00:00,571.9,2615.6,691.9,1180.2,5059.6,2.2,9.6,10.4
2025-10-20 14:00:00,606.8,2645.6,,1167.0,4419.4,3.4,10.4,11.0
2025-10-20 15:00:00,641.1,2725.1,744.9,1158.9,5270.0,3.2,10.4,11.0
2025-10-20 16:00:00,,2875.9,774.2,1159.0,4809.1,3.1,9.6,10.8
2025-10-20 17:00:00,583.7,2966.5,829.7,1171.5,5551.4,3.6,8.5,10.5
2025-10-20 18:00:00,587.6,2942.4,839.2,1187.5,5556.7,3.5,7.7,10.2
2025-10-20 19:00:00,521.6,2873.6,786.0,1196.9,5378.1,3.6,7.6,10.4
2025-10-20 20:00:00,476.8,2835.8,743.4,1181.4,5237.4,4.1,7.5,11.0
2025-10-20 21:00:00,497.9,2713.0,718.7,1191.2,5120.8,3.5,7.4,11.1
2025-10-20 22:00:00,513.1,2603.6,662.0,1172.0,4950.7,3.8,7.5,11.1
2025-10-20 23:00:00,526.5,2444.9,638.4,1138.7,4748.5,4.0,7.4,11.0
2025-10-21 00:00:00,535.6,2308.7,672.7,1109.0,4626.0,4.3,7.3,10.9
2025-10-21 01:00:00,502.8,2252.1,675.0,1097.9,4527.8,4.8,7.4,10.8
2025-10-21 02:00:00,520.0,2259.9,689.3,1088.6,4557.8,5.2,7.7,11.1
2025-10-21 03:00:00,483.1,2254.3,681.6,1091.6,4510.6,5.4,8.0,11.0
2025-10-21 04:00:00,447.4,2267.4,670.9,1108.6,4494.3,5.7,8.3,10.8
2025-10-21 05:00:00,492.8,2376.5,700.8,1179.3,4749.4,5.6,8.1,10.8
2025-10-21 06:00:00,513.3,2665.8,805.5,1233.6,5218.2,4.9,7.9,10.5
2025-10-21 07:00:00,528.9,2918.3,894.4,1244.9,5586.5,4.5,7.6,10.6
2025-10-21 08:00:00,520.4,2972.3,891.2,1254.3,5638.2,4.2,7.9,10.7
2025-10-21 09:00:00,503.2,3007.8,885.5,1233.3,5629.8,4.1,8.8,11.0
2025-10-21 10:00:00,527.7,3322.5,875.1,1225.4,5950.7,4.3,9.7,11.1
2025-10-21 11:00:00,550.0,3540.8,878.6,1220.7,6190.1,4.7,10.6,11.4
2025-10-21 12:00:00,577.8,3558.4,871.1,1215.9,6223.2,4.4,11.1,11.6
2025-10-21 13:00:00,534.8,3564.9,870.0,1210.8,6180.5,4.2,11.2,11.4
2025-10-21 14:00:00,563.2,3539.2,841.5,1200.8,6144.7,5.2,11.1,11.8
2025-10-21 15:00:00,612.5,3471.4,785.1,1188.1,6057.1,5.0,11.2,12.1
2025-10-21 16:00:00,553.7,3448.3,775.6,1218.3,5995.9,5.1,10.6,12.2
2025-10-21 17:00:00,511.5,3538.8,800.1,1262.3,6112.7,5.6,10.0,12.3
2025-10-21 18:00:00,418.2,3542.1,778.5,1282.7,6021.5,6.2,9.4,12.2
2025-10-21 19:00:00,475.6,3428.7,767.0,1273.1,5944.4,7.2,9.4,12.6
2025-10-21 20:00:00,501.9,3303.6,746.0,1212.7,5764.2,7.0,10.0,12.8
2025-10-21 21:00:00,478.4,3145.6,706.9,1204.2,5535.1,7.3,10.2,13.0
2025-10-21 22:00:00,497.1,2996.1,681.0,1184.1,5358.3,7.1,10.2,12.6
2025-10-21 23:00:00,540.7,2902.3,644.8,1154.6,5242.4,7.1,10.1,12.5
2025-10-22 00:00:00,498.3,2770.4,585.5,1127.9,4982.1,7.3,10.1,12.4
2025-10-22 01:00:00,499.3,2681.1,573.4,1119.1,4872.9,7.1,10.1,12.5
2025-10-22 02:00:00,519.0,2631.6,564.8,1107.7,4823.1,7.4,10.2,12.5
2025-10-22 03:00:00,530.6,2586.6,553.3,1099.0,4769.5,7.2,10.2,12.5
2025-10-22 04:00:00,530.1,2563.5,561.7,1136.4,4791.7,6.4,9.9,12.5
2025-10-22 05:00:00,502.6,2714.3,591.6,1208.4,5016.9,6.6,9.5,12.6
2025-10-22 06:00:00,504.0,3038.1,680.4,1252.9,5475.4,6.8,9.7,12.6
2025-10-22 07:00:00,535.2,3319.3,780.5,1257.3,5892.3,6.7,9.9,12.4
2025-10-22 08:00:00,537.5,3349.2,777.1,1267.4,5931.2,6.6,9.8,12.0
2025-10-22 09:00:00,548.6,3395.2,790.6,1269.4,6003.8,6.9,10.0,12.1
2025-10-22 10:00:00,565.2,3475.3,800.6,1268.1,6109.2,7.0,10.4,12.2
2025-10-22 11:00:00,553.3,3478.3,770.7,1271.9,6074.2,7.0,11.1,12.4
2025-10-22 12:00:00,584.7,3437.5,767.3,,4789.5,7.0,11.5,12.8
2025-10-22 13:00:00,554.3,3384.4,778.5,1260.0,5977.2,6.9,12.0,13.0
2025-10-22 14:00:00,557.9,3364.2,786.0,1256.4,5964.5,6.7,11.9,12.5
2025-10-22 15:00:00,577.2,3346.0,769.6,1252.6,5945.4,6.7,11.7,12.7
2025-10-22 16:00:00,589.4,3407.2,755.2,1279.9,6031.7,6.7,11.5,12.6
2025-10-22 17:00:00,626.9,3499.1,773.3,1292.5,6191.8,6.5,11.1,12.4
2025-10-22 18:00:00,553.9,3492.9,800.1,1325.9,6172.8,6.5,11.0,12.4
2025-10-22 19:00:00,479.8,3400.1,786.0,1302.0,5967.9,6.6,11.0,12.2
2025-10-22 20:00:00,470.1,3290.0,741.4,1254.8,5756.3,6.8,10.4,12.4
2025-10-22 21:00:00,494.2,3147.6,706.3,1238.9,5587.0,6.8,10.8,12.2
2025-10-22 22:00:00,521.6,2956.0,654.5,1205.9,5338.0,6.3,10.6,11.9
2025-10-22 23:00:00,520.6,2798.0,631.0,1160.9,5110.5,6.3,10.3,11.6
2025-10-23 00:00:00,544.6,2729.6,582.7,1144.4,5001.3,6.8,10.3,11.2
2025-10-23 01:00:00,526.7,,573.7,1126.5,2226.9,7.1,9.9,11.0
2025-10-23 02:00:00,512.5,2619.8,573.4,1115.4,4821.1,6.9,9.7,10.1
2025-10-23 03:00:00,518.8,2567.4,563.1,1109.6,4758.9,7.1,10.2,9.2
2025-10-23 04:00:00,529.7,,,1129.6,1659.3,7.2,10.4,9.6
2025-10-23 05:00:00,558.8,2691.8,606.8,1215.6,5073.0,7.3,10.6,9.3
2025-10-23 06:00:00,567.9,3011.7,694.2,1255.3,5529.1,7.2,10.5,9.0
2025-10-23 07:00:00,591.6,3317.6,769.9,1247.5,5926.6,7.4,10.3,9.6
2025-10-23 08:00:00,596.5,3351.9,,1240.6,5189.0,7.6,9.7,9.8
2025-10-23 09:00:00,588.6,3301.4,780.2,1233.6,5903.8,7.6,10.3,10.8
2025-10-23 10:00:00,602.2,3261.3,786.0,1227.6,5877.1,7.6,11.2,11.9
2025-10-23 11:00:00,576.2,3272.7,778.5,1220.2,5847.6,7.6,11.7,12.8
2025-10-23 12:00:00,576.4,3252.5,759.5,1210.5,5798.9,7.5,12.2,13.2
2025-10-23 13:00:00,575.6,,762.7,,1338.3,7.8,12.5,13.1
2025-10-23 14:00:00,565.2,3203.0,767.0,1208.1,5743.3,8.1,11.7,12.6
2025-10-23 15:00:00,588.4,3202.0,,1198.5,4988.9,7.9,11.7,11.9
2025-10-23 16:00:00,613.5,3259.0,755.5,1200.8,5828.8,7.5,11.1,11.9
2025-10-23 17:00:00,610.3,3378.2,772.5,1214.3,5975.3,7.5,10.7,12.0
2025-10-23 18:00:00,585.5,3407.6,767.9,1212.8,5973.8,7.4,10.5,12.0
2025-10-23 19:00:00,,3341.1,750.9,1199.8,5291.8,7.5,10.3,12.5
2025-10-23 20:00:00,577.4,3217.6,688.8,1171.3,5655.1,7.7,10.5,13.1
2025-10-23 21:00:00,565.0,3085.4,666.1,1162.0,5478.5,7.6,10.5,13.0
2025-10-23 22:00:00,565.5,2905.9,638.2,1128.1,5237.7,7.7,10.4,13.2
2025-10-23 23:00:00,551.0,2709.8,597.9,1096.2,4954.9,7.6,10.5,13.1
2025-10-24 00:00:00,516.2,2625.1,604.8,1088.4,4834.5,7.5,10.3,12.9
2025-10-24 01:00:00,459.1,2561.2,616.6,1075.1,4712.0,7.6,10.1,12.7
2025-10-24 02:00:00,447.0,2513.3,620.0,1062.3,4642.6,7.4,10.1,12.7
2025-10-24 03:00:00,439.9,2535.8,,1050.0,4025.7,7.5,10.1,12.5
2025-10-24 04:00:00,452.4,2552.1,591.3,1067.4,4663.2,7.5,10.1,12.3
2025-10-24 05:00:00,464.0,2667.7,616.9,1096.4,4845.0,7.7,10.1,12.1
2025-10-24 06:00:00,549.8,2977.5,719.0,1137.3,5383.6,7.6,10.1,11.8
2025-10-24 07:00:00,545.4,3255.8,792.9,1157.0,5751.1,7.4,10.1,11.3
2025-10-24 08:00:00,552.7,3298.1,786.6,1146.2,5783.6,7.4,10.0,11.5
2025-10-24 09:00:00,568.5,3334.9,779.4,1147.2,5830.0,7.4,9.8,11.5
2025-10-24 10:00:00,560.8,3339.8,769.0,1141.4,5811.0,7.5,10.1,11.6
2025-10-24 11:00:00,552.1,3260.3,754.6,1156.8,5723.8,7.5,10.5,11.6
2025-10-24 12:00:00,567.9,3311.1,729.3,1138.2,5746.5,7.8,10.8,11.6
2025-10-24 13:00:00,565.9,3230.3,714.1,1131.0,5641.3,7.6,10.5,11.8
2025-10-24 14:00:00,550.0,3183.4,689.1,1141.4,5563.9,7.7,10.0,12.0
2025-10-24 15:00:00,541.7,3161.9,673.8,1143.8,5521.2,7.6,9.9,11.8
2025-10-24 16:00:00,537.2,3213.7,652.8,1152.9,5556.6,7.2,10.0,11.9
2025-10-24 17:00:00,552.3,3230.3,677.3,1164.8,5624.7,7.0,9.9,11.2
2025-10-24 18:00:00,535.6,3236.2,683.6,1187.6,5643.0,6.5,9.9,10.8
2025-10-24 19:00:00,514.3,3179.8,652.5,1166.4,5513.0,6.3,10.0,10.7
2025-10-24 20:00:00,482.9,3025.8,607.1,1133.2,5249.0,6.0,10.1,10.8
2025-10-24 21:00:00,477.8,2852.4,574.0,1130.0,5034.2,6.1,10.2,10.9
2025-10-24 22:00:00,452.8,2738.1,564.8,1111.8,4867.5,6.3,10.4,10.8
2025-10-24 23:00:00,403.7,2621.8,529.2,1093.9,4648.6,6.3,10.1,10.5
2025-10-25 00:00:00,347.5,2551.8,552.2,1076.6,4528.1,6.2,9.7,10.3
2025-10-25 01:00:00,332.7,2542.0,532.9,1058.3,4465.9,6.2,9.0,9.8
2025-10-25 02:00:00,352.4,2475.9,541.2,1043.5,4413.0,6.4,8.9,9.9
2025-10-25 03:00:00,346.3,2444.3,546.1,1041.4,4378.1,5.8,9.0,9.8
2025-10-25 04:00:00,348.0,2409.4,540.1,1060.3,4357.8,4.5,9.2,9.7
2025-10-25 05:00:00,324.4,2428.3,551.3,1072.3,4376.3,4.3,9.0,9.7
2025-10-25 06:00:00,363.0,2504.5,568.3,1090.2,4526.0,4.0,8.8,9.6
2025-10-25 07:00:00,367.2,2649.8,610.3,1106.2,4733.5,3.9,8.6,9.5
2025-10-25 08:00:00,441.9,2774.3,622.3,1126.3,4964.8,3.7,8.5,9.7
2025-10-25 09:00:00,444.5,2904.6,645.6,1145.4,5140.1,3.4,8.6,9.6
2025-10-25 10:00:00,490.2,2980.5,693.7,1157.5,5321.9,3.3,9.1,9.7
2025-10-25 11:00:00,531.2,3013.1,724.4,1165.4,5434.1,3.6,9.5,9.7
2025-10-25 12:00:00,597.3,2999.4,715.2,1162.8,5474.7,3.5,9.9,9.7
2025-10-25 13:00:00,585.5,2956.4,676.1,1164.3,5382.3,3.6,10.1,9.6
2025-10-25 14:00:00,584.5,2964.2,656.3,1170.7,5375.7,3.7,9.4,10.3
2025-10-25 15:00:00,640.9,2958.3,657.4,1179.7,5436.3,3.8,9.4,9.6
2025-10-25 16:00:00,580.5,3009.8,673.2,1218.1,5481.6,3.6,9.3,9.1
2025-10-25 17:00:00,578.0,3127.7,693.7,1240.4,5639.8,3.9,8.7,9.4
2025-10-25 18:00:00,585.3,3160.0,673.2,1228.9,5647.4,3.5,8.3,9.7
2025-10-25 19:00:00,548.8,3050.5,646.8,1205.0,5451.1,3.4,8.0,10.0
2025-10-25 20:00:00,543.5,2953.8,622.6,1148.2,5268.1,3.0,8.2,10.5
2025-10-25 21:00:00,525.3,,605.9,1146.9,2278.1,2.9,8.0,10.7
2025-10-25 22:00:00,537.0,2781.1,582.9,1117.9,5018.9,3.0,7.9,10.7
2025-10-25 23:00:00,564.2,2658.0,549.3,1074.7,4846.2,3.2,7.6,10.3
2025-10-26 00:00:00,551.2,2589.9,543.5,1043.3,4727.9,3.4,7.2,10.2
2025-10-26 01:00:00,547.8,2553.7,535.8,1017.7,4655.0,3.9,7.3,10.1
2025-10-26 02:00:00,514.3,2455.0,487.7,1014.8,4471.8,5.2,6.2,9.9
2025-10-26 02:00:00,383.9,2453.4,495.2,1017.2,4349.7,4.6,7.0,10.0
2025-10-26 03:00:00,508.8,2439.4,499.5,1014.6,4462.3,5.6,5.8,9.7
2025-10-26 04:00:00,483.3,2443.0,517.7,1011.4,4455.4,6.0,5.9,9.3
2025-10-26 05:00:00,501.3,2484.3,503.0,1026.5,4515.1,6.3,5.6,9.1
2025-10-26 06:00:00,552.5,2573.9,525.4,1038.3,4690.1,6.6,5.4,8.8
2025-10-26 07:00:00,560.4,2668.4,,1060.8,4289.6,6.6,5.5,8.4
2025-10-26 08:00:00,561.6,2821.2,589.0,1084.9,5056.7,6.7,6.0,8.5
2025-10-26 09:00:00,568.9,2884.4,639.6,1112.2,5205.1,6.9,7.7,8.7
2025-10-26 10:00:00,603.8,2928.4,653.1,1132.5,5317.8,7.1,8.9,8.8
2025-10-26 11:00:00,596.5,2931.6,671.5,1143.5,5343.1,7.2,9.9,8.6
2025-10-26 12:00:00,618.0,2968.4,700.3,1140.3,5427.0,7.2,10.3,8.7
2025-10-26 13:00:00,600.8,2949.5,712.4,1148.9,5411.6,6.8,9.6,8.3
2025-10-26 14:00:00,587.8,2957.3,727.3,1150.8,5423.2,6.8,9.7,7.9
2025-10-26 15:00:00,605.8,3004.3,731.9,1179.5,5521.5,6.9,9.2,7.7
2025-10-26 16:00:00,631.8,3167.8,750.3,1205.5,5755.4,7.2,8.0,7.8
2025-10-26 17:00:00,638.1,3266.5,777.9,1203.8,5886.3,7.6,7.3,7.9
2025-10-26 18:00:00,613.7,3206.9,770.7,1200.4,5791.7,7.7,6.8,8.0
2025-10-26 19:00:00,653.7,3121.9,735.9,1172.6,5684.1,7.6,6.3,8.1
2025-10-26 20:00:00,653.5,3109.2,721.8,1138.0,5622.5,7.5,5.6,8.0
2025-10-26 21:00:00,616.2,2997.4,704.3,1147.0,5464.9,7.4,5.4,8.0
2025-10-26 22:00:00,588.0,2861.6,666.3,1130.0,5245.9,7.4,5.5,8.6
2025-10-26 23:00:00,591.6,2743.3,642.8,1093.6,5071.3,7.1,5.0,8.8
2025-10-27 00:00:00,609.3,2687.6,607.1,1065.2,4969.2,7.2,5.7,8.6
2025-10-27 01:00:00,604.2,2642.0,,1049.5,4295.7,7.1,6.2,8.4
2025-10-27 02:00:00,581.1,2617.6,557.1,1051.5,4807.3,6.8,6.2,8.5
2025-10-27 03:00:00,570.1,2597.0,538.9,1054.0,4760.0,6.8,6.2,8.3
2025-10-27 04:00:00,556.9,2603.2,535.2,1077.9,4773.2,6.7,6.5,8.4
2025-10-27 05:00:00,614.1,2752.1,574.0,1151.2,5091.4,6.8,6.5,8.5
2025-10-27 06:00:00,643.2,,664.0,1176.7,2483.9,6.4,6.2,8.4
2025-10-27 07:00:00,603.2,3306.6,740.8,1200.9,5851.5,6.6,6.4,8.2
2025-10-27 08:00:00,633.8,3413.1,787.4,1205.8,6040.1,6.6,6.5,8.2
2025-10-27 09:00:00,638.5,3377.9,,1208.1,5224.5,6.6,6.7,8.6
2025-10-27 10:00:00,634.2,3341.8,795.2,1215.1,5986.3,6.4,6.9,8.9
2025-10-27 11:00:00,603.2,3331.3,790.0,1219.4,5943.9,6.2,7.3,9.4
2025-10-27 12:00:00,609.1,3299.7,769.3,1198.5,5876.6,6.5,7.5,9.7
2025-10-27 13:00:00,638.7,3298.4,783.1,1189.3,5909.5,6.8,7.8,9.6
2025-10-27 14:00:00,621.9,3318.0,786.8,1195.6,5922.3,6.9,8.1,9.2
2025-10-27 15:00:00,629.8,3363.3,802.4,1199.4,5994.9,6.6,7.9,8.9
2025-10-27 16:00:00,623.7,3469.5,808.4,1222.3,6123.9,6.5,7.2,9.1
2025-10-27 17:00:00,642.8,3562.0,830.0,1231.3,6266.1,6.3,6.4,9.0
2025-10-27 18:00:00,654.9,3505.3,804.7,1221.5,6186.4,6.3,5.7,8.8
2025-10-27 19:00:00,647.2,3447.3,771.0,1199.2,6064.7,6.4,5.6,9.1
2025-10-27 20:00:00,579.0,,758.7,1152.0,2489.7,6.6,4.6,8.7
2025-10-27 21:00:00,592.4,3205.6,728.7,1148.1,5674.8,6.3,4.9,8.9
2025-10-27 22:00:00,578.4,3062.2,674.7,1116.8,5432.1,6.6,4.4,8.8
2025-10-27 23:00:00,553.5,2905.5,626.9,1085.7,5171.6,6.6,4.0,8.6
2025-10-28 00:00:00,491.8,2867.1,601.6,1063.6,5024.1,6.7,3.7,8.9
2025-10-28 01:00:00,474.6,2765.8,582.1,1043.9,4866.4,6.7,4.5,9.1
2025-10-28 02:00:00,461.6,2704.2,596.2,1049.9,4811.9,6.3,3.4,9.0
2025-10-28 03:00:00,472.3,2710.1,611.4,1056.7,4850.5,6.1,2.7,9.0
2025-10-28 03:00:00,472.3,2710.1,611.4,1056.7,4850.5,6.1,2.7,9.0
2025-10-28 04:00:00,466.6,2714.0,612.8,1076.9,4870.3,6.2,2.9,8.9
2025-10-28 05:00:00,508.2,2801.0,648.8,1130.6,5088.6,6.0,2.8,8.8
2025-10-28 06:00:00,598.3,3123.8,733.9,1157.5,5613.5,5.8,3.6,8.8
2025-10-28 07:00:00,578.0,3266.8,790.0,1175.7,5810.5,6.2,3.9,9.1
2025-10-28 08:00:00,601.8,3348.6,796.9,1186.6,5933.9,6.3,4.4,9.0
2025-10-28 09:00:00,601.2,3320.9,740.0,1185.7,5847.8,6.4,5.4,9.1
2025-10-28 10:00:00,598.9,3336.5,757.2,1194.7,5887.3,6.4,6.8,9.2
2025-10-28 11:00:00,612.3,3293.5,801.2,1185.1,5892.1,6.5,7.6,9.1
2025-10-28 12:00:00,607.4,3281.2,788.6,1179.3,5856.5,6.5,8.3,9.0
2025-10-28 13:00:00,613.5,3264.9,789.4,1171.9,5839.7,6.2,8.1,8.7
2025-10-28 14:00:00,617.6,3300.4,788.6,1171.3,5877.9,6.3,7.8,8.5
2025-10-28 15:00:00,607.5,3326.8,793.2,1186.4,5913.9,6.3,7.4,8.5
2025-10-28 16:00:00,642.6,3411.1,790.0,1204.1,6047.8,6.3,6.6,8.4
2025-10-28 17:00:00,617.8,3496.8,806.1,1198.7,6119.4,5.9,6.6,8.1
2025-10-28 18:00:00,613.9,3436.9,800.1,1193.5,6044.4,6.3,6.4,8.2
2025-10-28 19:00:00,609.3,3345.7,747.4,1180.1,5882.5,5.8,6.6,8.4
2025-10-28 20:00:00,612.7,3256.1,707.8,1134.6,5711.2,5.6,6.2,8.1
2025-10-28 21:00:00,607.2,3146.3,685.3,1121.6,5560.4,5.1,5.7,8.1
2025-10-28 22:00:00,595.9,3012.4,654.5,1095.7,5358.5,4.9,5.4,8.3
2025-10-28 23:00:00,540.1,2855.1,626.1,1065.9,5087.2,4.3,5.0,8.4
2025-10-29 00:00:00,542.1,2840.1,620.0,1036.3,5038.5,4.8,4.6,8.7
2025-10-29 01:00:00,565.5,2810.7,615.1,1019.0,5010.3,5.3,4.6,9.0
2025-10-29 02:00:00,555.1,2777.2,606.8,1010.3,4949.4,5.2,4.4,9.2
2025-10-29 03:00:00,557.7,2747.9,584.1,1008.6,4898.3,5.0,4.4,9.7
2025-10-29 04:00:00,586.6,2779.1,601.1,1042.7,5009.5,4.5,4.6,9.7
2025-10-29 05:00:00,593.9,2907.2,620.0,1118.6,5239.7,4.4,4.6,9.9
2025-10-29 06:00:00,645.4,3203.0,687.6,1144.8,5680.8,4.4,4.6,10.2
2025-10-29 07:00:00,602.6,3403.3,736.8,1156.7,5899.4,4.6,4.8,10.3
2025-10-29 08:00:00,619.8,3499.8,766.1,1165.8,6051.5,4.3,4.9,10.8
2025-10-29 09:00:00,629.6,3467.8,747.7,1168.7,6013.8,4.7,5.3,11.1
2025-10-29 10:00:00,617.4,3475.6,770.7,1166.2,6029.9,5.0,5.6,11.3
2025-10-29 11:00:00,611.1,3458.1,752.3,1169.0,5990.5,5.2,6.1,11.4
2025-10-29 12:00:00,612.1,3433.9,755.2,1157.3,5958.5,5.1,6.3,11.3
2025-10-29 13:00:00,633.6,3437.9,784.8,1147.2,6003.5,5.3,6.2,10.9
2025-10-29 14:00:00,619.4,3456.1,773.0,1142.2,5990.7,5.2,6.1,11.1
2025-10-29 15:00:00,591.2,3482.8,784.0,1156.8,6014.8,5.1,6.1,11.2
2025-10-29 16:00:00,631.6,3580.9,784.5,1182.1,6179.1,5.1,5.7,11.0
2025-10-29 17:00:00,649.2,3651.9,792.0,1175.8,6268.9,4.9,5.8,10.9
2025-10-29 18:00:00,634.8,3626.5,745.1,1181.1,6187.5,5.1,5.5,10.8
2025-10-29 19:00:00,623.7,3541.8,719.5,1161.5,6046.5,4.5,5.0,11.0
2025-10-29 20:00:00,611.7,3435.9,667.2,1116.7,5831.5,4.6,3.2,11.6
2025-10-29 21:00:00,611.3,3300.1,658.6,1114.3,5684.3,4.7,3.1,11.6
2025-10-29 22:00:00,601.6,3183.1,640.5,1095.4,5520.6,4.3,3.4,11.6
2025-10-29 23:00:00,551.7,3027.4,573.2,1072.3,5224.6,4.3,3.7,11.5
2025-10-30 00:00:00,548.8,2877.9,574.3,1043.3,5044.3,4.2,4.7,11.4
2025-10-30 01:00:00,557.5,2814.0,576.0,1036.0,4983.5,4.4,5.1,11.2
2025-10-30 02:00:00,529.5,2745.9,597.6,1034.9,4907.9,4.4,5.2,10.7
2025-10-30 03:00:00,502.4,2736.1,593.6,1046.6,4878.7,4.4,6.2,10.4
2025-10-30 04:00:00,528.7,2749.2,604.2,1071.1,4953.2,4.7,6.6,10.2
2025-10-30 05:00:00,532.0,2824.1,616.3,1145.1,5117.5,4.7,7.1,9.9
2025-10-30 06:00:00,606.2,3074.9,685.9,1193.4,5560.4,4.9,7.6,9.6
2025-10-30 07:00:00,633.4,3283.4,742.5,1205.8,5865.1,5.4,8.1,9.9
2025-10-30 08:00:00,615.6,3344.4,752.6,1217.7,5930.3,5.1,8.5,9.9
2025-10-30 09:00:00,626.1,3415.7,786.0,1216.3,6044.1,5.1,8.9,10.0
2025-10-30 10:00:00,593.7,3453.8,836.6,1216.4,6100.5,5.4,9.0,10.2
2025-10-30 11:00:00,583.1,3458.1,863.6,1224.5,6129.3,5.6,8.9,10.2
2025-10-30 12:00:00,595.1,3438.2,836.3,1201.9,6071.5,5.4,9.1,9.8
2025-10-30 13:00:00,614.3,3408.9,813.3,1195.8,6032.3,5.7,9.3,9.9
2025-10-30 14:00:00,607.9,3417.3,776.8,1211.9,6013.9,5.6,9.5,9.8
2025-10-30 15:00:00,680.5,,794.3,1231.6,2706.4,5.3,9.1,9.9
2025-10-30 16:00:00,694.3,3545.4,836.9,1261.7,6338.3,4.9,8.9,9.9
2025-10-30 17:00:00,669.1,3594.2,872.8,1272.0,6408.1,4.7,8.6,9.7
2025-10-30 18:00:00,670.7,3495.2,824.8,,4990.7,5.1,8.3,9.6
2025-10-30 19:00:00,575.0,3413.1,742.0,1251.4,5981.5,5.0,8.4,9.4
2025-10-30 20:00:00,585.7,3359.0,690.2,1203.9,5838.8,5.1,8.3,9.1
2025-10-30 21:00:00,568.5,3201.3,658.0,1193.5,5621.3,5.2,8.1,8.8
2025-10-30 22:00:00,556.5,3096.8,640.2,1174.5,5468.0,5.2,8.1,8.6
2025-10-30 23:00:00,541.9,3011.7,623.5,1144.3,5321.4,5.1,7.8,8.5
2025-10-31 00:00:00,530.8,2891.5,610.8,1125.5,5158.6,4.8,7.4,8.3
2025-10-31 01:00:00,469.7,2816.9,602.2,1107.2,4996.0,4.6,7.1,8.6
2025-10-31 02:00:00,506.6,2731.3,575.2,1089.4,4902.5,4.0,7.4,8.3
2025-10-31 03:00:00,470.7,2719.9,556.8,1077.8,4825.2,3.6,7.2,8.1
2025-10-31 04:00:00,523.2,2742.7,584.4,1102.0,4952.3,3.1,6.9,7.8
2025-10-31 05:00:00,579.5,2847.6,625.8,1172.2,5225.1,2.7,6.6,7.6
2025-10-31 06:00:00,641.5,3166.2,716.4,1203.6,5727.7,2.6,6.0,7.5
2025-10-31 07:00:00,575.6,3388.0,770.7,1209.7,5944.0,2.2,5.7,7.5
2025-10-31 08:00:00,643.4,3480.9,780.2,1204.3,6108.8,2.4,6.0,7.7
2025-10-31 09:00:00,671.8,3472.4,739.1,1220.1,6103.4,2.4,6.8,8.4
2025-10-31 10:00:00,648.8,3505.0,742.8,1206.3,6102.9,2.4,7.3,9.0
2025-10-31 11:00:00,632.0,3515.1,743.4,1199.4,6089.9,2.5,7.5,9.4
2025-10-31 12:00:00,607.2,3492.3,726.7,1175.7,6001.9,2.6,7.5,9.9
2025-10-31 13:00:00,,3464.2,713.8,1164.4,5342.4,2.8,7.2,10.4
2025-10-31 14:00:00,629.0,3448.9,710.6,1152.3,5940.8,3.0,7.2,10.5
2025-10-31 15:00:00,604.6,3445.0,737.7,1176.0,5963.3,2.9,6.9,10.4
2025-10-31 16:00:00,635.6,3525.8,763.3,1192.8,6117.5,2.8,6.6,10.0
2025-10-31 17:00:00,618.8,3551.9,782.5,1191.2,6144.4,2.9,6.6,9.4
2025-10-31 18:00:00,598.7,3486.4,760.7,1183.5,6029.3,2.9,6.5,9.2
2025-10-31 19:00:00,609.3,3388.0,710.1,1164.0,5871.4,2.6,6.4,9.1
2025-10-31 20:00:00,619.2,3276.6,,1123.6,5019.4,2.6,6.1,9.3
2025-10-31 21:00:00,601.0,3178.5,644.5,1122.9,5546.9,2.7,5.8,9.6
2025-10-31 22:00:00,620.0,3103.3,639.3,1097.0,5459.6,2.7,5.6,9.9
2025-10-31 23:00:00,,3026.4,,1067.5,4093.9,2.7,5.5,10.0
2025-11-01 00:00:00,577.6,2945.9,547.6,1049.4,5120.5,2.7,5.3,10.0
2025-11-01 01:00:00,557.1,2884.7,529.4,1040.2,5011.4,2.6,5.3,10.0
2025-11-01 02:00:00,552.9,2842.3,518.5,1024.4,4938.1,2.6,5.1,9.8
2025-11-01 03:00:00,564.8,2781.4,529.7,1004.6,4880.5,2.6,5.1,9.4
2025-11-01 04:00:00,574.0,2763.8,543.5,1013.5,4894.8,2.6,5.2,9.1
2025-11-01 05:00:00,581.1,2766.8,546.1,1040.3,4934.3,2.6,5.1,8.9
2025-11-01 06:00:00,580.5,2789.6,571.1,1047.3,4988.5,2.5,4.9,8.7
2025-11-01 07:00:00,632.8,2838.1,559.1,1057.0,5087.0,2.4,5.4,8.5
2025-11-01 08:00:00,649.7,2925.4,568.6,1085.2,5228.9,2.6,5.6,8.8
2025-11-01 09:00:00,636.7,2974.6,605.9,1098.8,5316.0,3.0,6.1,9.6
2025-11-01 10:00:00,637.9,2987.3,594.4,1104.3,5323.9,3.5,7.1,10.1
2025-11-01 11:00:00,647.6,3021.5,568.3,1113.4,5350.8,3.8,8.1,10.5
2025-11-01 12:00:00,579.7,2967.1,569.4,1109.2,5225.4,3.9,8.8,10.7
2025-11-01 13:00:00,546.6,2956.0,600.5,1109.0,5212.1,4.1,8.9,11.2
2025-11-01 14:00:00,446.2,2988.0,605.4,1120.5,5160.1,4.0,8.7,11.1
2025-11-01 15:00:00,549.8,3049.5,618.3,1141.3,5358.9,3.9,8.5,10.9
2025-11-01 16:00:00,548.0,3139.5,649.1,1175.1,5511.7,3.9,8.2,10.9
2025-11-01 17:00:00,489.0,3190.3,686.2,1181.4,5546.9,4.2,8.0,10.9
2025-11-01 18:00:00,517.2,3149.2,678.7,1186.0,5531.1,4.6,7.9,11.6
2025-11-01 19:00:00,504.8,3060.9,659.4,1182.7,5407.8,4.6,8.3,12.0
2025-11-01 20:00:00,445.5,2972.0,646.5,1169.0,5233.0,4.6,8.6,12.2
2025-11-01 21:00:00,458.9,2845.9,665.8,1184.2,5154.8,4.6,8.6,12.2
2025-11-01 22:00:00,371.7,2769.7,639.6,1160.4,4941.4,4.5,8.7,12.1
2025-11-01 23:00:00,372.1,2746.6,613.1,1131.6,4863.4,4.2,8.9,11.7
2025-11-02 00:00:00,380.0,2737.4,609.7,1094.9,4822.0,4.2,9.3,11.1
2025-11-02 01:00:00,411.5,2678.5,570.6,1068.3,4728.9,4.7,9.5,11.1
2025-11-02 02:00:00,421.6,2597.0,560.8,1061.1,4640.5,4.7,9.5,10.9
2025-11-02 03:00:00,445.9,2520.5,547.9,1056.1,4570.4,4.8,9.3,10.7
2025-11-02 04:00:00,438.9,2508.4,544.1,1069.1,4560.5,5.0,9.1,10.6
2025-11-02 05:00:00,420.2,2527.7,538.4,1092.4,4578.7,5.1,9.1,10.6
2025-11-02 06:00:00,426.5,2536.1,537.2,1103.6,4603.4,5.2,9.2,10.9
2025-11-02 07:00:00,474.6,2577.2,552.7,1100.4,4704.9,5.2,8.5,10.7
2025-11-02 08:00:00,507.0,2628.0,568.3,1122.5,4825.8,5.1,8.4,10.8
2025-11-02 09:00:00,545.8,2676.9,595.6,1159.3,4977.6,5.0,8.9,11.0
2025-11-02 10:00:00,565.7,2863.2,610.3,1179.7,5218.9,5.2,9.0,11.2
2025-11-02 11:00:00,543.5,2929.0,634.7,1185.5,5292.7,5.5,9.0,11.1
2025-11-02 12:00:00,,3000.3,655.7,1181.2,4837.2,5.6,9.3,11.1
2025-11-02 13:00:00,548.8,2987.0,662.9,1186.5,5385.2,5.6,10.3,11.3
2025-11-02 14:00:00,580.5,3015.3,656.6,1190.0,5442.4,5.8,10.6,10.9
2025-11-02 15:00:00,580.5,3062.2,661.2,1216.4,5520.3,5.5,9.9,10.9
2025-11-02 16:00:00,608.7,3210.1,711.2,1223.1,5753.1,5.5,9.5,10.5
2025-11-02 17:00:00,601.8,3319.3,736.8,1232.3,5890.2,5.9,8.7,10.3
2025-11-02 18:00:00,565.8,3278.6,733.1,,4577.5,6.0,8.2,10.3
2025-11-02 19:00:00,560.6,3171.7,720.7,1195.3,5648.3,6.2,8.8,10.2
2025-11-02 20:00:00,530.8,3094.8,692.2,1150.2,5468.0,6.2,8.5,10.1
2025-11-02 21:00:00,553.1,3014.7,654.5,1154.5,5376.8,6.3,8.1,9.9
2025-11-02 22:00:00,515.7,2853.1,621.2,1132.7,5122.7,6.3,8.3,9.6
2025-11-02 23:00:00,522.4,2756.0,602.8,1092.3,4973.5,6.3,7.8,9.4
2025-11-03 00:00:00,504.8,2736.1,588.7,1072.6,4902.2,6.2,7.2,9.2
2025-11-03 01:00:00,496.3,2675.2,584.1,1034.2,4789.8,6.1,7.2,9.2
2025-11-03 02:00:00,473.7,2604.2,564.2,1034.0,4676.1,6.1,7.0,9.1
2025-11-03 03:00:00,463.2,2648.5,567.4,1035.5,4714.6,6.1,6.9,8.9
2025-11-03 04:00:00,483.9,2714.3,562.8,1066.4,4827.4,5.9,7.0,9.2
2025-11-03 05:00:00,441.3,2818.2,587.5,1144.1,4991.1,5.9,7.1,9.3
2025-11-03 06:00:00,448.0,3125.1,689.3,1173.3,5435.7,5.9,6.9,9.3
2025-11-03 07:00:00,535.6,3352.8,761.8,1164.6,5814.8,5.9,6.9,9.4
2025-11-03 08:00:00,553.3,3439.5,766.7,1186.4,5945.9,5.9,6.6,9.3
2025-11-03 09:00:00,587.4,3440.8,767.9,1201.3,5997.4,6.0,6.5,9.6
2025-11-03 10:00:00,556.3,3463.3,769.3,1201.3,5990.2,5.9,6.6,10.0
2025-11-03 11:00:00,519.4,3437.2,783.1,1210.1,5949.8,5.8,7.1,10.3
2025-11-03 12:00:00,466.8,3447.6,752.0,1196.4,5862.8,5.8,7.8,10.6
2025-11-03 13:00:00,528.7,3391.3,736.8,1188.6,5845.4,6.2,9.1,11.1
2025-11-03 14:00:00,514.3,3319.9,756.4,1199.4,5790.0,6.2,9.5,11.1
2025-11-03 15:00:00,550.6,3410.5,796.6,1211.7,5969.4,6.1,8.6,10.7
2025-11-03 16:00:00,581.9,3496.2,819.6,1231.6,6129.3,5.9,7.5,10.4
2025-11-03 17:00:00,528.3,3548.9,817.0,1225.3,6119.5,5.8,7.0,10.5
2025-11-03 18:00:00,551.5,3495.5,790.3,1233.6,6070.9,5.0,6.9,10.4
2025-11-03 19:00:00,502.6,3411.1,747.7,1218.9,5880.3,4.9,7.5,10.5
2025-11-03 20:00:00,517.2,3313.1,702.3,1188.9,5721.5,4.2,7.1,10.4
2025-11-03 21:00:00,503.0,3133.3,671.5,1189.7,5497.5,3.8,6.7,10.4
2025-11-03 22:00:00,534.2,2994.8,629.0,1153.5,5311.5,3.8,6.3,10.7
2025-11-03 23:00:00,511.3,2858.0,591.0,1125.2,5085.5,3.7,6.0,11.0
2025-11-04 00:00:00,468.7,2704.5,584.4,1086.7,4844.3,3.6,5.6,11.1
2025-11-04 01:00:00,465.4,2647.5,545.0,1082.2,4740.1,3.6,5.3,11.3
2025-11-04 02:00:00,477.2,,544.4,1069.5,2091.1,3.4,5.1,11.5
2025-11-04 03:00:00,497.3,2596.1,514.5,1072.6,4680.5,2.8,5.3,11.6
2025-11-04 04:00:00,514.5,2618.2,526.6,1099.7,4759.0,2.3,5.9,11.6
2025-11-04 05:00:00,551.7,2692.2,567.7,1183.9,4995.5,2.7,7.4,11.7
2025-11-04 06:00:00,543.7,3010.4,635.6,1248.3,5438.0,3.3,8.0,11.8
2025-11-04 07:00:00,488.8,3254.1,713.2,1269.5,5725.6,4.1,8.5,12.0
2025-11-04 08:00:00,526.5,,724.4,1276.3,2527.2,3.9,8.8,12.0
2025-11-04 09:00:00,547.4,3300.7,743.1,1268.8,5860.0,4.0,9.3,12.1
2025-11-04 10:00:00,542.3,3301.0,756.1,1269.7,5869.1,4.3,9.8,12.2
2025-11-04 11:00:00,584.3,3261.0,761.8,1265.0,5872.1,5.2,10.4,12.6
2025-11-04 12:00:00,565.5,3258.7,764.7,1249.5,5838.4,6.2,11.2,12.7
2025-11-04 13:00:00,613.5,3206.2,782.5,1251.7,5853.9,6.7,11.5,12.8
2025-11-04 14:00:00,563.8,3193.9,756.9,1253.5,5768.1,7.1,12.4,12.7
2025-11-04 15:00:00,612.7,3231.6,756.1,1276.7,5877.1,6.7,12.7,12.7
2025-11-04 16:00:00,628.3,3298.1,763.0,1287.1,5976.5,6.7,12.9,12.7
2025-11-04 17:00:00,594.5,3302.3,786.3,1284.6,5967.7,6.8,13.1,12.6
2025-11-04 18:00:00,520.2,3238.5,765.0,1290.0,5813.7,6.7,13.1,12.3
2025-11-04 19:00:00,552.9,3160.0,721.8,1260.4,5695.1,6.9,12.9,12.1
2025-11-04 19:00:00,552.9,3160.0,721.8,1260.4,5695.1,6.9,12.9,12.1
2025-11-04 20:00:00,587.4,3049.5,674.1,1201.8,5512.8,6.9,13.0,12.2
2025-11-04 21:00:00,592.0,,647.9,1186.1,2426.0,6.6,12.9,12.0
2025-11-04 22:00:00,537.9,2766.1,608.2,1151.6,5063.8,6.4,12.9,12.1
2025-11-04 23:00:00,519.4,2622.1,577.8,1099.0,4818.3,5.6,12.6,12.1
2025-11-05 00:00:00,500.7,2512.3,573.7,1055.6,4642.3,5.2,12.3,12.0
2025-11-05 01:00:00,466.6,2468.4,562.5,1044.5,4542.0,5.7,12.5,11.8
2025-11-05 02:00:00,448.4,2439.0,551.9,1025.3,4464.6,5.5,12.7,11.4
2025-11-05 03:00:00,496.9,2430.9,532.6,1025.9,4486.3,5.6,12.5,11.4
2025-11-05 04:00:00,505.8,2429.6,530.9,,3466.3,5.8,12.3,11.4
2025-11-05 05:00:00,479.2,2553.4,543.5,1131.2,4707.3,6.0,12.1,11.2
2025-11-05 06:00:00,463.6,2898.4,615.1,1196.4,5173.5,6.1,11.3,11.2
2025-11-05 07:00:00,523.7,3132.0,684.5,1198.1,5538.3,6.4,11.3,11.4
2025-11-05 08:00:00,524.5,3166.2,691.1,1225.8,5607.6,6.4,11.2,11.3
2025-11-05 09:00:00,497.9,3216.3,697.1,1222.1,5633.4,7.0,11.5,11.5
2025-11-05 10:00:00,464.8,3228.7,751.8,1221.6,5666.9,7.9,11.6,11.7
2025-11-05 11:00:00,519.0,3233.6,774.5,1214.2,5741.3,8.6,11.9,11.8
2025-11-05 12:00:00,534.0,3264.5,780.2,1208.3,5787.0,8.5,12.1,11.7
2025-11-05 13:00:00,525.5,3305.6,778.5,1210.3,5819.9,8.5,11.5,11.4
2025-11-05 14:00:00,555.7,3309.2,757.8,1219.2,5841.9,7.8,11.7,11.5
2025-11-05 15:00:00,536.4,3348.3,762.7,1251.9,5899.3,7.4,11.3,11.5
2025-11-05 16:00:00,535.4,3436.9,,1255.9,5228.2,6.9,10.7,11.4
2025-11-05 17:00:00,601.4,3515.1,791.4,1247.6,6155.5,6.2,10.5,11.4
2025-11-05 18:00:00,550.8,3423.2,756.4,1250.5,5980.9,5.7,10.6,11.4
2025-11-05 19:00:00,527.9,3305.3,742.5,1230.2,5805.9,6.5,10.4,11.8
2025-11-05 20:00:00,517.8,3152.5,729.3,1168.0,5567.6,6.2,10.5,11.5
2025-11-05 21:00:00,523.3,3019.2,681.0,1156.4,5379.9,6.1,10.5,11.7
2025-11-05 22:00:00,504.0,2859.6,672.7,1127.5,5163.8,5.8,10.6,11.6
2025-11-05 23:00:00,518.4,2704.2,636.4,1078.8,4937.8,5.9,10.8,11.3
2025-11-06 00:00:00,482.7,2627.0,620.3,1076.8,4806.8,6.0,10.7,11.1
2025-11-06 01:00:00,445.3,2568.0,605.1,1064.9,4683.3,5.2,10.2,11.1
2025-11-06 02:00:00,443.9,2537.4,582.7,1053.4,4617.4,4.9,10.4,11.0
2025-11-06 03:00:00,491.2,2487.3,567.4,1053.2,4599.1,5.2,10.5,10.8
2025-11-06 04:00:00,447.2,2461.2,568.8,1074.8,4552.0,4.7,10.5,10.6
2025-11-06 05:00:00,477.8,2579.8,595.6,1148.1,4801.3,4.4,10.5,10.3
2025-11-06 06:00:00,524.1,2914.0,679.9,1204.4,5322.4,4.2,10.6,10.1
2025-11-06 07:00:00,584.7,3186.7,745.7,1215.7,5732.8,3.7,10.6,10.1
2025-11-06 08:00:00,572.8,3198.4,730.8,1219.8,5721.8,3.3,10.8,10.0
2025-11-06 09:00:00,579.2,3215.7,706.6,1210.0,5711.5,3.5,11.3,10.4
2025-11-06 10:00:00,573.4,3231.6,700.3,1201.7,5707.0,4.1,11.9,11.1
2025-11-06 11:00:00,631.6,3194.8,675.5,1166.8,5668.7,4.7,12.5,11.8
2025-11-06 12:00:00,,3216.3,663.2,1164.8,5044.3,5.2,12.2,12.2
2025-11-06 13:00:00,624.9,3179.2,673.5,1183.2,5660.8,6.0,11.7,12.9
2025-11-06 14:00:00,632.0,3168.4,684.2,1195.9,5680.5,5.3,11.5,12.7
2025-11-06 15:00:00,649.0,3243.7,730.2,1252.4,5875.3,4.7,11.5,12.2
2025-11-06 16:00:00,665.5,3356.4,772.2,1259.6,6053.7,4.4,10.6,10.9
2025-11-06 17:00:00,675.6,3420.6,781.9,1264.4,6142.5,4.1,10.4,9.9
2025-11-06 18:00:00,645.4,3344.0,,1260.0,5249.4,3.9,10.4,9.5
2025-11-06 19:00:00,657.6,3291.3,730.2,1227.7,5906.8,3.2,10.8,9.2
2025-11-06 20:00:00,642.5,3158.7,702.0,1187.1,5690.3,2.8,10.6,8.8
2025-11-06 21:00:00,655.9,2976.6,650.2,1192.0,5474.7,2.6,10.3,8.6
2025-11-06 22:00:00,614.8,2842.0,605.9,1161.4,5224.1,2.6,9.8,8.8
2025-11-06 23:00:00,596.3,2665.8,559.1,1128.9,4950.1,2.5,9.8,9.3
2025-11-07 00:00:00,609.3,2595.1,561.1,1089.7,4855.2,2.6,9.9,9.4
2025-11-07 01:00:00,621.2,2561.9,566.5,1070.6,4820.2,2.0,9.2,8.8
2025-11-07 02:00:00,594.9,2562.8,592.4,1058.7,4808.8,1.7,9.4,8.4
2025-11-07 03:00:00,563.4,2534.2,619.2,1052.4,4769.2,1.5,9.3,8.2
2025-11-07 04:00:00,539.3,2540.4,,1079.5,4159.2,1.2,9.5,8.2
2025-11-07 05:00:00,601.6,2655.7,653.7,1130.9,5041.9,1.0,9.4,8.2
2025-11-07 06:00:00,688.2,2992.2,734.8,1149.7,5564.9,1.0,9.4,8.3
2025-11-07 07:00:00,714.6,3257.1,804.1,1162.3,5938.1,0.2,9.5,7.8
2025-11-07 08:00:00,648.6,,797.2,1177.6,2623.4,-0.2,9.0,8.1
2025-11-07 09:00:00,607.2,3187.3,744.6,1184.7,5723.8,0.1,9.4,9.0
2025-11-07 10:00:00,605.8,3134.2,726.2,1183.1,5649.3,0.6,9.9,9.5
2025-11-07 11:00:00,643.8,3074.6,704.0,1175.7,5598.1,1.1,10.5,9.8
2025-11-07 12:00:00,631.4,3085.0,698.5,1167.0,5581.9,1.5,10.8,9.8
2025-11-07 13:00:00,625.1,3089.0,694.8,1156.1,5565.0,1.8,11.2,10.1
2025-11-07 14:00:00,650.9,3104.3,702.9,1164.8,5622.9,1.3,11.2,10.0
2025-11-07 15:00:00,669.9,3198.7,728.5,1178.7,5775.8,1.0,10.3,9.7
2025-11-07 16:00:00,669.7,3323.5,758.4,1178.5,5930.1,0.7,9.4,9.0
2025-11-07 17:00:00,680.7,3391.6,800.6,1175.4,6048.3,0.4,8.5,8.6
2025-11-07 18:00:00,635.7,3314.4,775.3,1179.8,5905.2,0.2,8.1,8.6
2025-11-07 19:00:00,622.1,3197.1,750.0,1171.4,5740.6,-0.3,7.7,8.6
2025-11-07 20:00:00,605.0,3105.9,708.6,1125.7,5545.2,-0.7,7.6,8.8
2025-11-07 21:00:00,598.5,2980.1,668.6,1139.7,5386.9,-0.8,7.4,9.0
2025-11-07 22:00:00,594.1,2884.7,653.4,1110.8,5243.0,-0.9,7.3,9.0
2025-11-07 23:00:00,570.5,2756.7,626.4,1094.8,5048.4,-0.9,7.0,9.0
2025-11-08 00:00:00,573.8,2714.0,606.8,1074.1,4968.7,-1.0,6.6,8.0
2025-11-08 01:00:00,562.8,2669.4,596.2,1052.3,4880.7,-1.6,5.8,8.4
2025-11-08 02:00:00,539.7,2601.9,587.0,1040.1,4768.7,-2.0,4.8,8.4
2025-11-08 03:00:00,504.8,2573.6,562.8,1040.3,4681.5,-2.0,4.6,8.1
2025-11-08 04:00:00,503.0,2561.9,566.5,1033.0,4664.4,-1.7,4.7,8.0
2025-11-08 05:00:00,485.5,2532.5,563.1,1054.4,4635.5,-1.4,4.5,7.7
2025-11-08 06:00:00,502.1,2581.4,595.9,1060.7,4740.1,-1.3,4.2,7.2
2025-11-08 07:00:00,552.1,2711.4,619.2,1066.2,4948.9,-2.5,4.7,7.5
2025-11-08 08:00:00,599.1,2855.1,650.5,1096.1,5200.8,-2.2,4.9,7.5
2025-11-08 09:00:00,631.8,2999.7,676.1,1104.0,5411.6,-2.1,5.4,7.6
2025-11-08 10:00:00,619.2,3089.3,693.7,1120.6,5522.8,-1.3,5.8,7.5
2025-11-08 11:00:00,569.9,3135.5,704.0,1125.8,5535.2,-0.9,6.0,8.1
2025-11-08 12:00:00,645.6,3107.2,702.3,1121.3,5576.4,-0.7,6.1,9.2
2025-11-08 13:00:00,641.3,3117.0,,1117.5,4875.8,-0.3,5.9,9.9
2025-11-08 14:00:00,620.0,3116.0,692.8,1139.9,5568.7,-0.3,5.9,9.9
2025-11-08 15:00:00,615.6,3063.5,700.8,1169.3,5549.2,-0.1,5.7,9.5
2025-11-08 16:00:00,594.5,3155.1,737.7,1175.2,5662.5,0.6,5.5,8.8
2025-11-08 17:00:00,629.0,3245.3,753.8,1183.9,5812.0,1.3,5.5,8.4
2025-11-08 18:00:00,644.8,3213.4,739.7,1181.9,5779.8,1.7,5.6,8.0
2025-11-08 19:00:00,631.4,3133.6,711.2,1171.9,5648.1,1.6,5.9,7.7
2025-11-08 20:00:00,627.3,3021.8,,1143.3,4792.4,1.3,6.0,7.6
2025-11-08 21:00:00,612.9,2922.2,660.9,1146.8,5342.8,1.4,6.1,7.5
2025-11-08 22:00:00,586.1,2846.9,632.1,1134.8,5199.9,1.0,6.2,7.6
2025-11-08 23:00:00,588.6,2737.4,613.1,1098.8,5037.9,0.8,6.3,7.6
2025-11-09 00:00:00,593.9,2676.2,609.7,1079.6,4959.4,0.5,6.2,7.5
2025-11-09 01:00:00,560.0,2646.2,616.0,1080.5,4902.7,0.5,6.2,7.7
2025-11-09 02:00:00,509.0,2602.9,590.4,1070.4,4772.7,-0.3,6.3,7.7
2025-11-09 03:00:00,443.5,2511.4,561.9,1073.3,4590.1,-1.2,6.3,7.7
2025-11-09 04:00:00,439.5,2529.9,551.6,1077.4,4598.4,-1.7,6.1,7.7
2025-11-09 05:00:00,501.9,2532.9,551.3,1082.3,4668.4,-1.7,6.0,7.7
2025-11-09 06:00:00,528.9,2583.7,570.0,1097.6,4780.2,-1.6,5.8,7.9
2025-11-09 07:00:00,542.3,2653.4,587.5,,3783.2,-1.5,5.1,7.8
2025-11-09 08:00:00,588.4,2786.6,619.5,1132.8,5127.3,-1.3,4.7,8.0
2025-11-09 09:00:00,569.5,2943.0,668.1,1158.7,5339.3,-1.1,4.5,8.3
2025-11-09 10:00:00,606.0,3029.7,682.4,1163.0,5481.1,-0.8,4.6,8.4
2025-11-09 11:00:00,614.5,3097.4,697.4,1138.4,5547.7,-0.7,5.2,8.2
2025-11-09 12:00:00,594.7,3180.8,715.5,1109.3,5600.3,-0.4,5.9,8.1
2025-11-09 13:00:00,616.2,3170.4,715.8,1112.1,5614.5,-0.5,6.2,7.7
2025-11-09 14:00:00,598.5,3161.0,719.5,1133.8,5612.8,-1.2,6.4,7.6
2025-11-09 15:00:00,603.0,3182.8,717.0,1168.1,5670.9,-1.6,6.4,7.5
2025-11-09 16:00:00,630.6,3260.3,746.0,1176.3,5813.2,-1.8,6.3,7.3
2025-11-09 17:00:00,637.3,3306.6,756.1,1193.7,5893.7,-1.5,6.2,7.4
2025-11-09 18:00:00,651.7,3271.1,744.6,1213.4,5880.8,-1.2,6.2,7.4
2025-11-09 19:00:00,602.0,3223.8,736.8,1210.6,5773.2,-1.8,6.1,7.6
2025-11-09 20:00:00,596.5,3147.9,720.7,1184.9,5650.0,-2.2,6.0,7.5
2025-11-09 21:00:00,586.4,3018.3,686.8,,4291.5,-2.1,5.7,7.3
2025-11-09 22:00:00,574.2,2873.6,666.3,1199.9,5314.0,-1.9,5.7,7.3
2025-11-09 23:00:00,547.2,2781.8,638.7,1164.1,5131.8,-1.8,5.5,7.5
2025-11-10 00:00:00,593.2,2683.0,629.0,1135.5,5040.7,-1.9,5.4,7.5
2025-11-10 01:00:00,609.1,2653.7,613.4,1119.2,4995.4,-2.2,5.7,7.6
2025-11-10 02:00:00,631.2,2643.0,607.7,1106.5,4988.4,-2.9,5.5,7.4
2025-11-10 03:00:00,626.7,2624.7,610.5,1104.1,4966.0,-3.0,5.5,7.3
2025-11-10 04:00:00,677.7,2639.7,621.5,1127.6,5066.5,-3.1,5.3,7.2
2025-11-10 05:00:00,659.8,2779.1,654.3,1207.0,5300.2,-3.3,5.3,7.2
2025-11-10 06:00:00,723.1,3069.1,741.1,1235.8,5769.1,-3.3,5.2,7.2
2025-11-10 07:00:00,725.3,3309.2,817.6,1225.9,6078.0,-4.4,4.9,7.1
2025-11-10 08:00:00,703.6,3376.6,828.5,1239.5,6148.2,-4.8,4.9,7.1
2025-11-10 09:00:00,736.3,3384.1,843.2,1229.1,6192.7,-4.3,5.0,7.3
2025-11-10 10:00:00,752.1,3438.2,857.0,1221.5,6268.8,-3.8,5.1,7.6
2025-11-10 11:00:00,715.0,3453.5,858.4,1227.6,6254.5,-3.2,5.3,7.8
2025-11-10 12:00:00,658.4,3477.6,847.2,1226.1,6209.3,-2.8,5.5,8.0
2025-11-10 13:00:00,647.0,3442.7,849.2,1215.8,6154.7,-2.7,6.0,7.9
2025-11-10 14:00:00,675.8,3427.4,843.8,1213.5,6160.5,-3.0,6.1,7.9
2025-11-10 15:00:00,,3496.5,851.5,1222.2,5570.2,-3.2,6.0,7.9
2025-11-10 16:00:00,761.6,3552.5,874.3,1232.8,6421.2,-3.3,5.8,7.7
2025-11-10 17:00:00,705.9,3573.1,883.2,1226.8,6389.0,-3.5,5.8,7.5
2025-11-10 18:00:00,664.5,3539.2,864.5,1226.4,6294.6,-3.6,5.8,7.6
2025-11-10 19:00:00,,3453.5,834.9,1206.0,5494.4,-6.5,5.7,7.4
2025-11-10 20:00:00,689.2,3343.4,801.8,1171.6,6006.0,-6.9,5.4,7.3
2025-11-10 21:00:00,684.8,3183.1,762.4,1179.9,5810.2,-6.9,5.3,7.3
2025-11-10 22:00:00,659.6,3022.5,721.6,1157.3,5561.0,-6.7,5.1,7.2
2025-11-10 23:00:00,618.0,2892.8,679.9,1114.4,5305.1,-6.6,4.8,7.1
2025-11-11 00:00:00,605.8,2763.8,654.0,1093.8,5117.4,-6.3,4.9,7.1
2025-11-11 01:00:00,582.1,2724.1,640.5,1085.7,5032.4,-7.1,4.7,7.0
2025-11-11 02:00:00,591.8,2717.3,636.4,1073.7,5019.2,-7.3,4.7,6.9
2025-11-11 03:00:00,590.0,2711.4,640.2,1084.9,5026.5,-7.4,4.6,6.9
2025-11-11 04:00:00,595.5,2744.9,647.1,1098.7,5086.2,-7.4,4.6,6.8
2025-11-11 05:00:00,653.7,2839.7,679.0,1171.5,5343.9,-7.2,4.7,7.1
2025-11-11 06:00:00,756.0,3127.7,767.6,1225.9,5877.2,-7.1,4.6,7.4
2025-11-11 07:00:00,702.2,3363.6,827.4,1243.0,6136.2,-9.2,5.0,7.7
2025-11-11 08:00:00,677.9,3408.9,847.8,1257.6,6192.2,-9.1,4.9,8.3
2025-11-11 09:00:00,660.8,3427.8,846.1,1268.8,6203.5,-8.7,5.2,8.8
2025-11-11 10:00:00,633.4,3438.8,847.2,1257.9,6177.3,-8.2,5.3,9.1
2025-11-11 11:00:00,623.9,3438.5,855.0,1249.7,6167.1,-7.7,5.5,9.1
2025-11-11 12:00:00,622.5,3460.0,843.2,1235.2,6160.9,-7.1,5.7,9.5
2025-11-11 13:00:00,651.5,3421.9,845.5,1213.3,6132.2,-6.2,6.2,9.1
2025-11-11 14:00:00,661.2,3431.0,844.9,1226.9,6164.0,-5.8,6.3,8.9
2025-11-11 15:00:00,626.7,3502.7,858.4,1262.8,6250.6,-5.3,6.3,8.9
2025-11-11 16:00:00,621.9,3624.8,885.5,1263.2,6395.4,-4.8,6.1,9.1
2025-11-11 17:00:00,586.1,3670.1,895.5,1269.6,6421.3,-4.5,6.1,9.3
2025-11-11 18:00:00,575.2,3626.8,879.7,1289.4,6371.1,-4.2,6.1,9.7
2025-11-11 19:00:00,524.9,3575.0,838.3,1306.7,6244.9,-3.0,6.3,10.2
2025-11-11 20:00:00,557.9,3467.5,816.2,1262.0,6103.6,-1.8,6.3,9.9
2025-11-11 21:00:00,574.0,3327.7,769.6,1273.3,5944.6,-0.1,6.4,9.8
2025-11-11 22:00:00,562.8,3124.5,725.9,1241.4,5654.6,1.1,6.4,9.6
2025-11-11 23:00:00,505.4,2977.5,673.5,1211.6,5368.0,1.7,6.4,9.4
2025-11-12 00:00:00,549.2,2749.8,607.1,1175.5,5081.6,1.2,6.2,9.5
2025-11-12 01:00:00,540.9,2711.7,604.2,1144.5,5001.3,0.4,5.9,9.5
2025-11-12 02:00:00,538.9,2683.0,594.7,1132.4,4949.0,-0.5,5.8,9.3
2025-11-12 03:00:00,531.4,2643.0,612.6,1139.4,4926.4,-1.1,5.5,9.1
2025-11-12 04:00:00,584.6,2679.8,615.1,1160.1,5039.6,-1.2,4.8,8.9
2025-11-12 05:00:00,575.6,2781.4,655.1,1241.9,5254.0,-1.2,4.7,9.3
2025-11-12 06:00:00,599.1,3099.4,741.7,1288.1,5728.3,-1.1,6.1,9.4
2025-11-12 07:00:00,569.9,3372.1,802.4,1306.8,6051.2,-1.6,6.9,9.4
2025-11-12 08:00:00,554.7,3348.6,788.9,1322.8,6015.0,-1.7,7.3,9.6
2025-11-12 09:00:00,586.3,3406.3,786.6,1314.7,6093.9,-1.6,7.7,9.7
2025-11-12 10:00:00,621.0,3456.4,793.2,1316.4,6187.0,-1.5,7.9,9.9
2025-11-12 11:00:00,688.2,3477.6,787.1,1325.2,6278.1,-1.4,7.9,9.9
2025-11-12 12:00:00,580.3,3457.1,789.4,1308.4,6135.2,-1.3,8.4,9.9
2025-11-12 13:00:00,577.6,3465.5,805.5,1299.1,6147.7,-2.0,8.5,10.1
2025-11-12 14:00:00,567.1,3486.7,807.5,1301.6,6162.9,-2.3,8.5,10.2
2025-11-12 15:00:00,597.9,3522.2,831.7,1335.5,6287.3,-2.6,8.5,10.7
2025-11-12 16:00:00,604.8,3590.0,826.2,1338.3,6359.3,-2.8,8.7,11.3
2025-11-12 17:00:00,626.5,3609.9,844.6,1338.4,6419.4,-2.6,8.9,11.4
2025-11-12 18:00:00,650.9,3562.3,830.6,1334.2,6378.0,-2.0,9.1,11.4
2025-11-12 19:00:00,648.0,3441.8,799.2,1301.9,6190.9,-2.1,9.3,11.5
2025-11-12 20:00:00,642.5,3321.9,779.1,1239.5,5983.0,-1.3,9.4,11.3
2025-11-12 21:00:00,622.9,3120.9,742.3,1234.3,5720.4,-0.8,9.5,11.2
2025-11-12 22:00:00,615.0,2962.9,702.6,1202.2,5482.7,-0.9,9.6,11.4
2025-11-12 23:00:00,583.5,2808.1,612.6,1162.3,5166.5,-1.0,9.4,11.4
2025-11-13 00:00:00,568.3,2777.8,614.0,1124.3,5084.4,-0.9,9.5,11.5
2025-11-13 01:00:00,532.8,2639.1,586.4,1105.1,4863.4,-1.2,9.7,11.2
2025-11-13 02:00:00,552.7,2569.7,571.1,1078.7,4772.2,-1.3,10.1,11.0
2025-11-13 03:00:00,551.2,2526.0,566.8,1079.3,4723.3,-2.0,10.3,10.9
2025-11-13 04:00:00,571.5,,572.3,1105.5,2249.3,-2.3,10.3,10.8
2025-11-13 05:00:00,625.3,2654.4,610.8,1185.4,5075.9,-2.5,10.5,10.6
2025-11-13 06:00:00,656.3,2992.5,727.9,1261.7,5638.4,-2.7,10.7,10.5
2025-11-13 07:00:00,590.2,3201.0,848.1,1274.0,5913.3,-3.5,10.7,10.3
2025-11-13 08:00:00,642.5,3213.4,872.0,1273.5,6001.4,-4.2,10.5,10.1
2025-11-13 09:00:00,682.5,3281.5,847.5,1279.7,6091.2,-4.2,10.7,10.2
2025-11-13 10:00:00,688.8,3405.9,819.0,1278.9,6192.6,-4.1,10.8,10.6
2025-11-13 11:00:00,603.2,3512.8,807.8,1283.0,6206.8,-3.5,10.6,11.0
2025-11-13 12:00:00,472.5,3547.6,809.6,1274.6,6104.3,-2.9,9.9,11.5
2025-11-13 13:00:00,558.8,3561.3,830.6,1270.7,6221.4,-2.6,7.4,11.7
2025-11-13 14:00:00,639.7,3558.7,835.7,1304.2,6338.3,-2.1,4.9,12.0
2025-11-13 15:00:00,626.5,3578.9,808.4,1341.1,6354.9,-1.6,4.1,12.2
2025-11-13 16:00:00,589.0,,752.3,1355.1,2696.4,-1.0,3.8,12.6
2025-11-13 17:00:00,533.6,3584.8,723.3,1356.1,6197.8,-0.5,3.6,12.6
2025-11-13 18:00:00,510.1,3606.6,675.5,1365.1,6157.3,0.1,3.3,12.3
2025-11-13 19:00:00,542.3,3626.5,649.9,1343.5,6162.2,0.8,2.4,12.4
2025-11-13 20:00:00,594.1,3540.8,620.3,1303.6,6058.8,0.7,2.3,12.3
2025-11-13 21:00:00,609.1,3403.0,654.0,1301.8,5967.9,0.7,2.2,11.4
2025-11-13 22:00:00,580.7,3283.1,645.3,1274.1,5783.2,0.8,2.4,8.8
2025-11-13 23:00:00,548.4,3139.1,638.2,1238.0,5563.7,0.5,2.5,7.8
2025-11-14 00:00:00,555.1,3089.3,652.2,1217.5,5514.1,-0.1,2.1,7.9
2025-11-14 01:00:00,596.9,3087.7,658.3,1206.2,5549.1,-0.9,1.7,7.7
2025-11-14 02:00:00,590.2,3073.0,649.1,1196.5,5508.8,-1.3,1.2,7.5
2025-11-14 03:00:00,594.9,3056.1,631.3,1205.4,5487.7,-1.8,0.9,7.4
2025-11-14 04:00:00,611.1,3081.5,616.9,1236.6,5546.1,-2.3,0.8,7.4
2025-11-14 05:00:00,599.3,3198.1,678.1,1304.0,5779.5,-3.0,0.8,7.4
2025-11-14 06:00:00,652.5,3541.8,792.0,1348.2,6334.5,-3.1,0.8,7.3
2025-11-14 07:00:00,707.5,3822.9,888.4,1338.6,6757.4,-3.8,0.4,6.7
2025-11-14 08:00:00,779.7,3865.9,908.8,1354.7,6909.1,-4.7,0.2,6.4
2025-11-14 09:00:00,746.4,3849.3,892.4,1351.5,6839.6,-5.0,0.6,6.3
2025-11-14 10:00:00,715.2,3773.7,912.8,1331.9,6733.6,-5.1,1.3,6.4
2025-11-14 11:00:00,635.9,3671.4,886.1,1323.7,6517.1,-5.2,1.8,6.5
2025-11-14 12:00:00,637.1,3629.1,862.5,1297.2,6425.9,-5.0,2.1,6.4
2025-11-14 13:00:00,646.2,3568.5,877.7,1283.3,6375.7,-3.9,2.3,6.3
2025-11-14 14:00:00,630.0,3629.1,867.9,1296.5,6423.5,-4.2,2.1,6.2
2025-11-14 15:00:00,567.5,3674.0,881.5,1329.8,6452.8,-4.3,1.7,6.1
2025-11-14 16:00:00,611.1,3746.0,923.4,1343.8,6624.3,-5.1,1.4,5.8
2025-11-14 17:00:00,597.7,3788.7,909.1,1345.5,6641.0,-5.4,1.5,5.5
2025-11-14 18:00:00,641.3,3733.0,880.9,1366.1,6621.3,-5.8,1.4,5.1
2025-11-14 19:00:00,626.3,3652.9,846.1,1368.1,6493.4,-6.7,0.8,4.4
2025-11-14 20:00:00,618.8,,779.1,1354.6,2752.5,-6.9,0.3,4.1
2025-11-14 21:00:00,585.1,3462.6,713.2,1372.3,6133.2,-7.2,0.3,3.9
2025-11-14 22:00:00,567.3,3380.8,697.4,1349.5,5995.0,-6.5,-0.1,3.6
2025-11-14 23:00:00,525.7,3308.9,668.4,1312.2,5815.2,-6.2,-0.2,3.2
2025-11-15 00:00:00,562.5,3153.8,666.6,1275.0,5657.9,-5.8,-0.4,2.9
2025-11-15 01:00:00,520.6,3107.5,668.4,1263.7,5560.2,-5.6,-0.6,2.6
2025-11-15 02:00:00,519.4,3094.5,695.1,1258.6,5567.6,-5.5,-1.3,1.9
2025-11-15 03:00:00,547.2,3074.6,680.7,1249.4,5551.9,-5.5,-1.4,1.5
2025-11-15 04:00:00,530.6,3133.3,684.7,1257.3,5605.9,-4.3,-1.4,1.2
2025-11-15 05:00:00,507.4,3184.1,743.7,1283.3,5718.5,-3.7,-1.5,0.8
2025-11-15 06:00:00,561.8,3281.5,761.0,1300.7,5905.0,-3.3,-1.4,0.3
2025-11-15 07:00:00,608.7,3433.3,785.1,1313.6,6140.7,-3.5,-1.4,-0.3
2025-11-15 08:00:00,569.5,3518.3,828.0,1339.8,6255.6,-3.7,-1.5,-0.5
2025-11-15 09:00:00,625.3,3502.0,838.6,1360.2,6326.1,-2.9,-0.8,-0.1
2025-11-15 10:00:00,613.5,3465.2,823.9,1367.3,6269.9,-1.9,-0.1,0.7
2025-11-15 11:00:00,610.7,3383.5,793.2,1356.1,6143.5,-1.1,0.4,1.9
2025-11-15 12:00:00,630.6,3358.4,768.4,1342.4,6099.8,-0.7,0.8,3.1
2025-11-15 13:00:00,606.2,3363.9,771.6,1345.5,6087.2,-0.6,1.2,4.3
2025-11-15 14:00:00,634.6,3351.2,794.9,-1358.9,3421.8,-0.7,0.9,4.6
2025-11-15 15:00:00,621.5,3500.4,845.2,1409.9,6377.0,-0.5,0.6,4.4
2025-11-15 16:00:00,642.6,3673.7,913.1,1435.4,6664.8,0.3,0.4,3.7
2025-11-15 17:00:00,651.5,3702.1,936.7,1445.9,6736.2,0.8,0.6,3.2
2025-11-15 18:00:00,655.7,3642.4,923.7,1436.1,6657.9,1.4,0.8,2.7
2025-11-15 19:00:00,665.9,3520.0,876.3,1397.8,6460.0,1.4,1.0,1.8
2025-11-15 20:00:00,594.1,3398.4,819.3,1350.1,6161.9,1.3,0.8,1.5
2025-11-15 21:00:00,580.5,3255.4,804.4,1361.5,6001.8,1.2,0.9,1.6
2025-11-15 22:00:00,616.6,3129.4,770.2,1333.2,5849.4,0.7,0.9,1.8
2025-11-15 23:00:00,603.0,3018.9,723.6,1294.7,5640.2,0.1,1.2,1.6
2025-11-16 00:00:00,544.3,2995.8,731.6,1246.2,5517.9,-0.9,0.9,1.7
2025-11-16 01:00:00,594.7,2963.5,716.1,1226.0,5500.3,-0.7,0.9,1.8
2025-11-16 02:00:00,564.4,2972.3,708.3,1195.5,5440.5,-2.4,0.8,1.7
2025-11-16 03:00:00,494.0,2980.8,713.5,1178.1,5366.4,-3.4,0.7,1.7
2025-11-16 04:00:00,480.4,2931.9,722.1,1175.2,5309.6,-3.9,1.0,1.8
2025-11-16 05:00:00,516.8,2910.4,725.6,1171.0,5323.8,-5.1,0.6,1.9
2025-11-16 06:00:00,589.4,2970.7,732.5,1188.5,5481.1,-5.9,0.5,2.0
2025-11-16 07:00:00,591.2,3076.3,759.2,1204.6,5631.3,-5.8,0.7,1.5
2025-11-16 08:00:00,,3232.6,769.0,1207.8,5209.4,-6.2,0.5,0.9
2025-11-16 09:00:00,604.2,3299.1,777.9,1218.4,5899.6,-6.7,0.7,1.4
2025-11-16 10:00:00,603.0,3324.2,760.7,1231.0,5918.9,-6.9,1.3,2.5
2025-11-16 11:00:00,638.9,3362.6,747.4,1226.6,5975.5,-7.2,1.8,3.4
2025-11-16 12:00:00,675.0,3369.8,741.7,1219.4,6005.9,-7.3,2.2,4.0
2025-11-16 13:00:00,631.4,3395.8,768.7,1214.8,6010.7,-7.0,2.8,4.9
2025-11-16 14:00:00,614.6,3470.8,805.8,1229.0,6120.2,-7.0,2.6,4.9
2025-11-16 15:00:00,634.0,3553.5,832.3,1249.5,6269.3,-7.0,1.9,4.8
2025-11-16 16:00:00,565.5,3706.6,897.8,,5169.9,-7.3,1.4,4.8
2025-11-16 17:00:00,594.5,3783.5,890.7,1250.1,6518.8,-8.1,1.4,5.2
2025-11-16 18:00:00,617.8,3779.9,844.1,1248.8,6490.6,-8.2,1.2,5.5
2025-11-16 19:00:00,622.5,3771.8,843.8,1231.1,6469.2,-8.5,1.0,6.0
2025-11-16 20:00:00,596.9,3659.4,819.6,1206.7,6282.6,-9.4,0.1,5.8
2025-11-16 21:00:00,642.8,3580.9,782.8,1228.8,6235.3,-10.0,-0.3,5.6
2025-11-16 22:00:00,671.0,3484.4,759.8,1223.2,6138.4,-10.6,-0.7,5.8
2025-11-16 23:00:00,553.3,3429.4,734.2,1194.5,5911.4,-11.1,-0.9,6.2
2025-11-17 00:00:00,526.9,3358.7,736.2,1162.7,5784.5,-11.6,-1.4,5.9
2025-11-17 01:00:00,542.7,3283.1,708.0,1151.8,5685.6,-10.4,-1.6,5.6
2025-11-17 02:00:00,609.7,3277.6,712.1,1139.3,5738.7,-11.6,-2.9,5.5
2025-11-17 03:00:00,617.4,3263.9,743.4,1138.4,5763.1,-12.5,-2.7,5.0
2025-11-17 04:00:00,622.1,3288.3,761.2,1154.5,5826.1,-12.8,-2.7,4.8
2025-11-17 05:00:00,639.9,3442.1,807.3,1230.2,6119.5,-12.8,-2.9,4.7
2025-11-17 06:00:00,696.3,3788.1,897.8,1284.6,6666.8,-12.8,-3.2,4.6
2025-11-17 07:00:00,730.6,4020.3,992.5,1310.6,7054.0,-13.5,-3.0,4.4
2025-11-17 08:00:00,767.5,4071.5,984.1,1316.4,7139.5,-13.8,-3.4,4.3
2025-11-17 09:00:00,783.0,4080.3,940.4,1331.8,7135.5,-14.0,-2.8,4.8
2025-11-17 10:00:00,774.0,4007.6,919.1,1344.2,7044.9,-14.1,-2.2,3.2
2025-11-17 11:00:00,723.7,3960.4,915.7,1337.6,6937.4,-14.4,-1.5,2.2
2025-11-17 12:00:00,746.4,3915.8,890.4,1328.5,6881.1,-14.4,-0.8,3.1
2025-11-17 13:00:00,742.2,3932.4,893.2,1325.6,6893.4,-12.4,-0.2,4.2
2025-11-17 14:00:00,734.9,3989.7,904.5,1334.8,6963.9,-12.7,-0.4,4.9
2025-11-17 15:00:00,797.1,4081.9,953.9,1359.2,7192.1,-12.6,-1.0,4.8
2025-11-17 16:00:00,802.2,4188.1,989.9,1355.5,7335.7,-12.3,-1.6,4.4
2025-11-17 17:00:00,804.1,4264.0,1019.2,1354.8,7442.1,-11.8,-1.7,4.4
2025-11-17 18:00:00,761.4,4206.0,972.6,1355.2,7295.2,-11.4,-1.7,4.0
2025-11-17 19:00:00,751.3,4181.3,955.4,1338.9,7226.9,-11.4,-2.2,3.9
2025-11-17 20:00:00,,4119.7,920.0,1290.7,6330.4,-10.9,-2.7,4.0
2025-11-17 21:00:00,756.4,4052.6,897.6,1307.5,7014.1,-10.0,-3.0,4.1
2025-11-17 22:00:00,746.2,3900.1,892.1,1290.3,6828.7,-9.2,-3.0,4.0
2025-11-17 23:00:00,732.6,3791.6,871.7,1252.0,6647.9,-8.7,-3.1,3.8
2025-11-18 00:00:00,593.0,3572.4,827.1,1234.9,6227.4,-8.5,-3.1,4.1
2025-11-18 01:00:00,629.5,3519.0,802.7,1203.8,6155.0,-7.8,-3.8,3.9
2025-11-18 02:00:00,636.1,3502.0,804.1,1199.8,6142.0,-8.3,-4.3,3.9
2025-11-18 03:00:00,644.8,3478.9,793.5,1208.6,6125.8,-8.9,-4.5,4.2
2025-11-18 04:00:00,648.8,3430.4,779.1,1229.5,6087.8,-9.4,-4.5,4.3
2025-11-18 05:00:00,668.1,3569.8,826.8,1309.2,6373.9,-9.7,-4.7,4.4
2025-11-18 06:00:00,753.3,3916.7,904.5,1363.3,6937.8,-10.1,-4.6,4.6
2025-11-18 07:00:00,748.9,4233.4,997.1,1377.1,7356.5,-11.3,-4.4,4.7
2025-11-18 08:00:00,738.7,4271.8,1012.3,1380.5,7403.3,-12.3,-4.6,4.8
2025-11-18 09:00:00,744.2,4266.9,955.4,1385.0,7351.5,-12.4,-4.2,5.1
2025-11-18 10:00:00,742.0,4126.5,897.3,1394.2,7160.0,-12.0,-3.7,5.3
2025-11-18 11:00:00,744.4,4079.3,891.8,1390.6,7106.1,-11.4,-3.4,5.6
2025-11-18 12:00:00,733.4,4013.5,882.6,1383.9,7013.4,-11.1,-3.1,6.0
2025-11-18 13:00:00,766.9,4026.5,902.2,1371.5,7067.1,-11.7,-1.7,5.9
2025-11-18 14:00:00,771.6,4090.7,919.4,1373.0,7154.7,-11.3,-1.7,5.8
2025-11-18 15:00:00,786.0,4200.2,939.5,1390.6,7316.3,-11.3,-2.2,5.7
2025-11-18 16:00:00,802.6,4321.3,986.7,1393.2,7503.8,-11.4,-2.4,5.4
2025-11-18 17:00:00,806.5,4422.7,1008.6,1386.6,7624.4,-11.5,-2.4,5.1
2025-11-18 18:00:00,792.9,4386.5,997.4,1391.5,7568.3,-11.6,-2.3,4.8
2025-11-18 19:00:00,761.2,4309.9,985.3,1384.4,7440.8,-13.7,-3.7,5.0
2025-11-18 20:00:00,775.8,4250.7,956.5,1346.6,7329.6,-14.0,-5.1,4.7
2025-11-18 21:00:00,785.2,4129.1,917.4,1357.4,7189.1,-14.2,-4.8,4.5
2025-11-18 22:00:00,776.0,3943.1,900.4,1338.5,6958.0,-14.3,-4.7,4.5
2025-11-18 23:00:00,784.0,3835.0,851.8,1317.7,6788.5,-14.1,-4.7,4.4
2025-11-19 00:00:00,751.9,3672.4,839.8,1293.4,6557.5,-14.3,-4.6,4.5
2025-11-19 01:00:00,774.4,3635.3,814.7,1266.0,6490.4,-14.4,-4.5,4.5
2025-11-19 02:00:00,753.1,3631.0,823.9,1268.1,6476.1,-15.0,-4.7,4.4
2025-11-19 03:00:00,726.8,3650.9,837.2,1270.1,6485.0,-16.0,-4.9,4.5
2025-11-19 04:00:00,754.7,3632.7,845.8,1303.6,6536.8,-16.4,-5.1,4.5
2025-11-19 05:00:00,792.5,3742.8,869.4,1382.8,6787.5,-16.8,-4.9,4.4
2025-11-19 06:00:00,798.0,4068.5,955.1,1433.3,7254.9,-16.9,-5.2,4.2
2025-11-19 07:00:00,818.3,4368.6,1032.4,1430.9,7650.2,-17.0,-5.7,2.4
2025-11-19 08:00:00,796.5,4394.0,1041.1,1444.0,7675.6,-17.5,-6.2,2.3
2025-11-19 09:00:00,788.0,4390.1,1006.0,1447.3,7631.4,-17.8,-4.9,3.1
2025-11-19 10:00:00,778.1,4335.4,967.2,1427.9,7508.6,-17.8,-4.5,4.4
2025-11-19 11:00:00,795.7,4309.9,953.6,,6059.2,-17.4,-3.5,4.8
2025-11-19 12:00:00,795.7,4306.0,962.0,1409.6,7473.3,-17.0,-2.4,4.9
2025-11-19 13:00:00,779.1,4273.8,989.0,1404.9,7446.8,-14.8,-1.0,4.8
2025-11-19 14:00:00,784.4,4262.1,1015.8,1407.4,7469.7,-15.1,-1.1,4.7
2025-11-19 15:00:00,796.5,4312.2,1032.4,1438.6,7579.7,-15.1,-1.2,4.2
2025-11-19 16:00:00,807.1,4375.7,1054.3,1454.1,7691.2,-14.8,-1.4,3.5
2025-11-19 17:00:00,802.0,4439.6,1057.5,1444.6,7743.7,-14.0,-1.4,2.2
2025-11-19 18:00:00,804.0,4346.1,1049.1,,6199.2,-13.0,-2.1,1.4
2025-11-19 19:00:00,794.9,4262.1,1027.3,1412.8,7497.1,-12.7,-1.0,1.3
2025-11-19 20:00:00,797.1,4161.4,989.6,1370.3,7318.4,-13.0,-1.4,1.2
2025-11-19 21:00:00,783.4,4035.0,960.3,1382.7,7161.4,-13.4,-1.7,1.9
2025-11-19 22:00:00,774.8,3885.1,910.5,1350.8,6921.2,-13.8,-2.6,2.1
2025-11-19 23:00:00,759.0,3773.7,884.9,1333.2,6750.8,-14.1,-2.4,2.4
2025-11-20 00:00:00,712.8,3636.3,850.7,1294.0,6493.8,-14.5,-2.3,2.6
2025-11-20 01:00:00,686.6,3576.6,842.3,1276.3,6381.8,-13.3,-2.3,1.5
2025-11-20 02:00:00,699.0,3524.5,851.8,1269.3,6344.6,-14.8,-2.5,1.5
2025-11-20 03:00:00,727.2,3533.0,862.8,1262.9,6385.9,-15.5,-2.6,1.5
2025-11-20 04:00:00,762.1,3587.1,867.1,1296.3,6512.6,-15.7,-2.9,1.1
2025-11-20 05:00:00,773.4,3702.1,878.3,1379.6,6733.4,-15.7,-3.1,1.0
2025-11-20 06:00:00,796.3,4001.1,957.1,1432.0,7186.5,-15.7,-3.3,1.1
2025-11-20 07:00:00,830.2,4312.9,1032.2,1427.9,7603.2,-16.0,-2.6,1.1
2025-11-20 08:00:00,839.1,4333.1,1037.0,1408.6,7617.8,-16.9,-2.7,1.0
2025-11-20 09:00:00,872.8,,1041.9,1405.1,3319.8,-17.8,-2.8,1.1
2025-11-20 10:00:00,839.6,4410.3,1042.5,1416.9,7709.3,-18.1,-2.7,0.9
2025-11-20 11:00:00,838.3,4451.3,1052.0,1407.8,7749.4,-18.1,-2.0,1.0
2025-11-20 12:00:00,827.6,,1035.3,1408.9,3271.8,-17.6,-1.6,0.9
2025-11-20 13:00:00,849.3,4444.8,1015.8,1411.1,7721.0,-15.2,-1.6,1.1
2025-11-20 14:00:00,851.5,4412.6,1006.6,1396.1,7666.8,-15.4,-1.3,0.9
2025-11-20 15:00:00,868.8,4451.0,1020.6,1398.4,7738.8,-15.4,-1.5,0.7
2025-11-20 16:00:00,882.6,4465.7,1013.2,1386.3,7747.8,-15.2,-1.9,0.6
2025-11-20 17:00:00,879.5,4544.8,1016.3,1372.9,7813.5,-15.4,-2.0,0.5
2025-11-20 18:00:00,866.7,4370.9,998.8,1373.2,7609.6,-15.4,-1.1,0.6
2025-11-20 19:00:00,850.7,4223.9,993.3,1356.0,7423.9,-17.0,-1.1,1.0
2025-11-20 20:00:00,814.8,,977.5,1312.8,3105.1,-17.6,-0.8,1.2
2025-11-20 21:00:00,822.3,4042.8,926.6,1322.2,7113.9,-17.5,-0.5,1.7
2025-11-20 22:00:00,807.5,3864.6,869.1,1289.9,6831.1,-17.6,-0.5,1.5
2025-11-20 23:00:00,789.6,3693.9,830.0,1252.8,6566.3,-17.4,-0.3,1.3
2025-11-21 00:00:00,760.6,3529.4,824.2,1215.7,6329.9,-16.7,0.1,1.4
2025-11-21 01:00:00,762.1,3513.8,831.7,1178.2,6285.8,-14.6,1.0,1.8
2025-11-21 02:00:00,753.9,3508.9,822.2,1175.4,6260.4,-16.0,1.3,1.8
2025-11-21 03:00:00,735.9,3514.7,808.4,1187.0,6246.0,-16.8,1.4,2.0
2025-11-21 04:00:00,730.8,3537.5,812.4,1209.8,6290.5,-16.7,0.8,2.1
2025-11-21 05:00:00,776.5,3626.8,828.5,1277.0,6508.8,-15.8,0.2,2.1
2025-11-21 06:00:00,868.8,4008.3,907.0,1327.1,7111.2,-16.3,-0.4,2.0
2025-11-21 07:00:00,876.5,4346.8,992.2,1330.0,7545.5,-18.2,-0.6,1.8
2025-11-21 08:00:00,860.9,4443.8,1017.8,1325.0,7647.5,-19.1,-1.5,1.7
2025-11-21 09:00:00,792.9,4466.0,1059.8,1343.2,7661.9,-19.9,-1.0,1.6
2025-11-21 10:00:00,783.8,4473.8,1063.5,1353.1,7674.2,-20.3,-2.2,1.5
2025-11-21 11:00:00,760.0,4379.7,1055.4,1355.0,7550.1,-20.6,-2.8,1.7
2025-11-21 12:00:00,762.9,4347.7,1042.2,1348.0,7500.8,-20.7,-2.6,1.8
2025-11-21 13:00:00,723.5,4281.3,1004.8,1342.6,7352.2,-19.5,-2.4,1.8
2025-11-21 14:00:00,721.9,4264.7,983.8,1351.3,7321.7,-19.9,-2.4,1.6
2025-11-21 15:00:00,755.0,4271.5,991.3,1357.8,7375.6,-20.1,-2.7,1.6
2025-11-21 16:00:00,756.6,4322.3,1005.1,1353.3,7437.3,-19.9,-3.3,1.8
2025-11-21 17:00:00,694.1,4333.7,1031.9,1348.6,7408.3,-19.2,-3.8,2.3
2025-11-21 18:00:00,691.6,4307.7,1028.1,1359.7,7387.1,-18.7,-4.8,2.5
2025-11-21 19:00:00,698.8,4199.8,1018.9,1346.1,7263.6,-20.2,-5.7,-0.3
2025-11-21 20:00:00,697.7,4059.8,974.9,1307.8,7040.2,-19.9,-6.3,-0.7
2025-11-21 21:00:00,691.0,3877.0,959.4,1326.5,6853.9,-19.6,-6.5,-1.3
2025-11-21 22:00:00,684.8,3708.2,918.0,1310.2,6621.2,-19.2,-6.5,2.2
2025-11-21 23:00:00,,3576.0,864.2,1292.4,5732.6,-18.7,-6.3,2.2
2025-11-22 00:00:00,616.8,3505.3,,1289.1,5411.2,-18.4,-6.0,2.1
2025-11-22 01:00:00,574.6,3436.9,799.8,1296.4,6107.7,-17.6,-5.0,2.0
2025-11-22 02:00:00,550.2,3406.3,763.3,1310.1,6029.9,-17.9,-4.8,2.3
2025-11-22 03:00:00,534.4,16775.5,756.6,1334.6,19401.1,-17.3,-4.7,2.6
2025-11-22 04:00:00,524.9,3384.8,752.3,1355.8,6017.8,-16.7,-4.4,2.8
2025-11-22 05:00:00,519.6,3404.3,,1390.3,5314.2,-15.5,-4.1,3.1
2025-11-22 06:00:00,565.9,3491.0,786.0,1409.2,6252.1,-14.5,-3.9,3.4
2025-11-22 06:00:00,565.9,3491.0,786.0,1409.2,6252.1,-14.5,-3.9,3.4
2025-11-22 07:00:00,586.4,3532.7,806.7,1424.8,6350.6,-10.6,-3.2,3.6
2025-11-22 08:00:00,574.2,3626.8,854.1,1446.8,6501.9,-7.8,-3.2,3.7
2025-11-22 09:00:00,509.5,3732.7,921.4,1463.0,6626.6,-4.6,-2.6,3.8
2025-11-22 10:00:00,519.6,3663.3,960.8,1473.1,6616.8,-3.8,-1.3,3.8
2025-11-22 11:00:00,635.4,3683.2,960.0,1457.8,6736.4,-4.1,0.3,3.8
2025-11-22 12:00:00,661.6,3671.1,912.2,1459.1,6704.0,-6.3,1.4,4.1
2025-11-22 13:00:00,652.3,3666.2,895.5,1457.5,6671.5,-6.5,2.4,4.7
2025-11-22 14:00:00,685.6,3649.9,917.1,1472.3,6724.9,-7.7,2.7,4.6
2025-11-22 15:00:00,680.5,3662.6,920.3,1487.8,6751.2,-9.0,2.9,4.5
2025-11-22 16:00:00,706.9,3749.0,945.0,1496.6,6897.5,-10.1,2.9,4.6
2025-11-22 17:00:00,696.5,3741.8,953.6,1488.0,6879.9,-10.7,3.2,4.5
2025-11-22 18:00:00,721.5,3654.5,926.9,1460.1,6763.0,-11.4,3.4,4.4
2025-11-22 19:00:00,727.6,3516.4,880.3,1411.1,6535.4,-12.4,3.5,4.8
2025-11-22 20:00:00,716.4,3431.3,855.9,1354.2,6357.8,-11.9,3.8,4.6
2025-11-22 21:00:00,702.8,3341.8,844.1,1347.8,6236.5,-11.6,3.6,4.5
2025-11-22 22:00:00,668.1,3169.1,796.6,1319.6,5953.4,-11.4,2.9,4.4
2025-11-22 23:00:00,675.2,3083.7,772.2,1274.5,5805.6,-11.0,2.5,4.4
2025-11-23 00:00:00,690.2,3084.7,792.9,1267.6,5835.4,-10.7,2.2,4.3
2025-11-23 01:00:00,674.0,3075.3,800.1,1251.1,5800.5,-10.0,2.9,4.5
2025-11-23 02:00:00,646.2,3024.1,782.8,1216.6,5669.7,-9.3,2.6,4.3
2025-11-23 03:00:00,631.4,2973.0,741.7,1203.7,5549.8,-8.9,3.0,4.2
2025-11-23 04:00:00,650.5,2946.6,697.4,1182.2,5476.7,-8.8,3.1,4.3
2025-11-23 05:00:00,669.7,2989.9,676.4,1180.3,5516.3,-8.8,2.3,4.3
2025-11-23 06:00:00,663.7,3019.2,680.4,1191.6,5554.9,-9.2,2.6,4.4
2025-11-23 07:00:00,693.5,3159.3,702.9,,4555.7,-9.2,2.5,4.5
2025-11-23 08:00:00,716.4,3243.0,726.2,1208.2,5893.8,-8.7,2.1,4.5
2025-11-23 09:00:00,661.8,3374.3,757.2,1227.7,6021.0,-8.7,2.0,4.6
2025-11-23 10:00:00,639.9,3406.6,765.6,1248.4,6060.5,-8.7,2.2,4.6
2025-11-23 11:00:00,646.4,3445.0,756.9,1247.3,6095.6,-8.8,2.4,4.6
2025-11-23 12:00:00,668.7,3489.0,767.6,1248.8,6174.1,-8.7,2.5,4.3
2025-11-23 13:00:00,678.3,3507.2,797.2,1245.9,6228.6,-8.1,2.9,3.9
2025-11-23 14:00:00,671.8,3598.8,810.1,1249.2,6329.9,-7.8,2.6,3.7
2025-11-23 15:00:00,682.9,,865.6,1278.2,2826.7,-7.8,1.9,3.4
2025-11-23 16:00:00,707.9,3792.9,907.0,1292.9,6700.7,-7.7,1.3,3.0
2025-11-23 17:00:00,725.5,3854.5,934.4,1289.8,6804.2,-7.8,1.0,2.8
2025-11-23 18:00:00,716.0,3806.3,904.7,1288.3,6715.3,-8.0,0.4,2.6
2025-11-23 19:00:00,735.1,3757.4,891.5,1261.8,6645.8,-8.4,0.5,2.4
2025-11-23 20:00:00,739.1,3698.5,881.2,1220.7,6539.5,-8.3,0.1,2.5
2025-11-23 21:00:00,744.0,3607.6,847.2,1246.7,6445.5,-8.3,-0.3,2.4
2025-11-23 22:00:00,688.2,3486.4,803.5,1233.7,6211.8,-8.3,-0.5,2.2
2025-11-23 23:00:00,709.5,3372.1,768.7,1194.6,6044.9,-8.6,-0.8,2.1
2025-11-24 00:00:00,719.2,3350.2,766.1,1150.6,5986.1,-8.9,-0.9,1.9
2025-11-24 01:00:00,699.8,3282.8,740.5,1129.9,5853.0,-9.3,-0.8,1.6
2025-11-24 02:00:00,704.0,3255.8,738.8,1105.6,5804.2,-9.3,-0.5,1.6
2025-11-24 03:00:00,738.9,3254.8,753.5,1107.6,5854.8,-9.3,-1.0,1.6
2025-11-24 04:00:00,760.4,3290.3,770.7,1144.0,5965.4,-9.3,-1.3,1.9
2025-11-24 05:00:00,748.3,3457.1,810.7,1217.0,6233.1,-9.5,-1.8,1.7
2025-11-24 06:00:00,828.6,3812.2,904.5,1269.2,6814.5,-9.5,-1.9,1.1
2025-11-24 07:00:00,825.4,4139.2,1009.7,1296.0,7270.3,-9.4,-2.3,1.2
2025-11-24 08:00:00,802.2,4230.1,1020.4,,6052.7,-9.1,-2.0,1.5
2025-11-24 09:00:00,830.8,4221.7,1020.6,1281.8,7354.9,-8.9,-1.5,1.3
2025-11-24 10:00:00,826.0,4139.2,1031.0,1291.4,7287.6,-8.8,-0.8,1.4
2025-11-24 11:00:00,820.9,4082.9,1042.2,1280.4,7226.4,-8.8,0.1,1.6
2025-11-24 12:00:00,820.7,4057.5,1063.2,1277.5,7218.9,-8.7,0.7,1.9
2025-11-24 13:00:00,814.8,4061.1,1046.2,1271.3,7193.4,-8.6,0.8,1.6
2025-11-24 14:00:00,852.7,4090.4,1040.5,1281.0,7264.6,-8.8,0.4,1.9
2025-11-24 15:00:00,851.3,4204.1,1012.0,1309.8,7377.2,-9.8,-0.6,2.1
2025-11-24 16:00:00,,4212.5,1023.8,1299.6,6535.9,-10.4,-1.1,2.1
2025-11-24 17:00:00,788.6,4261.4,1028.7,1295.1,7373.8,-10.9,-1.5,2.0
2025-11-24 18:00:00,780.5,4213.5,1014.6,1303.7,7312.3,-10.9,-1.4,2.4
2025-11-24 19:00:00,773.0,4165.3,994.2,1275.9,7208.4,-11.6,-1.8,2.4
2025-11-24 20:00:00,744.6,4071.8,942.1,1238.3,6996.8,-11.8,-2.2,3.0
2025-11-24 21:00:00,762.1,3934.0,910.5,1244.3,6850.9,-13.0,-2.2,3.4
2025-11-24 22:00:00,765.1,3805.3,,1216.5,5786.9,-14.7,-2.5,3.9
2025-11-24 23:00:00,778.7,3639.8,813.9,1185.8,6418.2,-15.6,-2.7,4.0
2025-11-25 00:00:00,806.9,3510.8,774.8,1166.6,6259.1,-16.1,-2.7,4.2
2025-11-25 01:00:00,780.5,3441.8,755.2,1158.0,6135.5,-15.3,-3.2,4.3
2025-11-25 02:00:00,780.3,3393.2,749.7,1157.7,6080.9,-15.3,-3.8,4.2
2025-11-25 03:00:00,789.6,3448.6,770.4,1156.9,6165.5,-15.0,-4.0,4.3
2025-11-25 04:00:00,759.2,3482.2,782.8,1191.8,6216.0,-14.9,-4.3,3.5
2025-11-25 05:00:00,818.9,3559.4,812.7,1261.9,6452.9,-14.9,-3.5,2.5
2025-11-25 06:00:00,889.5,3839.5,879.4,1311.2,6919.6,-15.1,-2.8,2.1
2025-11-25 07:00:00,895.6,4095.3,966.6,1329.3,7286.8,-16.6,-1.9,2.1
2025-11-25 08:00:00,946.1,4156.2,971.5,1331.8,7405.6,-17.0,-1.7,2.2
2025-11-25 09:00:00,921.1,4163.7,968.6,1338.2,7391.6,-17.1,-1.7,2.2
2025-11-25 10:00:00,885.4,4140.9,964.3,1354.7,7345.3,-17.0,-1.3,2.7
2025-11-25 11:00:00,841.4,4073.4,962.0,1345.3,7222.1,-16.7,-0.8,3.2
2025-11-25 12:00:00,829.4,4031.7,955.1,1336.9,7153.1,-16.5,-0.4,3.5
2025-11-25 13:00:00,833.3,4047.0,956.7,1334.8,7171.8,-17.1,-0.7,3.7
2025-11-25 14:00:00,776.0,4068.2,958.2,1360.8,7163.2,-17.4,-1.1,3.5
2025-11-25 15:00:00,728.4,4212.9,989.6,1371.5,7302.4,-17.2,-2.2,2.9
2025-11-25 16:00:00,820.7,4237.0,999.9,1383.0,7440.6,-16.8,-2.4,2.2
2025-11-25 17:00:00,888.7,4269.9,1008.0,1387.2,7553.8,-16.8,-2.3,2.3
2025-11-25 18:00:00,836.1,4249.7,1008.6,1389.1,7483.5,-16.9,-2.6,2.8
2025-11-25 19:00:00,783.0,4192.3,996.2,1377.3,7348.8,-18.3,-2.1,3.2
2025-11-25 20:00:00,727.0,4130.1,968.3,1352.7,7178.1,-18.6,-1.9,3.4
2025-11-25 21:00:00,778.9,3990.0,931.2,1377.4,7077.5,-17.9,-1.7,3.1
2025-11-25 22:00:00,797.4,3852.2,874.3,1365.5,6889.4,-17.4,-1.4,3.0
2025-11-25 23:00:00,780.7,3692.6,842.3,1344.4,6660.0,-17.5,-1.4,2.8
2025-11-26 00:00:00,743.4,3590.0,819.3,1326.1,6478.8,-17.4,-1.6,2.3
2025-11-26 01:00:00,769.0,3536.6,822.8,1335.4,6463.8,-14.7,-1.7,2.7
2025-11-26 02:00:00,738.1,3534.9,821.6,1336.8,6431.4,-16.3,-2.1,2.3
2025-11-26 03:00:00,761.6,3466.5,802.4,1340.7,6371.2,-16.2,-2.4,1.9
2025-11-26 04:00:00,750.7,3490.3,806.7,1364.0,6411.7,-15.4,-2.6,1.9
2025-11-26 05:00:00,,3599.8,842.3,1421.6,5863.7,-15.7,-2.9,1.9
2025-11-26 06:00:00,801.6,3963.7,933.2,1466.3,7164.8,-15.1,-3.2,2.0
2025-11-26 07:00:00,770.4,4288.4,1021.5,1498.9,7579.2,-17.9,-3.0,2.4
2025-11-26 08:00:00,790.0,4349.0,1030.4,1498.3,7667.7,-17.8,-3.2,2.1
2025-11-26 09:00:00,816.6,4324.9,1025.5,1494.7,7661.7,-17.0,-3.2,1.4
2025-11-26 10:00:00,824.1,4310.9,1012.6,1498.0,7645.6,-13.5,-3.1,2.0
2025-11-26 11:00:00,783.6,4318.1,1004.3,1486.9,7592.9,-8.3,-2.9,2.9
2025-11-26 12:00:00,793.5,4314.8,995.6,1492.0,7595.9,-6.9,-2.8,3.3
2025-11-26 13:00:00,814.2,4303.8,993.3,1498.2,7609.5,-4.1,-2.6,3.9
2025-11-26 14:00:00,822.9,4338.9,996.2,,6158.0,-3.3,-2.6,3.8
2025-11-26 15:00:00,803.2,4467.3,1019.2,1561.8,7851.5,-3.0,-3.0,3.3
2025-11-26 16:00:00,746.4,4483.9,1020.9,1586.4,7837.6,-3.7,-3.3,2.6
2025-11-26 17:00:00,779.7,4526.3,1028.7,1576.3,7911.0,-4.0,-3.4,1.9
2025-11-26 18:00:00,783.4,4506.1,1015.5,1576.6,7881.6,-4.4,-3.7,1.4
2025-11-26 19:00:00,689.0,4383.6,1000.8,1556.5,7629.9,-6.5,-4.3,2.0
2025-11-26 20:00:00,666.5,4264.0,978.1,1507.5,7416.1,-7.0,-4.5,1.7
2025-11-26 21:00:00,682.7,4052.9,946.2,1503.5,7185.3,-7.3,-4.4,1.4
2025-11-26 22:00:00,631.4,3873.4,909.6,1464.5,6878.9,-5.4,-4.2,0.7
2025-11-26 23:00:00,730.2,3678.9,864.8,1433.6,6707.5,-4.1,-4.0,-0.0
2025-11-27 00:00:00,736.5,3562.6,822.2,1388.0,6509.3,-4.2,-3.7,-0.0
2025-11-27 01:00:00,679.9,3497.8,812.1,1372.5,6362.3,-3.1,-3.4,-0.3
2025-11-27 01:00:00,679.9,3497.8,812.1,1372.5,6362.3,-3.1,-3.4,-0.3
2025-11-27 02:00:00,672.2,3468.5,809.8,1362.8,6313.3,-2.5,-3.1,0.2
2025-11-27 03:00:00,684.7,3440.5,791.7,1366.5,6283.4,-1.3,-2.6,0.9
2025-11-27 04:00:00,671.8,3443.1,778.8,1395.0,6288.7,-0.8,-2.4,2.2
2025-11-27 05:00:00,686.6,3539.2,796.0,1482.5,6504.3,-0.1,-2.6,2.9
2025-11-27 06:00:00,720.7,3765.3,830.6,1535.0,6851.6,1.3,-2.8,3.7
2025-11-27 07:00:00,766.3,4057.8,884.0,1546.8,7254.9,1.7,-3.0,4.3
2025-11-27 08:00:00,802.8,4045.1,842.3,1556.5,7246.7,1.8,-3.5,4.7
2025-11-27 09:00:00,829.6,4053.6,816.5,1550.3,7250.0,1.3,-3.1,4.6
2025-11-27 10:00:00,822.7,4052.6,827.4,1548.3,7251.0,0.3,-1.4,4.7
2025-11-27 11:00:00,796.7,4089.1,804.7,1559.8,7250.3,-0.3,-0.1,4.8
2025-11-27 12:00:00,778.9,4083.2,807.5,1564.2,7233.8,-0.4,1.0,5.0
2025-11-27 13:00:00,790.9,4065.9,831.4,1550.2,7238.4,0.1,1.1,5.5
2025-11-27 14:00:00,800.2,4099.2,864.2,1546.7,7310.3,-0.6,1.1,5.3
2025-11-27 15:00:00,801.6,4179.0,903.3,1547.3,7431.2,-0.8,1.3,5.2
2025-11-27 16:00:00,884.4,4232.4,932.9,,6049.7,-1.1,1.4,5.2
2025-11-27 17:00:00,932.7,,942.4,1543.2,3418.3,-1.5,1.3,5.3
2025-11-27 18:00:00,766.7,4147.7,945.6,1543.6,7403.6,-2.2,1.5,5.4
2025-11-27 19:00:00,832.0,4042.2,942.1,1505.4,7321.7,-2.7,2.0,5.6
2025-11-27 20:00:00,792.5,3887.7,903.0,1438.5,7021.7,-3.0,2.0,5.9
2025-11-27 21:00:00,786.6,3713.8,870.2,1429.9,6800.5,-3.1,2.3,6.1
2025-11-27 22:00:00,750.9,3547.3,858.4,1384.1,6540.7,-3.0,2.5,6.2
2025-11-27 23:00:00,661.6,3321.9,816.2,1357.5,6157.2,-2.8,2.7,6.7
2025-11-28 00:00:00,600.6,3132.3,762.7,1318.2,5813.8,-2.7,2.7,7.0
2025-11-28 01:00:00,518.4,3042.4,750.0,1302.8,5613.6,-2.8,2.9,6.9
2025-11-28 02:00:00,580.1,2963.5,729.0,1277.9,5550.5,-2.7,3.7,7.3
2025-11-28 03:00:00,568.9,2911.4,706.6,1284.4,5471.3,-2.9,4.3,7.5
2025-11-28 04:00:00,636.9,2956.7,711.2,1296.8,5601.6,-2.5,4.7,7.4
2025-11-28 05:00:00,659.6,3089.3,737.7,1366.7,5853.3,-2.2,4.8,7.6
2025-11-28 06:00:00,621.5,3349.2,801.8,1426.9,6199.4,-1.7,5.0,7.9
2025-11-28 07:00:00,624.7,3634.3,878.9,1452.7,6590.6,-1.0,5.4,7.7
2025-11-28 08:00:00,657.0,3652.9,910.2,1441.2,6661.3,0.8,6.0,7.8
2025-11-28 09:00:00,,3689.0,934.4,1418.0,6041.4,2.4,6.1,7.9
2025-11-28 10:00:00,658.4,3691.6,924.3,1421.6,6695.9,3.2,6.6,7.9
2025-11-28 11:00:00,639.5,3635.9,907.3,1417.4,6600.1,3.4,7.1,8.0
2025-11-28 12:00:00,665.3,3590.0,903.6,1412.4,6571.3,2.6,7.7,8.0
2025-11-28 13:00:00,709.1,3570.4,896.3,1403.6,6579.4,1.8,7.5,8.0
2025-11-28 14:00:00,680.3,3563.6,888.9,1411.7,6544.5,1.9,7.4,7.9
2025-11-28 15:00:00,666.5,3619.6,893.5,1422.9,6602.5,2.2,7.1,7.8
2025-11-28 16:00:00,731.6,3658.1,898.1,1434.0,6721.8,2.4,6.9,7.9
2025-11-28 17:00:00,708.9,3668.8,894.4,1415.5,6687.6,2.4,6.9,7.9
2025-11-28 18:00:00,681.9,3620.0,864.2,1407.4,6573.5,2.1,7.0,7.9
2025-11-28 19:00:00,642.5,3503.7,819.9,1383.9,6350.0,1.7,6.8,8.0
2025-11-28 20:00:00,593.2,3394.9,761.2,1335.7,6085.0,2.0,6.5,7.9
2025-11-28 21:00:00,579.4,3280.5,722.1,1323.9,5905.9,1.8,6.1,7.8
2025-11-28 22:00:00,597.9,3205.3,717.2,1296.3,5816.7,1.9,5.8,7.8
2025-11-28 23:00:00,605.8,3098.7,699.1,1256.7,5660.3,1.8,5.4,7.7
2025-11-29 00:00:00,607.5,2962.9,674.7,1216.4,5461.5,1.3,4.9,7.6
2025-11-29 01:00:00,545.2,2910.8,655.4,1181.5,5292.9,1.2,5.3,7.5
2025-11-29 02:00:00,568.5,2874.3,623.5,1155.9,5222.2,1.4,5.8,7.6
2025-11-29 03:00:00,568.1,2835.2,617.7,1144.3,5165.3,1.6,5.8,7.9
2025-11-29 04:00:00,565.9,2764.2,597.6,1151.8,5079.5,1.7,5.7,7.9
2025-11-29 05:00:00,525.1,2806.8,608.2,1174.0,5114.1,1.8,5.7,8.0
2025-11-29 06:00:00,,2849.2,630.4,1179.2,4658.8,1.9,5.8,8.0
2025-11-29 07:00:00,554.9,2945.3,671.2,1217.4,5388.8,2.0,5.8,8.0
2025-11-29 08:00:00,549.2,3082.4,695.4,1245.3,5572.3,2.9,6.0,7.6
2025-11-29 09:00:00,558.4,3235.2,713.2,1261.1,5767.9,3.2,5.8,7.6
2025-11-29 10:00:00,593.4,3304.0,726.7,1281.8,5905.9,3.7,6.2,7.7
2025-11-29 11:00:00,625.3,3328.1,721.8,1291.1,5966.3,4.3,6.7,7.8
2025-11-29 12:00:00,612.7,3334.3,732.2,1301.0,5980.2,4.3,7.0,7.9
2025-11-29 13:00:00,597.3,3346.3,742.5,1301.0,5987.1,4.5,7.5,7.9
2025-11-29 14:00:00,584.5,3306.6,772.7,1321.1,5984.9,4.2,7.4,7.9
2025-11-29 15:00:00,587.8,3427.1,802.9,1339.7,6157.5,3.8,7.2,8.0
2025-11-29 16:00:00,609.9,3534.0,828.3,1358.4,6330.6,3.3,6.7,7.8
2025-11-29 17:00:00,564.8,3544.1,832.3,1370.7,6311.9,2.5,6.8,7.6
2025-11-29 18:00:00,604.2,3535.6,824.2,1354.6,6318.6,2.2,6.5,7.7
2025-11-29 19:00:00,640.9,3455.4,799.2,1318.5,6214.0,2.7,7.1,8.1
2025-11-29 20:00:00,628.1,3369.4,762.4,1267.7,6027.6,2.9,6.3,7.9
2025-11-29 21:00:00,637.5,3288.0,737.7,1283.9,5947.1,3.2,5.6,7.9
2025-11-29 22:00:00,614.6,3207.9,697.7,1265.7,5785.9,2.7,5.3,7.7
2025-11-29 23:00:00,620.2,3109.5,657.4,1219.5,5606.6,2.6,4.9,7.5
2025-11-30 00:00:00,573.8,3000.0,620.6,1182.5,5376.9,3.5,4.9,7.4
2025-11-30 01:00:00,602.2,2949.5,618.3,1162.9,5332.9,3.0,6.0,7.2
2025-11-30 02:00:00,605.6,2873.9,624.9,1150.9,5255.3,1.9,5.6,7.1
2025-11-30 03:00:00,601.2,2827.7,619.2,1141.7,5189.8,1.6,5.4,7.2
2025-11-30 04:00:00,626.1,2796.4,591.0,1159.2,5172.7,1.4,5.3,7.2
2025-11-30 05:00:00,644.6,2806.5,611.7,1181.9,5244.7,1.0,4.8,7.5
2025-11-30 06:00:00,651.5,2873.3,622.9,1200.9,5348.6,0.5,4.2,7.4
2025-11-30 07:00:00,687.6,2965.2,650.5,1224.7,5528.0,0.6,4.5,7.2
2025-11-30 08:00:00,644.0,3094.8,698.5,1252.7,5690.0,-0.1,4.4,7.3
2025-11-30 09:00:00,528.7,3245.7,725.9,1280.7,5781.0,-0.6,4.6,7.4
2025-11-30 10:00:00,675.0,3365.9,758.1,1279.7,6078.7,-1.1,4.9,7.8
2025-11-30 11:00:00,665.3,3433.3,764.7,1276.9,6140.2,-1.3,5.5,8.2
2025-11-30 12:00:00,655.5,3440.8,793.2,1267.0,6156.5,-1.3,5.8,8.2
2025-11-30 13:00:00,704.2,3441.8,801.2,,4947.2,-1.4,6.1,8.2
2025-11-30 14:00:00,708.1,,807.3,1271.9,2787.3,-2.2,5.7,8.2
2025-11-30 15:00:00,722.3,3609.5,832.9,1281.4,6446.1,-2.7,5.8,8.0
2025-11-30 16:00:00,704.4,3649.3,851.3,1264.6,6469.6,-3.3,5.6,7.9
2025-11-30 17:00:00,666.3,3628.4,850.7,1261.0,6406.4,-3.9,5.6,7.6
2025-11-30 18:00:00,646.8,3595.9,861.6,1262.1,6366.4,-4.3,5.8,7.3
2025-11-30 19:00:00,640.9,3507.9,834.6,1252.0,6235.4,-4.6,5.8,7.4
2025-11-30 20:00:00,633.8,3396.5,810.4,1234.1,6074.8,-5.0,6.0,7.3
2025-11-30 21:00:00,629.0,3286.4,775.6,1257.9,5948.9,-5.4,5.9,7.0
2025-11-30 22:00:00,577.8,3159.0,723.9,1257.9,5718.6,-5.7,5.9,7.0
2025-11-30 23:00:00,520.0,3037.8,690.2,1241.9,5489.9,-6.0,5.9,7.1
2025-12-01 00:00:00,495.9,3010.8,664.9,1219.5,5391.1,-6.4,6.0,6.7
2025-12-01 01:00:00,536.0,2929.3,,1209.8,4675.1,-6.1,6.1,7.1
2025-12-01 02:00:00,509.5,2869.4,659.4,1212.5,5250.8,-6.0,5.9,6.9
2025-12-01 03:00:00,537.7,2861.6,655.1,1210.8,5265.2,-5.4,5.6,6.8
2025-12-01 04:00:00,585.1,2876.9,670.4,1237.8,5370.2,-4.7,5.0,6.7
2025-12-01 05:00:00,688.6,2972.7,711.5,1299.6,5672.4,-4.1,5.0,6.6
2025-12-01 06:00:00,785.4,3321.9,816.2,1342.6,6266.1,-4.2,5.4,6.5
2025-12-01 07:00:00,761.6,3619.6,902.2,1373.5,6656.9,-4.1,5.6,6.2
2025-12-01 08:00:00,755.0,3714.8,909.6,1352.9,6732.3,-3.9,5.5,6.1
2025-12-01 09:00:00,758.2,3709.5,901.0,1338.6,6707.3,-3.4,6.0,6.1
2025-12-01 10:00:00,735.1,3719.6,892.7,1337.8,6685.2,-3.6,6.2,6.4
2025-12-01 11:00:00,726.5,3642.8,899.3,1335.6,6604.2,-4.1,6.0,6.4
2025-12-01 12:00:00,713.2,3620.0,872.5,1322.6,6528.3,-4.3,5.5,6.2
2025-12-01 13:00:00,726.3,3623.2,894.1,1321.4,6565.0,-4.0,5.8,6.1
2025-12-01 14:00:00,762.0,3675.0,924.6,1324.6,6686.2,-4.1,5.9,6.0
2025-12-01 15:00:00,824.5,3777.3,958.0,1322.3,6882.1,-3.9,5.4,6.1
2025-12-01 16:00:00,785.4,3817.7,964.0,1318.5,6885.6,-4.9,5.2,5.9
2025-12-01 17:00:00,776.1,3826.5,932.4,1317.7,6852.7,-5.5,5.2,6.1
2025-12-01 18:00:00,738.1,3830.4,895.3,1299.6,6763.4,-6.4,4.3,6.2
2025-12-01 19:00:00,727.4,3741.8,860.5,1280.9,6610.6,-6.8,4.7,6.2
2025-12-01 20:00:00,720.7,3658.7,809.0,1243.9,6432.3,-7.5,4.0,6.0
2025-12-01 21:00:00,723.5,3548.9,786.3,1259.9,6318.6,-7.9,3.6,5.8
2025-12-01 22:00:00,690.8,3342.4,731.6,1246.9,6011.7,-8.4,3.3,5.7
2025-12-01 23:00:00,668.3,3162.6,662.9,1212.9,5706.7,-9.0,2.9,5.6
2025-12-02 00:00:00,657.0,3025.3,682.2,1194.1,5558.6,-9.6,2.9,5.6
2025-12-02 01:00:00,611.9,2979.5,675.5,1165.8,5432.7,-8.4,3.5,5.8
2025-12-02 02:00:00,575.4,2970.1,675.8,1147.7,5369.0,-9.1,3.7,5.7
2025-12-02 03:00:00,519.7,2955.1,690.1,1163.7,5328.6,-9.6,3.8,5.7
2025-12-02 04:00:00,512.8,2988.3,705.8,1180.8,5387.7,-9.5,4.0,5.7
2025-12-02 05:00:00,569.8,3094.0,725.3,1242.9,5632.0,-9.0,4.4,5.5
2025-12-02 06:00:00,680.1,3468.4,805.4,1302.6,6256.5,-8.3,4.9,5.2
2025-12-02 07:00:00,742.5,3751.5,902.2,1332.1,6728.3,-6.3,5.1,5.2
2025-12-02 08:00:00,660.5,3788.7,916.8,1337.1,6703.1,-5.9,5.5,5.2
2025-12-02 09:00:00,634.5,,907.9,1340.1,2882.5,-5.7,5.5,5.1
2025-12-02 10:00:00,718.3,3843.8,909.1,1342.0,6813.2,-5.3,6.0,4.9
2025-12-02 11:00:00,625.6,3827.9,898.1,1336.2,6687.8,-3.8,6.3,5.0
2025-12-02 12:00:00,668.3,3842.0,910.4,1339.1,6759.8,-1.9,6.5,4.7
2025-12-02 13:00:00,645.1,3852.2,945.0,1362.9,6805.2,-0.7,6.3,5.0
2025-12-02 14:00:00,652.6,3858.7,956.2,1399.5,6867.0,0.8,6.0,5.1
2025-12-02 15:00:00,719.1,3929.3,976.6,1424.1,7049.1,1.1,5.8,5.0
2025-12-02 16:00:00,700.0,3945.1,986.6,1428.9,7060.6,2.5,5.6,5.0
2025-12-02 17:00:00,686.4,3962.3,962.2,1433.4,7044.3,3.4,5.8,5.2
2025-12-02 18:00:00,683.3,3890.8,917.8,1426.0,6917.9,3.2,5.6,5.1
2025-12-02 19:00:00,670.8,3793.5,918.0,1409.0,6791.3,2.7,5.0,5.0
2025-12-02 20:00:00,631.2,3712.5,873.2,1366.3,6583.2,2.7,5.1,4.8
2025-12-02 21:00:00,661.1,3564.1,828.4,1352.8,6406.4,2.1,4.9,4.7
2025-12-02 22:00:00,646.2,3400.6,765.6,1320.5,6132.9,2.0,4.8,4.9
2025-12-02 23:00:00,611.0,3202.9,726.8,1287.2,5827.9,2.3,4.5,5.1
2025-12-03 00:00:00,585.9,3113.7,734.4,1236.0,5670.0,2.7,4.0,5.3
2025-12-03 01:00:00,522.5,3046.2,729.2,1220.5,5518.4,2.1,3.8,5.2
2025-12-03 02:00:00,499.0,2983.9,701.6,1208.9,5393.4,2.8,3.6,5.1
2025-12-03 03:00:00,501.9,3023.4,704.3,1201.9,5431.5,2.9,3.3,5.1
2025-12-03 04:00:00,508.0,3022.3,722.2,1225.3,5477.8,2.9,3.0,5.1
2025-12-03 05:00:00,575.4,3154.8,,1300.5,5030.7,2.6,2.6,5.2
2025-12-03 06:00:00,671.0,3515.9,853.2,1356.0,6396.1,1.8,2.4,5.2
2025-12-03 07:00:00,682.5,3827.5,950.8,1396.7,6857.5,1.9,2.6,5.5
2025-12-03 08:00:00,697.9,3891.4,903.9,1404.8,6898.0,1.3,2.4,5.5
2025-12-03 09:00:00,730.5,3903.0,883.6,1386.3,6903.4,0.9,2.2,5.6
2025-12-03 10:00:00,691.9,3906.6,940.9,1377.7,6917.1,0.4,2.6,5.6
2025-12-03 11:00:00,669.5,3922.0,974.1,1377.6,6943.2,0.4,3.5,5.7
2025-12-03 12:00:00,650.6,3896.5,965.1,1378.5,6890.7,-0.1,4.2,5.6
2025-12-03 13:00:00,748.1,3933.9,974.8,1368.2,7025.0,1.0,4.6,5.3
2025-12-03 14:00:00,832.9,3911.9,971.1,1370.1,7086.0,0.2,4.7,5.2
2025-12-03 15:00:00,766.2,3978.4,973.9,1357.1,7075.6,-0.3,4.1,5.0
2025-12-03 16:00:00,767.1,3988.6,969.4,1358.7,7083.8,-0.5,4.3,4.8
2025-12-03 17:00:00,761.2,4009.7,977.4,1340.9,7089.2,-0.9,4.4,4.7
2025-12-03 18:00:00,699.7,3920.4,949.8,1333.6,6903.5,-1.5,4.7,4.6
2025-12-03 19:00:00,713.0,3862.7,912.4,1319.5,6807.6,-0.7,4.8,4.9
2025-12-03 20:00:00,705.6,3732.7,880.1,1307.2,6625.6,-0.1,4.6,5.0
2025-12-03 21:00:00,693.3,3614.7,856.4,1301.0,6465.4,0.4,4.4,5.0
2025-12-03 22:00:00,637.6,3448.8,803.6,1273.0,6163.0,0.5,4.3,5.0
2025-12-03 23:00:00,681.3,3321.3,752.2,1230.1,5984.9,0.3,4.4,5.2
2025-12-04 00:00:00,634.8,3176.0,725.2,1219.6,5755.6,0.2,4.5,5.5
2025-12-04 01:00:00,646.5,3101.7,715.7,1196.7,5660.6,-0.2,4.4,5.5
2025-12-04 02:00:00,667.9,3123.1,709.3,1177.7,5678.0,-1.0,4.3,5.6
2025-12-04 03:00:00,689.9,3060.0,725.7,1164.8,5640.4,-1.3,4.5,5.7
2025-12-04 04:00:00,726.4,3027.2,718.7,1175.4,5647.7,-1.4,4.4,5.7
2025-12-04 05:00:00,751.3,3166.0,761.6,1232.4,5911.3,-1.8,4.4,5.5
2025-12-04 06:00:00,727.6,3504.8,838.8,1276.7,6347.9,-1.8,4.3,5.4
2025-12-04 07:00:00,692.0,3763.8,914.4,1308.6,6678.8,-2.4,4.1,5.4
2025-12-04 08:00:00,669.5,3835.2,929.3,1307.1,6741.1,-3.2,4.1,5.0
2025-12-04 09:00:00,671.1,3878.5,931.1,1298.8,6779.5,-3.4,4.0,4.9
2025-12-04 10:00:00,684.2,3865.8,930.3,1303.5,6783.8,-3.2,3.9,5.3
2025-12-04 11:00:00,641.9,3868.0,927.0,1298.5,6735.4,-3.4,4.1,5.5
2025-12-04 12:00:00,662.0,3836.1,935.9,1279.9,6713.9,-3.6,4.3,5.4
2025-12-04 13:00:00,686.5,3833.6,940.3,1282.5,6742.9,-3.7,4.2,5.6
2025-12-04 14:00:00,704.6,3905.9,951.2,1302.5,6864.2,-4.1,4.2,5.4
2025-12-04 15:00:00,720.9,3964.5,965.6,1312.9,6963.9,-4.2,4.1,5.2
2025-12-04 16:00:00,682.4,3962.3,969.7,1310.2,6924.6,-4.7,4.2,4.9
2025-12-04 17:00:00,681.5,3968.4,969.2,1304.9,6924.0,-5.2,4.3,4.3
2025-12-04 18:00:00,657.8,3856.9,938.3,1290.9,6743.9,-5.7,4.4,4.3
2025-12-04 19:00:00,666.0,3795.6,912.5,1278.6,6652.7,-5.4,4.4,5.0
2025-12-04 20:00:00,671.2,3693.6,868.4,1239.5,6472.7,-5.5,4.3,5.0
2025-12-04 21:00:00,673.6,3551.1,834.7,1240.9,6300.3,-5.5,4.2,5.0
2025-12-04 22:00:00,657.1,3390.5,795.3,1207.3,6050.2,-5.2,4.5,5.1
2025-12-04 23:00:00,634.5,3257.1,762.1,1162.3,5816.0,-5.0,4.6,4.9
2025-12-05 00:00:00,612.8,3149.3,729.5,1137.7,5629.3,-4.6,4.4,4.7
2025-12-05 01:00:00,590.0,3071.4,704.5,1127.9,5493.8,-4.1,3.7,5.0
2025-12-05 02:00:00,602.4,3026.9,715.2,1107.6,5452.1,-4.0,4.0,4.9
2025-12-05 03:00:00,607.8,3010.8,726.9,1095.5,5441.0,-3.9,3.8,5.0
2025-12-05 04:00:00,609.6,2959.2,715.7,1124.4,5408.9,-3.9,4.0,4.9
2025-12-05 05:00:00,646.1,3074.4,743.6,1194.2,5658.3,-4.0,4.4,4.8
2025-12-05 06:00:00,700.5,3395.4,831.8,1243.1,6170.8,-4.2,4.9,4.8
2025-12-05 07:00:00,724.5,3633.0,927.7,1261.7,6546.9,-4.4,4.8,4.9
2025-12-05 08:00:00,733.8,3735.6,959.2,1257.0,6685.6,-4.7,4.8,5.0
2025-12-05 09:00:00,734.6,3701.5,962.2,1254.8,6653.1,-4.9,4.7,5.2
2025-12-05 10:00:00,721.6,3727.1,950.5,1260.1,6659.3,-5.1,4.8,5.6
2025-12-05 11:00:00,716.1,3777.0,930.8,1266.3,6690.2,-5.2,4.9,6.0
2025-12-05 12:00:00,708.7,3794.5,918.0,1259.3,6680.5,-5.2,5.0,6.4
2025-12-05 13:00:00,726.6,3752.3,900.0,1249.0,6627.9,-5.3,5.2,6.5
2025-12-05 14:00:00,733.5,3768.4,889.5,1259.3,6650.7,-5.4,5.1,6.3
2025-12-05 15:00:00,750.7,3819.4,893.7,1269.9,6733.7,-5.3,3.6,6.1
2025-12-05 16:00:00,733.1,3840.3,908.6,1263.9,6745.9,-5.3,2.7,5.7
2025-12-05 17:00:00,731.3,3881.2,920.4,1250.8,6783.7,-5.3,2.6,5.5
2025-12-05 18:00:00,710.3,3779.4,878.7,1252.5,6620.9,-5.3,2.5,5.6
2025-12-05 19:00:00,694.0,3666.4,853.4,,5213.8,-5.3,3.3,6.2
2025-12-05 20:00:00,677.8,3536.4,797.7,1205.6,6217.5,-5.2,3.3,6.4
2025-12-05 21:00:00,669.0,3405.3,772.7,1217.7,6064.7,-5.1,3.4,6.4
2025-12-05 22:00:00,657.5,3311.9,755.0,1196.6,5921.0,-5.1,3.9,6.3
2025-12-05 23:00:00,659.3,3156.1,737.2,1161.3,5713.9,-4.9,4.5,6.2
2025-12-06 00:00:00,634.4,3046.1,695.2,1153.4,5529.1,-4.8,4.8,6.0
2025-12-06 01:00:00,603.5,2961.7,682.8,1139.7,5387.7,-4.8,4.8,5.7
2025-12-06 02:00:00,674.8,2927.9,671.7,1133.2,5407.6,-4.8,4.9,5.5
2025-12-06 03:00:00,672.8,2913.2,671.1,1126.3,5383.4,-4.6,5.1,5.4
2025-12-06 04:00:00,665.0,2905.4,669.9,1132.0,5372.3,-4.5,5.1,4.9
2025-12-06 05:00:00,683.9,2932.7,681.3,1145.0,5442.9,-4.4,5.0,4.5
2025-12-06 06:00:00,711.7,2971.8,693.2,1171.8,5548.5,-4.3,5.1,4.6
2025-12-06 07:00:00,733.9,,712.9,1218.1,2664.9,-4.5,5.7,4.9
2025-12-06 08:00:00,763.7,3183.6,740.7,1234.1,5922.1,-4.3,5.8,5.1
2025-12-06 09:00:00,753.2,3314.8,767.6,1253.8,6089.4,-4.1,5.8,5.0
2025-12-06 10:00:00,776.2,3412.9,783.4,1271.0,6243.5,-3.7,6.1,5.2
2025-12-06 11:00:00,774.1,3475.6,795.5,1281.2,6326.4,-3.2,6.2,5.1
2025-12-06 12:00:00,775.8,,794.5,1291.1,2861.4,-2.7,6.3,5.2
2025-12-06 13:00:00,801.9,3514.6,818.5,1303.8,6438.8,-3.9,6.5,5.4
2025-12-06 14:00:00,805.2,3525.0,836.9,1348.1,6515.2,-3.5,6.5,4.8
2025-12-06 15:00:00,799.4,3579.2,853.6,1370.6,6602.8,-2.2,6.2,4.3
2025-12-06 16:00:00,795.2,3611.9,858.4,1379.5,6645.0,-0.3,5.9,4.5
2025-12-06 17:00:00,798.8,,850.1,1366.2,3015.1,1.6,5.8,4.7
2025-12-06 18:00:00,791.6,3565.5,818.5,1342.8,6518.4,1.5,5.8,4.8
2025-12-06 19:00:00,720.4,3466.9,785.3,1336.2,6308.8,1.1,6.0,5.2
2025-12-06 20:00:00,706.3,3345.5,760.1,1310.6,6122.5,1.0,5.7,5.4
2025-12-06 21:00:00,675.0,3248.3,748.9,1327.2,5999.4,0.8,5.5,5.5
2025-12-06 22:00:00,683.7,3167.5,754.4,1307.0,5912.6,0.8,5.6,5.4
2025-12-06 23:00:00,666.7,3094.5,715.6,1271.3,5748.1,0.6,5.7,5.4
2025-12-07 00:00:00,701.4,3009.9,701.4,1236.9,5649.6,0.5,5.3,5.3
2025-12-07 01:00:00,740.8,2943.4,703.9,1212.8,5600.9,0.6,4.8,5.3
2025-12-07 02:00:00,727.7,2947.2,706.4,1200.1,5581.4,0.7,4.7,5.0
2025-12-07 03:00:00,726.1,2929.2,690.8,1197.7,5543.8,0.7,4.6,4.8
2025-12-07 04:00:00,708.5,2863.8,657.9,1198.5,5428.7,0.7,4.6,5.1
2025-12-07 05:00:00,726.3,2861.4,658.7,1199.4,5445.8,0.8,4.7,5.5
2025-12-07 06:00:00,742.6,2910.7,678.8,1209.5,5541.6,0.9,4.9,5.6
2025-12-07 07:00:00,693.8,3029.3,707.8,1238.9,5669.8,0.8,4.5,6.1
2025-12-07 08:00:00,726.5,3148.9,733.3,1250.6,5859.3,0.9,4.0,6.1
2025-12-07 09:00:00,755.1,3250.0,754.1,1273.6,6032.8,0.9,4.0,5.7
2025-12-07 10:00:00,738.6,3367.4,778.2,1297.1,6181.3,1.0,4.9,6.1
2025-12-07 11:00:00,729.7,3459.5,795.7,1302.6,6287.5,1.0,5.4,6.7
2025-12-07 12:00:00,701.7,3500.7,805.5,,5007.9,1.0,5.5,7.4
2025-12-07 13:00:00,720.1,3503.0,809.8,1309.4,6342.3,0.8,5.7,6.8
2025-12-07 14:00:00,740.1,3509.7,812.4,1329.2,6391.4,0.9,5.7,6.7
2025-12-07 15:00:00,738.7,3581.7,828.8,1332.0,6481.2,0.9,5.6,6.9
2025-12-07 16:00:00,755.9,,,1329.2,2085.1,1.0,5.3,7.0
2025-12-07 17:00:00,737.0,3669.0,870.2,1339.6,6615.8,1.0,4.9,7.0
2025-12-07 18:00:00,718.5,3634.8,857.2,1338.9,6549.4,1.0,4.8,6.9
2025-12-07 19:00:00,705.3,3568.7,,1316.0,5590.0,1.1,4.4,6.5
2025-12-07 20:00:00,691.4,3456.4,786.3,1270.9,6205.0,1.4,3.8,6.5
2025-12-07 21:00:00,696.6,3354.6,751.2,1289.4,6091.8,1.4,4.4,6.6
2025-12-07 22:00:00,686.9,3231.6,720.1,1279.5,5918.1,1.2,5.5,6.6
2025-12-07 23:00:00,640.4,3091.9,703.1,1263.4,5698.8,1.7,5.2,6.6
2025-12-08 00:00:00,624.4,3024.9,678.9,1258.9,5587.1,1.9,4.6,6.6
2025-12-08 01:00:00,624.8,2951.4,645.3,1259.7,5481.2,1.4,5.0,7.3
2025-12-08 02:00:00,618.0,2938.8,626.4,1247.9,5431.1,1.1,5.2,7.7
2025-12-08 03:00:00,611.2,2941.1,612.8,1247.4,5412.5,1.1,5.5,7.7
2025-12-08 04:00:00,615.1,2872.5,579.1,1276.6,5343.3,1.0,5.7,7.9
2025-12-08 05:00:00,641.5,2981.3,585.0,1335.7,5543.5,0.8,5.8,7.5
2025-12-08 06:00:00,640.7,3332.7,686.7,1375.1,6035.2,0.8,5.9,7.5
2025-12-08 07:00:00,669.0,3609.0,802.6,1399.0,6479.6,0.8,5.8,8.3
2025-12-08 08:00:00,648.3,3643.2,818.8,1402.2,6512.5,0.8,6.0,8.6
2025-12-08 09:00:00,669.3,3665.7,796.2,1393.3,6524.5,0.8,6.1,8.3
2025-12-08 10:00:00,692.8,3725.8,821.6,,5240.2,0.7,6.2,8.4
2025-12-08 11:00:00,686.8,3665.0,795.3,1371.7,6518.8,0.8,6.4,8.6
2025-12-08 12:00:00,699.4,3756.0,785.4,1370.9,6611.7,0.7,6.5,8.9
2025-12-08 13:00:00,690.7,3724.0,770.9,1368.2,6553.8,0.4,6.6,9.1
2025-12-08 14:00:00,730.0,3763.1,768.6,,5261.7,0.5,6.6,8.9
2025-12-08 15:00:00,737.8,3836.8,776.0,1361.5,6712.1,0.4,6.5,8.7
2025-12-08 16:00:00,727.3,3836.9,786.0,1355.3,6705.5,0.4,6.4,8.6
2025-12-08 17:00:00,706.6,3914.1,809.5,1340.6,6770.8,0.5,6.5,8.8
2025-12-08 18:00:00,680.1,3866.4,786.4,1346.8,6679.7,0.5,6.6,8.7
2025-12-08 19:00:00,695.6,3809.4,771.0,1322.5,6598.5,0.5,6.9,9.4
2025-12-08 20:00:00,720.3,3662.6,738.3,1282.6,6403.8,0.6,6.9,9.1
2025-12-08 21:00:00,707.8,3521.2,702.6,1294.9,6226.5,0.7,6.8,8.9
2025-12-08 22:00:00,655.1,3397.8,682.6,1265.9,6001.4,0.7,6.8,8.7
2025-12-08 23:00:00,637.5,3225.0,638.1,1231.5,5732.1,0.4,6.6,8.7
2025-12-09 00:00:00,668.7,3002.3,626.1,1198.2,5495.3,0.5,6.2,8.8
2025-12-09 01:00:00,649.7,2973.8,623.8,1175.4,5422.7,0.4,6.3,8.8
2025-12-09 02:00:00,639.5,2980.9,638.9,1181.1,5440.4,0.5,6.4,8.4
2025-12-09 03:00:00,627.1,2891.6,632.3,1178.9,5329.9,0.4,6.4,8.0
2025-12-09 04:00:00,636.8,2862.2,634.3,1185.3,5318.6,0.4,6.3,7.6
2025-12-09 05:00:00,634.5,2941.1,641.3,1246.7,5463.6,0.3,6.2,7.4
2025-12-09 06:00:00,720.2,3179.6,712.2,1273.0,5885.0,0.2,6.0,7.1
2025-12-09 07:00:00,706.9,3407.6,823.8,1290.2,6228.5,-0.7,5.9,7.5
2025-12-09 08:00:00,669.6,3556.8,857.1,1287.9,6371.4,-0.7,5.8,7.7
2025-12-09 09:00:00,653.2,3553.2,857.1,1274.5,6338.0,-0.8,5.7,8.2
2025-12-09 10:00:00,637.5,3517.0,834.4,1284.3,6273.2,-0.6,5.7,8.3
2025-12-09 11:00:00,626.6,3610.8,836.7,1283.4,6357.5,-0.3,5.7,8.4
2025-12-09 12:00:00,622.0,3578.5,829.3,1275.3,6305.1,-0.3,5.8,8.5
2025-12-09 13:00:00,637.5,3594.3,851.9,1269.6,6353.3,-1.0,5.6,8.3
2025-12-09 14:00:00,677.2,3625.8,866.1,1284.2,6453.3,-0.8,5.5,8.4
2025-12-09 15:00:00,664.9,3729.9,894.9,1292.2,6581.9,-0.5,5.4,8.5
2025-12-09 16:00:00,669.2,3755.6,903.2,1292.0,6620.0,-0.3,5.2,8.5
2025-12-09 17:00:00,712.9,3806.2,899.5,1291.5,6710.1,0.1,4.9,8.7
2025-12-09 18:00:00,679.5,3728.0,864.8,1291.1,6563.4,0.6,4.8,8.8
2025-12-09 19:00:00,691.2,3663.7,845.1,1278.2,6478.2,0.3,4.7,9.3
2025-12-09 20:00:00,703.7,3584.9,805.0,1252.2,6345.8,0.5,4.7,9.2
2025-12-09 21:00:00,684.3,3458.2,788.8,1260.3,6191.6,0.6,4.7,9.1
2025-12-09 22:00:00,670.0,3275.0,737.8,1240.3,5923.1,0.7,4.5,9.2
2025-12-09 23:00:00,683.2,3113.1,688.6,1215.2,5700.1,0.4,4.3,9.5
2025-12-10 00:00:00,625.4,2959.6,642.4,1192.5,5419.9,0.4,4.2,9.4
2025-12-10 01:00:00,618.9,2890.9,635.1,1179.6,5324.5,0.4,3.7,9.3
2025-12-10 02:00:00,624.6,2866.7,620.3,1173.4,5285.0,0.6,3.3,9.4
2025-12-10 03:00:00,638.7,2876.5,602.6,1180.2,5298.0,0.1,3.1,9.4
2025-12-10 04:00:00,629.1,2885.7,600.8,1208.6,5324.2,-0.2,3.2,9.5
2025-12-10 05:00:00,608.3,2948.4,617.1,1254.4,5428.2,-0.8,3.5,9.5
2025-12-10 06:00:00,639.4,3277.4,674.4,1307.4,5898.6,-1.3,4.0,9.8
2025-12-10 07:00:00,689.3,3585.8,780.2,1345.9,6401.2,-2.2,4.5,9.9
2025-12-10 08:00:00,621.5,3618.2,816.0,1352.5,6408.2,-2.6,5.4,9.9
2025-12-10 09:00:00,681.4,3579.8,813.7,1344.2,6419.1,-3.0,5.9,9.9
2025-12-10 10:00:00,,3616.2,819.7,1349.2,5785.1,-3.5,6.3,9.9
2025-12-10 11:00:00,671.6,3579.2,828.0,1380.2,6459.0,-3.9,7.0,9.8
2025-12-10 12:00:00,682.9,3520.0,815.9,1386.1,6404.9,-4.3,8.0,9.8
2025-12-10 13:00:00,705.2,3491.9,798.6,1373.5,6369.2,-4.5,8.9,9.8
2025-12-10 14:00:00,764.7,3571.8,811.7,1384.1,6532.3,-4.7,9.0,9.6
2025-12-10 15:00:00,792.7,3759.6,863.0,1406.2,6821.5,-4.9,8.9,9.3
2025-12-10 16:00:00,794.2,3820.6,884.7,1411.3,6910.8,-4.8,8.5,8.9
2025-12-10 17:00:00,758.1,3866.8,908.7,1400.8,6934.4,-4.7,8.2,8.9
2025-12-10 18:00:00,695.7,3803.5,883.8,1384.1,6767.1,-4.7,7.8,8.9
2025-12-10 19:00:00,703.8,3757.8,865.3,1360.6,6687.5,-4.7,7.9,9.4
2025-12-10 20:00:00,721.5,3650.7,844.7,1320.0,6536.9,-4.4,7.7,9.4
2025-12-10 21:00:00,709.1,3495.4,801.9,1338.0,6344.4,-4.1,7.4,9.5
2025-12-10 22:00:00,674.8,3406.4,755.1,1320.8,6157.1,-3.8,7.2,9.3
2025-12-10 23:00:00,688.2,3242.3,708.5,1279.4,5918.4,-3.5,6.8,8.9
2025-12-11 00:00:00,603.2,3138.6,693.9,1252.2,5687.9,-3.3,6.6,8.5
2025-12-11 01:00:00,650.4,3037.6,670.6,1227.1,5585.7,-3.8,6.5,9.0
2025-12-11 02:00:00,678.0,2970.7,669.2,1211.2,5529.1,-3.5,7.2,8.8
2025-12-11 03:00:00,678.9,2905.6,636.3,1205.1,5425.9,-3.5,6.8,8.7
2025-12-11 04:00:00,706.8,2904.5,622.7,1224.2,5458.2,-3.3,6.5,8.5
2025-12-11 05:00:00,745.1,3022.2,670.7,1282.0,5720.0,-3.2,6.5,8.3
2025-12-11 06:00:00,832.8,3298.9,793.9,1310.4,6236.0,-3.0,6.7,8.2
2025-12-11 07:00:00,836.8,3586.2,919.5,1317.0,6659.5,-2.9,6.9,8.7
2025-12-11 08:00:00,829.8,3705.6,928.5,1321.7,6785.6,-2.5,6.9,8.6
2025-12-11 09:00:00,796.2,3709.4,919.8,1306.9,6732.3,-2.2,7.1,8.5
2025-12-11 10:00:00,769.9,3746.4,925.1,1316.1,6757.5,-1.9,7.4,8.8
2025-12-11 11:00:00,775.4,3740.6,,1322.6,5838.6,-2.0,7.4,8.8
2025-12-11 12:00:00,774.3,3747.3,902.7,1310.4,6734.7,-2.6,7.3,8.9
2025-12-11 13:00:00,771.5,3734.6,928.3,1326.9,6761.3,-3.6,7.0,9.2
2025-12-11 14:00:00,777.4,3780.6,939.5,1332.7,6830.2,-4.2,6.7,8.8
2025-12-11 15:00:00,811.1,3849.0,932.2,1347.3,6939.6,-4.7,6.6,8.8
2025-12-11 16:00:00,807.5,,913.9,1342.7,3064.1,-5.4,6.5,8.8
2025-12-11 17:00:00,800.6,3774.1,922.3,1336.4,6833.4,-6.2,5.4,8.7
2025-12-11 18:00:00,824.0,3738.3,882.9,1340.7,6785.9,-6.9,5.3,8.5
2025-12-11 19:00:00,830.3,3674.0,853.6,1337.7,6695.6,-8.0,5.6,8.8
2025-12-11 20:00:00,801.0,3650.9,853.6,1308.0,6613.5,-7.8,5.3,8.6
2025-12-11 21:00:00,821.2,3614.3,833.6,1316.2,6585.3,-7.8,5.4,8.5
2025-12-11 22:00:00,,3447.1,815.2,1297.8,5560.1,-8.1,5.6,8.3
2025-12-11 23:00:00,789.7,3216.1,764.1,1285.3,6055.2,-8.9,5.1,8.2
2025-12-12 00:00:00,816.8,3000.8,689.8,1273.8,5781.2,-10.2,4.9,7.9
2025-12-12 01:00:00,864.5,2980.7,668.9,1253.4,5767.5,-9.8,4.6,7.8
2025-12-12 02:00:00,871.5,2893.3,652.7,1249.1,5666.6,-10.7,4.3,7.9
2025-12-12 03:00:00,892.7,2888.3,617.2,1275.2,5673.4,-11.4,4.0,8.0
2025-12-12 04:00:00,858.2,2892.8,642.5,1312.4,5705.9,-12.0,3.8,7.9
2025-12-12 05:00:00,892.9,3050.3,693.4,1383.8,6020.4,-12.2,3.8,7.8
2025-12-12 06:00:00,958.7,3423.6,783.7,1443.4,6609.4,-12.8,3.7,7.7
2025-12-12 07:00:00,959.2,3724.2,864.3,1473.4,7021.1,-13.5,2.4,7.9
2025-12-12 08:00:00,971.5,3816.8,902.9,1469.0,7160.2,-14.4,2.4,7.7
2025-12-12 09:00:00,936.6,3814.4,895.0,1458.2,7104.2,-15.1,3.0,7.4
2025-12-12 10:00:00,897.0,3851.0,903.3,1478.7,7130.0,-15.6,3.2,7.5
2025-12-12 11:00:00,904.7,3830.5,880.4,1468.8,7084.4,-16.2,3.4,7.6
2025-12-12 12:00:00,864.6,3870.3,886.3,1436.8,7058.0,-16.6,3.3,7.6
2025-12-12 13:00:00,875.5,3833.9,859.7,1427.4,6996.5,-15.9,3.0,7.5
2025-12-12 14:00:00,877.0,3853.2,852.8,1448.2,7031.2,-16.2,2.7,7.4
2025-12-12 15:00:00,871.7,3906.7,868.4,1462.2,7109.0,-16.2,2.4,7.1
2025-12-12 16:00:00,913.6,3922.7,878.7,1466.9,7181.9,-16.7,2.3,6.8
2025-12-12 17:00:00,906.9,3889.9,873.6,1449.1,7119.5,-16.8,2.2,6.7
2025-12-12 18:00:00,882.3,3874.2,851.0,1450.0,7057.5,-16.6,2.1,6.6
2025-12-12 19:00:00,908.5,3779.3,816.5,1427.2,6931.5,-16.7,2.0,6.4
2025-12-12 20:00:00,962.2,3663.5,759.6,1392.6,6777.9,-17.0,1.9,6.4
2025-12-12 21:00:00,961.0,3517.6,732.6,1399.1,6610.3,-17.1,2.1,6.1
2025-12-12 22:00:00,870.1,3401.8,696.1,1385.7,6353.7,-16.9,2.3,5.9
2025-12-12 23:00:00,896.6,3292.2,664.5,1337.5,6190.8,-16.9,2.5,5.6
2025-12-13 00:00:00,905.1,3225.4,669.3,1308.0,6107.8,-16.8,2.7,5.5
2025-12-13 01:00:00,917.3,3166.2,663.2,1306.9,6053.6,-14.6,2.4,5.5
2025-12-13 02:00:00,867.2,3124.1,673.3,1333.8,5998.4,-14.3,2.1,5.2
2025-12-13 03:00:00,846.2,3058.8,655.2,1324.0,5884.2,-13.4,2.2,5.2
2025-12-13 04:00:00,893.2,3051.3,644.0,1350.8,5939.3,-12.1,2.8,5.4
2025-12-13 05:00:00,947.0,,648.7,1372.2,2967.9,-10.7,3.1,5.7
2025-12-13 06:00:00,930.5,3052.5,674.2,1397.6,6054.8,-9.6,3.3,6.0
2025-12-13 07:00:00,879.4,3145.9,699.2,1411.5,6136.0,-11.3,3.3,6.3
2025-12-13 08:00:00,870.7,3246.5,737.9,1411.1,6266.2,-9.3,3.4,6.6
2025-12-13 09:00:00,854.5,3366.7,762.5,1424.5,6408.2,-6.8,3.4,7.0
2025-12-13 10:00:00,832.2,3459.8,791.8,1426.2,6510.0,-4.9,3.5,7.5
2025-12-13 11:00:00,802.2,3535.2,792.4,1435.6,6565.4,-2.9,3.5,7.8
2025-12-13 12:00:00,752.3,,802.5,1424.5,2979.3,-2.5,3.5,8.0
2025-12-13 13:00:00,724.0,3585.3,792.4,1437.2,6538.9,-2.7,3.7,8.3
2025-12-13 14:00:00,743.3,3577.6,767.6,1487.1,6575.6,-2.5,3.8,8.3
2025-12-13 15:00:00,764.4,3626.7,788.9,1520.9,6700.9,-2.3,4.0,8.4
2025-12-13 16:00:00,813.4,3625.7,826.3,1561.9,6827.3,-2.2,4.2,7.5
2025-12-13 17:00:00,761.1,3626.6,810.3,1566.4,6764.4,-2.3,4.0,6.6
2025-12-13 18:00:00,728.9,3605.8,762.4,1554.3,6651.4,-2.3,3.7,6.4
2025-12-13 19:00:00,692.8,3450.5,750.5,1513.9,6407.7,-2.2,3.9,6.4
2025-12-13 20:00:00,693.9,3286.6,751.8,1461.9,6194.2,-1.9,3.9,6.3
2025-12-13 21:00:00,711.4,3198.3,729.5,1471.1,6110.3,-1.7,4.0,6.2
2025-12-13 22:00:00,662.3,3153.0,735.1,1452.2,6002.6,-1.5,3.8,6.0
2025-12-13 23:00:00,,3055.3,715.9,1417.0,5188.2,-1.4,3.6,5.9
2025-12-14 00:00:00,681.1,2925.0,675.4,1391.1,5672.6,-1.2,3.6,5.7
2025-12-14 01:00:00,636.2,2857.7,649.8,1371.8,5515.5,-0.8,3.7,6.2
2025-12-14 02:00:00,641.7,2854.2,648.6,1359.5,5504.0,-0.6,3.8,6.2
2025-12-14 03:00:00,658.4,2841.6,644.5,1374.0,5518.5,-0.7,3.9,6.1
2025-12-14 04:00:00,711.8,2835.1,634.8,1388.3,5570.0,-0.7,3.9,6.2
2025-12-14 05:00:00,777.5,2832.4,636.9,1408.5,5655.3,-0.7,4.1,6.3
2025-12-14 06:00:00,894.8,2831.0,615.0,1410.5,5751.3,-0.7,4.3,6.4
2025-12-14 07:00:00,943.0,2936.3,627.9,1452.4,5959.6,-0.3,4.6,6.7
2025-12-14 08:00:00,974.7,3057.1,652.2,1458.4,6142.4,0.0,4.5,6.6
2025-12-14 09:00:00,932.5,3187.9,685.5,1478.4,6284.3,0.2,4.7,6.5
2025-12-14 10:00:00,910.8,3316.8,720.4,1481.7,6429.7,0.2,5.2,6.3
2025-12-14 11:00:00,907.8,3389.4,715.7,1478.3,6491.2,0.4,5.5,6.1
2025-12-14 12:00:00,905.4,3479.6,733.7,1485.5,6604.2,0.5,5.3,6.2
2025-12-14 13:00:00,849.3,3509.6,751.0,1483.5,6593.4,0.4,5.6,6.5
2025-12-14 14:00:00,765.4,3512.9,759.7,1508.8,6546.8,0.6,5.8,6.5
2025-12-14 15:00:00,731.3,3565.9,782.2,1507.7,6587.1,0.5,6.4,6.5
2025-12-14 16:00:00,755.1,3610.7,805.8,1504.3,6675.9,0.5,6.8,6.4
2025-12-14 17:00:00,728.1,3640.7,827.5,1508.6,6704.9,0.5,7.2,6.5
2025-12-14 18:00:00,657.8,3668.9,839.4,1494.9,6661.0,0.5,7.5,6.5
2025-12-14 19:00:00,680.0,3548.8,832.3,1450.5,6511.6,0.5,7.7,6.9
2025-12-14 20:00:00,655.4,3405.9,804.3,1400.4,6266.0,0.7,7.8,7.0
2025-12-14 21:00:00,561.1,3253.4,755.8,1418.9,5989.2,1.1,7.9,6.8
2025-12-14 22:00:00,500.0,3155.7,725.1,1398.8,5779.6,1.0,7.9,6.9
2025-12-14 23:00:00,543.5,3056.7,703.7,1355.0,5658.9,0.4,8.0,6.9
2025-12-15 00:00:00,514.1,,675.1,1317.5,2506.7,-1.2,8.1,6.7
2025-12-15 01:00:00,412.3,2831.3,647.6,1295.5,5186.7,-2.5,8.6,6.7
2025-12-15 02:00:00,420.4,2834.8,677.8,1292.6,5225.6,-1.9,8.7,6.7
2025-12-15 03:00:00,635.2,2847.9,673.7,1289.8,5446.6,-2.0,8.5,6.6
2025-12-15 04:00:00,563.7,2866.7,661.5,1307.6,5399.5,-2.2,8.4,6.6
2025-12-15 05:00:00,572.9,2955.5,668.2,1356.1,5552.7,-1.8,8.3,6.8
2025-12-15 06:00:00,615.7,3259.5,734.9,1426.1,6036.2,-1.5,8.3,6.8
2025-12-15 07:00:00,613.2,3572.3,854.9,1456.1,6496.5,0.3,8.1,7.3
2025-12-15 08:00:00,655.3,3706.4,887.9,1442.9,6692.5,1.2,7.6,7.1
2025-12-15 09:00:00,602.4,3735.1,880.7,1448.4,6666.6,1.9,7.4,7.1
2025-12-15 10:00:00,563.5,3744.3,884.3,1477.3,6669.4,1.8,7.4,7.3
2025-12-15 11:00:00,550.8,3735.4,881.7,1428.4,6596.3,1.3,7.7,7.3
2025-12-15 12:00:00,660.1,3719.6,878.3,1469.8,6727.8,1.4,7.8,7.3
2025-12-15 13:00:00,600.8,3731.5,880.7,1476.3,6689.3,1.3,7.5,7.5
2025-12-15 14:00:00,575.8,3827.2,895.8,1494.0,6792.8,1.8,7.1,7.4
2025-12-15 15:00:00,586.6,3921.3,951.3,1487.2,6946.4,2.1,7.3,6.6
2025-12-15 16:00:00,699.5,3893.9,938.5,1466.7,6998.6,1.9,7.5,6.1
2025-12-15 17:00:00,713.7,3884.8,931.9,1449.6,6980.0,1.7,7.6,6.1
2025-12-15 18:00:00,687.9,3762.3,902.5,1442.9,6795.6,1.5,7.7,6.2
2025-12-15 19:00:00,661.6,3634.1,866.1,1424.7,6586.5,0.2,7.6,6.5
2025-12-15 20:00:00,718.9,3529.2,848.4,1339.9,6436.4,0.4,7.6,6.6
2025-12-15 21:00:00,723.0,3428.3,845.7,1328.4,6325.4,1.0,7.7,6.4
2025-12-15 22:00:00,646.8,3209.2,813.7,1288.3,5958.0,1.1,7.8,6.1
2025-12-15 23:00:00,626.6,3025.1,764.4,1236.4,5652.5,0.7,7.8,6.0
2025-12-16 00:00:00,592.1,2979.9,720.5,1219.0,5511.5,0.5,7.7,6.0
2025-12-16 01:00:00,606.0,2911.7,680.7,1198.1,5396.5,0.3,7.6,5.9
2025-12-16 02:00:00,652.5,2886.4,717.0,1173.3,5429.2,-0.2,7.6,5.8
2025-12-16 03:00:00,646.0,2884.4,717.7,1164.5,5412.6,-1.0,7.2,5.7
2025-12-16 04:00:00,567.0,2836.2,693.5,1184.2,5280.9,-1.7,6.5,5.7
2025-12-16 05:00:00,602.3,2931.3,732.0,1235.0,5500.6,-2.4,6.1,5.6
2025-12-16 06:00:00,623.8,3296.4,802.4,1258.7,5981.3,-2.7,6.2,5.5
2025-12-16 07:00:00,,3585.3,896.7,1280.3,5762.3,-3.0,6.6,5.7
2025-12-16 08:00:00,694.9,3730.7,937.5,1280.2,6643.3,-4.0,5.9,5.8
2025-12-16 09:00:00,710.6,3735.5,925.3,1305.7,6677.1,-4.1,6.1,5.9
2025-12-16 10:00:00,649.7,3854.2,915.5,1302.1,6721.5,-4.1,6.2,6.3
2025-12-16 11:00:00,672.4,3880.7,914.7,1321.4,6789.2,-4.0,6.1,6.7
2025-12-16 12:00:00,652.3,3851.7,904.3,1339.1,6747.4,-4.1,5.9,6.9
2025-12-16 13:00:00,617.6,3792.5,905.8,1339.8,6655.7,-3.1,5.9,7.1
2025-12-16 14:00:00,632.8,3825.8,943.9,1341.9,6744.4,-3.1,5.8,6.9
2025-12-16 15:00:00,598.6,3935.2,964.1,1346.4,6844.3,-2.9,5.7,6.4
2025-12-16 16:00:00,693.0,3865.6,979.8,1352.5,6890.9,-2.8,5.5,6.0
2025-12-16 17:00:00,655.2,3955.3,946.5,1342.9,6899.9,-2.9,5.2,6.0
2025-12-16 18:00:00,684.0,3902.7,947.7,1336.2,6870.6,-4.1,5.2,5.8
2025-12-16 19:00:00,678.8,3803.0,950.4,1322.3,6754.5,-2.7,5.8,6.4
2025-12-16 20:00:00,684.1,3689.7,922.4,1283.4,6579.6,-4.8,6.0,7.0
2025-12-16 21:00:00,659.0,3536.4,870.2,1293.1,6358.7,-4.8,6.2,7.2
2025-12-16 22:00:00,651.9,3384.2,811.9,1261.3,6109.3,-4.5,6.1,7.1
2025-12-16 23:00:00,654.0,3225.4,740.5,1213.1,5833.0,-5.2,5.9,6.9
2025-12-17 00:00:00,564.8,2997.7,707.3,1191.6,5461.4,-6.1,5.8,6.8
2025-12-17 01:00:00,580.8,2886.3,704.3,1182.5,5353.9,-4.0,5.7,6.9
2025-12-17 02:00:00,530.6,2862.4,728.0,1183.3,5304.3,-5.7,5.0,7.0
2025-12-17 03:00:00,523.9,2835.3,721.3,1184.0,5264.5,-5.4,4.9,6.9
2025-12-17 04:00:00,568.4,2788.4,717.1,1203.8,5277.7,-4.9,5.4,6.9
2025-12-17 05:00:00,568.7,2935.8,737.1,1269.5,5511.1,-4.7,5.2,6.8
2025-12-17 06:00:00,654.0,3277.6,794.6,1313.0,6039.2,-4.2,5.8,6.7
2025-12-17 07:00:00,680.3,3570.6,869.7,1342.0,6462.6,-5.9,5.9,6.8
2025-12-17 08:00:00,640.8,3634.7,910.2,1361.1,6546.8,-6.0,5.7,6.7
2025-12-17 09:00:00,649.0,3650.1,872.9,1358.9,6530.9,-6.4,5.7,6.6
2025-12-17 10:00:00,638.9,3661.0,903.7,1366.6,6570.2,-6.6,6.0,6.7
2025-12-17 11:00:00,,3703.0,922.8,1371.9,5997.7,-6.7,6.4,6.9
2025-12-17 12:00:00,611.6,,904.7,1370.2,2886.5,-6.8,6.5,6.8
2025-12-17 13:00:00,649.1,3754.7,914.4,1380.9,6699.1,-5.0,6.8,7.0
2025-12-17 14:00:00,622.3,3744.3,900.0,1399.5,6666.1,-5.1,7.1,6.6
2025-12-17 15:00:00,667.1,3791.2,930.2,1381.3,6769.8,-5.6,6.9,6.0
2025-12-17 16:00:00,714.0,3822.9,953.7,1384.3,6874.9,-6.0,6.4,5.7
2025-12-17 17:00:00,793.9,3917.7,958.7,1372.6,7042.9,-6.5,5.5,5.7
2025-12-17 18:00:00,734.1,3937.3,945.6,1377.4,6994.4,-7.1,4.7,5.9
2025-12-17 19:00:00,673.7,3878.8,922.5,1361.7,6836.7,-7.3,4.1,6.1
2025-12-17 20:00:00,721.7,3744.7,893.2,1327.5,6687.1,-8.0,3.3,6.3
2025-12-17 21:00:00,661.4,3618.8,844.9,1327.9,6453.0,-8.3,2.9,6.6
2025-12-17 22:00:00,545.6,3487.5,781.9,1322.1,6137.1,-8.7,2.6,7.0
2025-12-17 23:00:00,468.7,3340.9,737.3,1271.9,5818.8,-8.9,2.5,7.2
2025-12-18 00:00:00,449.2,3157.3,689.8,1249.5,5545.8,-8.9,2.5,7.5
2025-12-18 01:00:00,501.2,2981.0,664.8,1228.0,5375.0,-7.9,2.7,7.4
2025-12-18 02:00:00,488.2,2947.6,649.8,1213.5,5299.1,-8.5,2.8,7.2
2025-12-18 03:00:00,518.2,3003.2,669.0,1214.9,5405.3,-9.0,2.5,7.2
2025-12-18 04:00:00,555.2,3019.1,668.2,1246.6,5489.1,-9.2,2.1,7.3
2025-12-18 05:00:00,547.8,3011.9,684.2,1318.7,5562.6,-9.3,1.8,7.2
2025-12-18 06:00:00,585.9,3295.8,751.0,1365.4,5998.1,-9.4,1.4,7.3
2025-12-18 07:00:00,586.3,3749.7,843.1,1397.0,6576.1,-10.1,1.8,7.6
2025-12-18 08:00:00,546.4,3835.1,902.7,1393.2,6677.4,-9.3,1.8,7.3
2025-12-18 09:00:00,493.1,3826.4,917.5,1399.3,6636.3,-7.8,1.7,7.2
2025-12-18 10:00:00,650.7,3809.3,909.0,1393.1,6762.1,-5.7,2.3,7.4
2025-12-18 11:00:00,694.7,3755.6,902.4,1406.0,6758.7,-1.8,3.3,7.3
2025-12-18 12:00:00,647.6,3801.6,907.1,1412.6,6768.9,1.5,3.9,7.3
2025-12-18 13:00:00,619.5,3812.7,897.6,1414.2,6744.0,2.4,5.2,7.5
2025-12-18 14:00:00,588.9,3777.3,905.4,1432.1,6703.7,2.6,5.1,7.3
2025-12-18 15:00:00,594.3,3878.1,939.0,1452.6,6864.0,2.8,5.4,7.1
2025-12-18 16:00:00,643.2,3926.8,926.9,1447.8,6944.7,2.8,5.1,6.9
2025-12-18 17:00:00,634.1,3905.9,928.3,1435.4,6903.7,2.6,4.9,7.1
2025-12-18 18:00:00,623.0,3774.9,942.4,1429.7,6770.0,2.6,5.6,7.2
2025-12-18 19:00:00,614.5,3739.2,917.0,1406.0,6676.7,2.8,5.7,7.5
2025-12-18 20:00:00,606.1,,864.0,1369.4,2839.5,2.9,5.7,7.6
2025-12-18 21:00:00,636.2,3511.6,788.6,1365.9,6302.3,2.5,5.6,7.4
2025-12-18 22:00:00,587.7,3379.1,767.7,1328.5,6063.0,2.5,5.9,7.1
2025-12-18 23:00:00,605.9,3211.2,709.3,1269.9,5796.3,2.7,6.1,7.1
2025-12-19 00:00:00,551.7,3035.9,690.1,1257.1,5534.8,2.6,6.1,7.1
2025-12-19 01:00:00,535.0,2949.1,669.9,1212.3,5366.3,1.9,5.2,7.1
2025-12-19 02:00:00,553.0,2881.6,644.9,1205.3,5284.8,2.1,5.3,7.3
2025-12-19 03:00:00,596.8,2819.5,639.2,1190.9,5246.4,1.7,5.7,7.5
2025-12-19 04:00:00,566.3,2797.3,656.6,1204.5,5224.7,1.5,6.0,7.7
2025-12-19 05:00:00,603.3,2913.9,674.9,1267.3,5459.4,1.8,6.1,7.9
2025-12-19 06:00:00,671.5,3239.4,773.1,1316.2,6000.2,1.9,6.2,8.0
2025-12-19 07:00:00,645.4,3502.4,868.0,1353.5,6369.3,1.3,6.1,8.2
2025-12-19 08:00:00,525.3,3569.3,886.8,1375.7,6357.1,1.6,6.0,8.5
2025-12-19 09:00:00,545.9,3593.9,925.6,1369.4,6434.8,1.7,6.2,8.9
2025-12-19 10:00:00,604.2,3599.4,924.4,1366.1,6494.1,0.8,6.4,9.0
2025-12-19 11:00:00,634.8,3600.3,918.7,1378.7,6532.5,0.5,6.8,9.0
2025-12-19 12:00:00,591.4,3574.7,906.0,1374.5,6446.6,0.9,7.1,8.7
2025-12-19 13:00:00,559.3,3562.2,885.8,1370.6,6377.9,1.5,6.7,8.8
2025-12-19 14:00:00,591.0,3516.3,903.7,1384.1,6395.1,1.5,7.2,8.6
2025-12-19 15:00:00,544.2,3648.3,894.8,1399.1,6486.4,2.2,7.2,8.4
2025-12-19 16:00:00,519.3,3604.0,888.9,1401.3,6413.5,3.0,7.7,8.5
2025-12-19 17:00:00,530.2,3622.9,901.9,1390.9,6445.9,3.5,7.8,8.6
2025-12-19 18:00:00,559.1,3564.6,898.1,1386.4,6408.2,3.4,7.9,8.7
2025-12-19 19:00:00,566.2,3431.7,834.5,1358.4,6190.8,3.3,7.8,8.8
2025-12-19 20:00:00,571.7,3350.7,816.2,1310.8,6049.4,3.7,7.7,8.7
2025-12-19 21:00:00,575.2,3192.2,757.1,1316.4,5840.9,3.2,7.4,8.6
2025-12-19 22:00:00,594.2,3061.4,719.9,1274.7,5650.2,2.9,7.2,7.8
2025-12-19 23:00:00,554.9,2967.3,685.9,1227.7,5435.8,2.7,6.9,7.2
2025-12-20 00:00:00,593.7,2859.0,639.3,1181.6,5273.6,2.3,6.6,6.9
2025-12-20 01:00:00,,2807.7,630.5,1163.7,4601.9,2.2,6.4,7.0
2025-12-20 02:00:00,545.7,2765.5,622.0,1135.9,5069.1,1.7,6.1,6.9
2025-12-20 03:00:00,580.8,2719.4,604.0,1134.3,5038.5,1.2,5.7,6.8
2025-12-20 04:00:00,583.5,2745.5,593.5,1145.3,5067.8,0.8,5.4,6.8
2025-12-20 05:00:00,583.8,2715.8,599.0,1168.4,5067.0,0.5,5.3,6.9
2025-12-20 06:00:00,608.3,2791.4,575.2,1193.9,5168.8,0.2,6.2,7.0
2025-12-20 07:00:00,621.7,2924.0,604.5,1226.5,5376.7,-0.3,6.5,7.0
2025-12-20 08:00:00,602.9,3029.5,615.3,1247.4,5495.1,0.0,6.6,7.0
2025-12-20 09:00:00,605.4,3133.6,664.8,1258.6,5662.4,-0.4,6.9,6.9
2025-12-20 10:00:00,583.5,3228.5,691.6,1275.1,5778.7,-0.5,7.1,7.1
2025-12-20 11:00:00,613.4,3258.9,673.6,1276.8,5822.7,-0.5,7.4,7.2
2025-12-20 12:00:00,614.3,3312.8,668.9,1275.2,5871.2,-0.4,7.5,7.4
2025-12-20 13:00:00,560.1,3323.7,673.5,1279.7,5837.0,-0.2,7.6,6.8
2025-12-20 14:00:00,598.5,3320.1,700.8,1309.4,5928.8,-1.9,7.7,6.9
2025-12-20 15:00:00,573.9,3395.0,773.8,1337.2,6079.9,-2.5,7.4,6.8
2025-12-20 16:00:00,609.0,3467.1,798.6,1343.4,6218.1,-1.8,6.5,6.8
2025-12-20 17:00:00,624.3,3494.7,823.0,1346.3,6288.3,-1.2,6.1,6.8
2025-12-20 18:00:00,661.1,3372.1,788.6,1339.9,6161.7,-2.6,5.5,6.6
2025-12-20 19:00:00,664.2,3349.5,752.1,1307.6,6073.4,-3.4,5.4,6.0
2025-12-20 20:00:00,611.9,3289.7,732.8,1269.7,5904.1,-3.6,5.0,5.6
2025-12-20 21:00:00,594.6,3183.6,730.3,1268.2,5776.7,-3.8,4.7,5.3
2025-12-20 22:00:00,570.5,3112.8,681.4,1255.9,5620.6,-3.7,4.4,5.2
2025-12-20 23:00:00,542.7,3046.7,648.2,1204.4,5442.0,-3.2,4.2,5.1
2025-12-21 00:00:00,518.8,3047.0,659.7,1155.8,5381.3,-2.7,4.0,5.1
2025-12-21 01:00:00,485.8,2953.1,648.9,1139.3,5227.1,-1.2,4.0,5.0
2025-12-21 02:00:00,527.2,2918.3,624.5,1118.9,5188.9,-1.5,3.7,4.9
2025-12-21 03:00:00,549.4,2865.9,599.0,,4014.3,-1.4,3.4,4.7
2025-12-21 04:00:00,564.8,2855.1,585.4,1107.6,5112.9,-1.4,3.1,4.4
2025-12-21 05:00:00,538.8,2887.7,605.8,1140.5,5172.8,-1.5,2.9,4.2
2025-12-21 06:00:00,526.8,2954.1,627.9,1157.6,5266.4,-1.6,2.7,4.0
2025-12-21 07:00:00,585.7,3105.8,681.0,1195.5,5568.0,-2.1,2.5,4.0
2025-12-21 08:00:00,625.6,3266.7,708.5,1219.3,5820.1,-2.2,2.2,3.9
2025-12-21 09:00:00,599.6,3358.1,749.5,1233.6,5940.8,-2.0,2.1,3.8
2025-12-21 10:00:00,593.5,3418.0,767.8,1257.2,6036.5,-1.8,2.4,3.8
2025-12-21 11:00:00,639.8,3449.0,774.6,1265.9,6129.3,-1.8,3.0,4.0
2025-12-21 12:00:00,724.6,3485.3,777.8,1263.9,6251.6,-1.5,3.3,4.1
2025-12-21 13:00:00,746.3,3481.4,784.1,1282.8,6294.6,-0.9,3.5,4.6
2025-12-21 14:00:00,685.1,3564.2,779.7,1321.2,6350.2,-1.3,3.2,4.7
2025-12-21 15:00:00,668.4,3700.3,784.9,1338.1,6491.7,-1.5,2.8,4.7
2025-12-21 16:00:00,734.3,3763.6,816.5,1335.6,6650.0,-1.7,2.6,4.6
2025-12-21 17:00:00,704.7,3818.9,840.6,1335.5,6699.7,-1.8,2.3,4.6
2025-12-21 18:00:00,723.5,3793.8,860.2,1334.7,6712.2,-1.6,1.8,4.7
2025-12-21 19:00:00,723.9,3777.9,831.5,1331.0,6664.3,-1.7,1.4,4.9
2025-12-21 20:00:00,659.7,3682.0,808.8,1300.2,6450.7,-1.5,1.0,4.9
2025-12-21 21:00:00,678.5,3595.8,,1301.2,5575.5,-2.3,0.7,4.9
2025-12-21 22:00:00,605.6,3480.9,772.8,1288.2,6147.5,-2.8,0.6,4.8
2025-12-21 23:00:00,619.6,3372.8,734.7,1233.8,5960.9,-3.4,0.4,4.9
2025-12-22 00:00:00,610.6,3388.4,713.9,1204.4,5917.3,-3.1,0.2,4.9
2025-12-22 01:00:00,646.7,3321.6,688.8,1167.7,5824.8,-1.7,-0.2,5.0
2025-12-22 02:00:00,659.9,3320.5,691.0,1151.6,5823.0,-1.9,-0.9,5.0
2025-12-22 03:00:00,671.4,3312.6,688.6,1155.2,5827.8,-2.6,-1.2,5.0
2025-12-22 04:00:00,667.8,3336.2,689.2,1195.2,5888.4,-4.0,-1.3,5.0
2025-12-22 05:00:00,668.2,3448.1,703.3,1226.6,6046.2,-4.4,-1.4,4.8
2025-12-22 06:00:00,664.1,3734.4,766.4,1270.3,6435.2,-5.1,-1.9,4.7
2025-12-22 07:00:00,670.1,4013.2,852.8,1319.5,6855.6,-5.8,-1.5,4.5
2025-12-22 08:00:00,,4144.3,911.9,1328.9,6385.1,-6.1,-2.6,4.5
2025-12-22 09:00:00,716.6,4165.6,916.8,1326.4,7125.4,-6.6,-2.0,4.6
2025-12-22 10:00:00,706.2,4126.7,922.4,1324.3,7079.6,-7.0,-1.6,4.9
2025-12-22 11:00:00,718.6,4076.7,922.9,1327.9,7046.1,-7.4,-1.2,5.4
2025-12-22 12:00:00,743.2,4068.7,915.6,1321.4,7048.9,-7.9,-0.8,5.7
2025-12-22 13:00:00,763.7,4068.9,900.7,1323.8,7057.1,-8.9,0.3,5.5
2025-12-22 14:00:00,800.1,4074.4,890.0,1355.5,7120.0,-10.4,0.5,5.5
2025-12-22 15:00:00,801.5,4155.0,907.8,1357.8,7222.1,-11.4,0.5,5.2
2025-12-22 16:00:00,788.7,4169.8,940.3,1360.5,7259.3,-12.3,0.6,4.9
2025-12-22 17:00:00,770.0,4126.7,946.0,1354.8,7197.5,-12.2,0.6,4.7
2025-12-22 18:00:00,768.6,4078.0,927.5,1355.4,7129.5,-12.8,0.7,4.7
2025-12-22 19:00:00,779.2,3981.6,910.3,1345.2,7016.3,-14.4,1.0,4.7
2025-12-22 20:00:00,770.5,4035.9,870.7,1324.7,7001.8,-14.9,0.3,4.8
2025-12-22 21:00:00,732.4,4064.7,830.1,1354.6,6981.8,-15.1,0.6,5.0
2025-12-22 22:00:00,700.1,3618.9,789.1,1332.2,6440.3,-15.1,0.7,5.2
2025-12-22 23:00:00,623.3,3467.7,740.3,1297.4,6128.7,-14.8,0.7,5.1
2025-12-23 00:00:00,604.4,3334.3,695.4,1256.1,5890.2,-13.8,0.2,5.2
2025-12-23 01:00:00,605.1,3261.7,700.5,1251.4,5818.7,-12.7,-0.2,5.0
2025-12-23 02:00:00,655.8,3257.2,724.5,1235.3,5872.8,-12.1,-0.2,4.6
2025-12-23 03:00:00,635.6,3285.1,740.6,1255.2,5916.5,-11.0,-0.5,3.4
2025-12-23 04:00:00,673.2,3312.6,773.9,1290.3,6050.0,-9.6,-0.1,2.9
2025-12-23 05:00:00,718.3,3365.4,778.4,1332.9,6195.0,-8.4,0.9,3.3
2025-12-23 06:00:00,732.4,3548.9,814.5,1363.5,6459.3,-7.8,0.8,3.4
2025-12-23 07:00:00,787.1,3759.6,868.1,1401.5,6816.3,-11.6,0.5,3.0
2025-12-23 08:00:00,,3909.4,893.3,1425.6,6228.3,-12.5,0.1,3.0
2025-12-23 09:00:00,929.8,3966.7,888.4,1443.2,7228.1,-13.0,-0.5,2.7
2025-12-23 10:00:00,935.4,4017.7,898.9,1443.4,7295.4,-13.1,-1.0,2.8
2025-12-23 11:00:00,898.1,4093.7,888.6,1446.0,7326.4,-13.2,-1.1,3.1
2025-12-23 12:00:00,861.8,4106.3,884.1,1440.3,7292.5,-12.9,-1.1,3.5
2025-12-23 13:00:00,881.9,4086.7,857.8,1429.0,7255.4,-12.5,-1.9,3.5
2025-12-23 14:00:00,905.3,4112.0,863.6,1439.4,7320.3,-12.8,-2.3,3.4
2025-12-23 15:00:00,895.1,4218.3,910.5,1450.0,7473.9,-12.8,-2.8,3.2
2025-12-23 16:00:00,911.5,4263.6,936.7,1457.3,7569.1,-12.4,-3.0,2.7
2025-12-23 17:00:00,932.8,4260.6,928.9,1463.0,7585.3,-12.3,-3.0,2.3
2025-12-23 18:00:00,932.9,4196.3,913.4,1451.6,7494.2,-12.1,-3.4,2.4
2025-12-23 19:00:00,896.2,4083.5,866.0,1431.1,7276.8,-12.0,-3.7,2.0
2025-12-23 20:00:00,866.9,3929.0,867.9,1385.2,7049.0,-12.0,-4.4,0.5
2025-12-23 21:00:00,815.8,3831.8,835.9,1394.2,6877.7,-12.0,-3.9,-0.3
2025-12-23 22:00:00,678.3,3739.4,817.7,1376.9,6612.3,-11.7,-2.8,-0.3
2025-12-23 23:00:00,546.7,3626.9,784.6,1335.2,6293.4,-11.6,-2.5,-0.4
2025-12-24 00:00:00,482.5,3521.5,778.9,1274.2,6057.1,-11.7,-2.6,-0.2
2025-12-24 01:00:00,477.0,3497.3,775.4,1249.1,5998.8,-12.5,-2.2,0.0
2025-12-24 02:00:00,444.3,3462.5,751.1,1225.6,5883.5,-12.7,-2.1,-0.2
2025-12-24 03:00:00,542.9,3380.1,746.1,1197.8,5866.9,-12.5,-2.0,-0.2
2025-12-24 04:00:00,520.4,3342.7,749.9,1206.5,5819.5,-12.8,-2.0,-0.3
2025-12-24 05:00:00,589.4,3327.5,780.5,1207.3,5904.7,-13.1,-2.4,-0.9
2025-12-24 06:00:00,585.6,3421.6,795.3,1215.0,6017.5,-13.1,-2.4,-1.5
2025-12-24 07:00:00,587.5,3519.9,818.0,1253.8,6179.2,-13.7,-2.1,-1.7
2025-12-24 08:00:00,560.2,3666.7,851.8,1273.5,6352.2,-13.4,-2.4,-1.6
2025-12-24 09:00:00,636.5,3750.4,866.2,1298.9,6552.0,-14.2,-2.6,-1.2
2025-12-24 10:00:00,642.0,3834.5,876.5,1311.4,6664.4,-13.5,-2.6,-0.7
2025-12-24 11:00:00,662.9,3845.2,875.9,1325.4,6709.4,-12.0,-2.4,-0.1
2025-12-24 12:00:00,652.8,3832.7,862.8,1355.2,6703.5,-10.2,-2.5,0.2
2025-12-24 13:00:00,639.6,3791.3,837.3,1366.7,6634.9,-6.5,-1.9,0.3
2025-12-24 14:00:00,648.0,3803.5,,1382.8,5834.3,-4.2,-2.3,0.4
2025-12-24 15:00:00,644.9,3895.5,868.3,1369.2,6777.9,-2.2,-2.7,0.2
2025-12-24 16:00:00,661.9,3891.2,894.6,1349.3,6797.0,-0.2,-2.8,0.0
2025-12-24 17:00:00,624.5,3877.9,895.4,1329.0,6726.8,0.5,-2.7,-0.2
2025-12-24 18:00:00,634.1,3767.4,884.9,1310.3,6596.7,1.4,-2.7,-0.5
2025-12-24 19:00:00,609.0,3711.5,867.0,1294.3,6481.8,1.9,-2.7,-1.2
2025-12-24 20:00:00,598.0,3636.8,869.4,1256.3,6360.5,2.0,-2.8,-1.5
2025-12-24 21:00:00,603.7,3528.6,856.9,1285.0,6274.2,2.6,-2.7,-1.7
2025-12-24 22:00:00,568.6,3479.9,853.7,1272.1,6174.3,3.4,-2.6,-1.9
2025-12-24 23:00:00,568.8,3391.9,833.7,1232.4,6026.8,3.5,-2.6,-1.9
2025-12-25 00:00:00,482.6,3370.5,823.8,1183.8,5860.7,3.6,-2.5,-1.8
2025-12-25 01:00:00,518.8,3325.2,806.8,1145.4,5796.2,4.1,-2.6,-2.1
2025-12-25 02:00:00,515.5,3281.5,820.6,1129.6,5747.2,4.0,-2.6,-2.2
2025-12-25 03:00:00,476.5,3280.0,827.8,1110.4,5694.7,3.9,-2.3,-2.1
2025-12-25 04:00:00,499.2,3308.4,852.6,1114.0,5774.2,3.6,-1.9,-1.9
2025-12-25 05:00:00,498.2,3352.1,869.2,1145.1,5864.6,3.4,-1.9,-1.8
2025-12-25 06:00:00,509.4,3429.1,886.8,1139.8,5965.1,3.3,-1.7,-1.8
2025-12-25 07:00:00,560.1,3511.3,901.7,1147.9,6121.0,3.7,-1.1,-2.6
2025-12-25 08:00:00,622.0,3563.8,918.9,1157.0,6261.7,4.7,-0.9,-2.7
2025-12-25 09:00:00,654.9,3562.7,917.8,1176.6,6312.0,5.6,-0.7,-2.8
2025-12-25 10:00:00,679.7,3609.7,918.8,1180.2,6388.4,5.4,-0.5,-1.8
2025-12-25 11:00:00,636.2,3620.3,897.2,1184.9,6338.6,5.3,0.0,-0.5
2025-12-25 12:00:00,615.2,3598.6,876.1,1189.3,6279.2,5.3,0.3,0.3
2025-12-25 13:00:00,630.6,3594.6,871.9,1191.0,6288.1,4.4,0.6,0.3
2025-12-25 14:00:00,592.1,3669.6,899.9,1205.3,6366.9,3.5,0.5,0.5
2025-12-25 15:00:00,649.6,3677.9,923.4,1211.7,6462.6,3.0,1.2,0.6
2025-12-25 16:00:00,735.2,3662.4,932.7,1213.0,6543.3,2.3,1.0,0.8
2025-12-25 17:00:00,670.6,3620.9,930.6,1225.6,6447.7,1.9,1.4,0.8
2025-12-25 18:00:00,684.7,3513.9,880.5,1214.7,6293.8,1.6,1.8,0.6
2025-12-25 19:00:00,665.9,3487.2,853.2,1197.5,6203.8,1.8,2.1,0.2
2025-12-25 20:00:00,683.4,3360.1,823.9,1173.6,6041.0,1.6,2.2,0.1
2025-12-25 21:00:00,680.5,3310.0,780.9,1200.7,5972.1,1.3,2.2,0.2
2025-12-25 22:00:00,637.2,3259.1,770.8,,4667.1,1.1,2.5,0.2
2025-12-25 23:00:00,620.9,3171.5,766.1,1166.3,5724.8,0.7,2.8,0.4
2025-12-26 00:00:00,609.5,3070.1,720.3,1132.9,5532.8,0.8,2.9,0.5
2025-12-26 01:00:00,582.5,3051.8,689.1,1106.3,5429.7,2.5,2.6,1.0
2025-12-26 02:00:00,586.1,3044.7,667.9,1091.1,5389.8,1.7,2.4,1.2
2025-12-26 03:00:00,599.4,3030.8,676.5,1085.9,5392.6,2.2,2.3,1.8
2025-12-26 04:00:00,633.7,2966.5,672.5,1094.0,5366.7,2.9,2.3,2.2
2025-12-26 05:00:00,635.7,2995.2,680.3,1122.0,5433.2,4.2,2.4,2.8
2025-12-26 06:00:00,637.5,3154.2,704.7,1137.0,5633.4,5.4,2.9,3.9
2025-12-26 07:00:00,627.4,3230.6,760.5,1165.3,5783.8,5.3,2.9,5.0
2025-12-26 08:00:00,620.5,3289.9,795.7,1182.4,5888.5,4.3,2.7,5.0
2025-12-26 09:00:00,579.3,3364.2,807.2,1206.5,5957.2,3.8,2.2,4.9
2025-12-26 10:00:00,610.4,3360.0,802.2,1213.3,5985.9,3.7,2.1,5.0
2025-12-26 11:00:00,613.3,3411.2,812.1,1211.3,6047.9,3.7,2.3,5.2
2025-12-26 12:00:00,621.5,3418.6,821.6,1206.1,6067.8,3.7,2.6,5.2
2025-12-26 13:00:00,622.9,3412.0,801.8,1216.5,6053.2,3.4,2.7,5.1
2025-12-26 14:00:00,622.3,3479.8,806.2,1242.0,6150.3,3.0,2.4,5.1
2025-12-26 15:00:00,677.2,3587.3,836.4,1261.1,6362.0,3.5,1.6,5.2
2025-12-26 16:00:00,643.3,3602.1,852.1,1289.1,6386.6,4.0,1.2,5.2
2025-12-26 17:00:00,617.3,3613.4,830.1,1277.8,6338.6,3.4,0.8,4.8
2025-12-26 18:00:00,593.6,3539.3,824.6,1263.7,6221.2,3.2,0.6,4.4
2025-12-26 19:00:00,637.8,3410.0,826.1,1242.3,6116.2,2.5,0.1,3.9
2025-12-26 20:00:00,697.5,3328.3,793.4,1209.6,6028.8,2.2,-0.4,4.0
2025-12-26 21:00:00,638.1,3310.2,739.3,1229.3,5916.9,2.4,-0.6,4.1
2025-12-26 22:00:00,535.2,3235.1,711.7,1201.0,5683.0,2.4,-0.8,4.2
2025-12-26 23:00:00,656.7,3129.9,701.5,1175.4,5663.5,2.5,-1.0,4.2
2025-12-27 00:00:00,527.1,3032.6,679.2,1153.6,5392.5,2.6,-1.1,4.1
2025-12-27 01:00:00,521.3,3089.4,667.6,1125.5,5403.8,3.2,-0.6,4.3
2025-12-27 02:00:00,485.4,2998.7,646.4,1125.4,5255.9,2.8,-0.2,4.0
2025-12-27 03:00:00,521.0,2965.3,639.4,1108.9,5234.6,2.7,0.5,3.8
2025-12-27 04:00:00,533.5,2990.7,637.5,1115.2,5276.9,3.6,0.5,3.7
2025-12-27 05:00:00,581.9,2985.8,622.4,1123.2,5313.3,3.9,0.9,4.0
2025-12-27 06:00:00,642.7,2940.1,,1127.4,4710.2,3.1,1.4,4.4
2025-12-27 07:00:00,692.5,3041.6,642.5,1158.7,5535.3,2.4,1.0,4.4
2025-12-27 08:00:00,703.0,3183.2,683.6,1183.6,5753.4,1.3,1.6,4.5
2025-12-27 09:00:00,722.3,3318.8,697.6,1192.2,5930.9,0.8,3.6,5.1
2025-12-27 10:00:00,828.1,3356.3,739.6,1211.4,6135.4,0.2,3.9,5.7
2025-12-27 11:00:00,865.7,3378.9,728.2,1224.8,6197.6,-0.3,4.1,6.3
2025-12-27 12:00:00,969.0,3399.7,725.7,1218.4,6312.8,-0.2,3.9,6.8
2025-12-27 13:00:00,981.3,3508.9,741.7,1237.1,6469.0,2.0,3.4,7.3
2025-12-27 14:00:00,1018.2,3591.5,734.6,1272.8,6617.1,2.2,3.0,7.4
2025-12-27 15:00:00,1247.7,3690.2,749.7,1270.3,6957.9,2.2,2.6,6.7
2025-12-27 16:00:00,1271.8,3812.1,821.5,1275.8,7181.2,2.4,2.7,6.1
2025-12-27 17:00:00,1088.9,3770.0,854.8,1292.0,7005.7,1.3,2.1,6.0
2025-12-27 18:00:00,935.5,3695.3,852.9,1272.7,6756.4,0.1,1.5,5.7
2025-12-27 19:00:00,923.3,3634.3,828.1,1237.3,6623.0,-0.8,2.0,5.0
2025-12-27 20:00:00,952.1,3528.9,783.2,1204.7,6468.9,-1.3,1.8,4.7
2025-12-27 21:00:00,847.1,3406.7,779.5,1231.0,6264.3,-1.5,1.3,4.5
2025-12-27 22:00:00,719.8,3347.6,739.4,1238.8,6045.6,-1.8,0.9,5.1
2025-12-27 23:00:00,692.6,3281.6,735.4,1215.4,5925.0,-2.4,0.9,5.1
2025-12-28 00:00:00,,3213.2,683.7,1205.9,5102.8,-2.9,0.8,4.6
2025-12-28 01:00:00,677.3,3127.1,680.8,1189.1,5674.3,-2.9,0.9,4.0
2025-12-28 02:00:00,692.9,3031.3,678.8,1170.8,5573.8,-3.4,0.8,3.6
2025-12-28 03:00:00,599.5,2964.9,679.5,1176.3,5420.2,-4.7,0.6,3.3
2025-12-28 04:00:00,516.5,2987.1,683.8,1190.1,5377.5,-5.0,0.5,3.1
2025-12-28 05:00:00,533.1,3122.5,678.7,1209.8,5544.1,-5.4,0.4,2.9
2025-12-28 06:00:00,576.8,3258.7,714.5,1227.6,5777.6,-5.4,0.4,2.8
2025-12-28 07:00:00,592.7,3369.6,766.0,1264.9,5993.2,-4.2,-0.1,2.0
2025-12-28 08:00:00,640.4,3435.6,769.0,1268.7,6113.7,-3.6,-0.2,1.8
2025-12-28 09:00:00,693.1,3486.4,771.7,1302.6,6253.8,-2.8,0.0,1.8
2025-12-28 10:00:00,,3513.5,748.2,1324.5,5586.2,-2.0,0.3,2.3
2025-12-28 11:00:00,716.2,3533.6,768.3,1338.1,6356.2,-1.9,0.5,2.8
2025-12-28 12:00:00,674.5,3603.2,803.2,1317.6,6398.5,-1.9,1.2,3.1
2025-12-28 13:00:00,650.6,3634.1,790.1,1335.2,6410.0,-1.7,2.0,3.9
2025-12-28 14:00:00,689.1,3732.2,830.6,1364.3,6616.2,-1.7,1.7,4.0
2025-12-28 15:00:00,668.9,3791.5,883.7,1391.9,6736.0,-0.9,1.5,4.1
2025-12-28 16:00:00,681.4,3812.1,906.0,1414.0,6813.5,-1.8,1.3,4.1
2025-12-28 17:00:00,733.8,3792.1,899.0,1412.7,6837.6,-2.4,1.0,4.1
2025-12-28 18:00:00,720.6,3765.2,891.2,1411.5,6788.5,-2.3,0.5,4.2
2025-12-28 19:00:00,679.3,18350.0,845.5,1371.1,21245.9,-1.0,1.1,4.4
2025-12-28 20:00:00,683.7,3632.6,785.0,1330.3,6431.6,-0.4,1.3,4.6
2025-12-28 21:00:00,666.5,3516.1,721.8,1357.5,6261.9,-0.9,1.7,4.7
2025-12-28 22:00:00,668.0,3390.0,732.6,1330.5,6121.1,-1.7,1.2,4.7
2025-12-28 23:00:00,626.9,3339.2,709.5,1296.3,5971.9,-2.2,1.2,4.5
2025-12-29 00:00:00,612.1,3244.3,703.0,1256.9,5816.3,-2.5,1.3,4.0
2025-12-29 01:00:00,646.0,3152.6,645.6,1231.3,5675.5,-2.9,1.3,3.5
2025-12-29 02:00:00,653.4,3149.0,623.8,1231.9,5658.1,-3.2,1.4,4.0
2025-12-29 03:00:00,609.7,3150.9,625.4,1241.5,5627.5,-3.4,1.3,4.3
2025-12-29 04:00:00,686.5,3235.9,656.4,1262.3,5841.1,-3.4,0.8,4.4
2025-12-29 05:00:00,706.4,3321.0,696.5,1331.4,6055.3,-3.6,0.5,4.0
2025-12-29 06:00:00,703.0,3508.5,745.9,1392.7,6350.1,-4.2,0.5,3.9
2025-12-29 07:00:00,754.0,3761.8,799.8,1439.9,6755.5,-4.9,0.5,3.9
2025-12-29 08:00:00,721.5,3907.0,834.4,1473.8,6936.7,-5.1,-0.2,3.7
2025-12-29 09:00:00,741.4,4001.0,875.5,1479.9,7097.8,-5.9,-0.8,3.7
2025-12-29 10:00:00,722.2,4014.4,901.7,1493.6,7131.9,-6.2,-1.3,4.0
2025-12-29 11:00:00,729.0,3959.9,936.9,1501.0,7126.8,-6.5,-1.3,4.5
2025-12-29 12:00:00,741.2,3995.2,,1504.7,6241.1,-7.0,-1.2,4.2
2025-12-29 13:00:00,730.6,4076.9,851.7,1478.7,7137.9,-7.7,-1.5,3.2
2025-12-29 14:00:00,721.7,4149.7,858.9,1499.7,7230.0,-7.7,-2.0,3.1
2025-12-29 15:00:00,716.0,4272.6,911.1,1523.7,7423.4,-7.3,-2.2,3.0
2025-12-29 16:00:00,752.6,4289.0,961.3,1529.2,7532.1,-6.9,-2.1,2.4
2025-12-29 17:00:00,738.0,4252.3,983.3,1532.7,7506.3,-6.2,-2.4,2.4
2025-12-29 18:00:00,770.6,4215.1,951.3,1519.7,7456.7,-6.0,-2.5,2.5
2025-12-29 19:00:00,721.3,4154.6,934.9,1512.4,7323.2,-5.1,-2.7,2.2
2025-12-29 20:00:00,703.8,4044.3,892.8,1489.4,7130.3,-5.2,-2.9,2.1
2025-12-29 21:00:00,675.3,3943.6,857.5,,5476.4,-5.0,-3.3,2.4
2025-12-29 22:00:00,699.3,3887.7,808.6,1454.0,6849.6,-4.9,-3.3,2.7
2025-12-29 23:00:00,665.3,3769.2,775.6,1425.4,6635.5,-4.8,-3.2,2.4
2025-12-30 00:00:00,658.6,3703.7,783.7,1397.3,6543.3,-4.6,-2.6,1.9
2025-12-30 01:00:00,706.3,3674.0,791.2,1375.8,6547.3,-4.7,-3.1,1.3
2025-12-30 02:00:00,693.0,3634.6,817.7,1364.7,6510.0,-5.0,-2.7,1.0
2025-12-30 03:00:00,668.8,3543.2,826.8,1377.4,6416.2,-5.5,-2.6,1.1
2025-12-30 04:00:00,690.9,3546.7,826.7,1391.4,6455.7,-6.2,-2.3,1.3
2025-12-30 05:00:00,730.3,3637.8,844.9,1442.2,6655.2,-6.7,-2.4,1.0
2025-12-30 06:00:00,822.7,3802.9,844.6,1481.8,6952.0,-7.0,-2.5,0.8
2025-12-30 07:00:00,855.5,4004.6,903.0,1525.4,7288.5,-8.4,-3.0,0.5
2025-12-30 08:00:00,883.3,4078.6,933.4,1533.5,7428.8,-9.7,-3.0,0.8
2025-12-30 09:00:00,776.7,4149.7,941.6,1560.8,7428.8,-10.4,-2.8,0.7
2025-12-30 10:00:00,772.7,4177.3,925.0,1579.0,7454.0,-10.9,-2.5,0.7
2025-12-30 11:00:00,786.1,4167.4,896.6,1587.9,7438.0,-11.4,-2.1,0.6
2025-12-30 12:00:00,784.9,4173.9,888.8,1573.5,7421.1,-11.7,-1.7,0.7
2025-12-30 13:00:00,842.8,4150.7,867.0,1561.4,7421.9,-11.9,-2.5,0.8
2025-12-30 14:00:00,857.3,4237.6,915.3,1553.4,7563.6,-12.6,-2.4,0.7
2025-12-30 15:00:00,805.7,4294.2,967.9,1546.3,7614.1,-12.9,-2.8,0.5
2025-12-30 16:00:00,814.8,4281.3,997.6,1537.5,7631.2,-13.2,-3.4,0.5
2025-12-30 17:00:00,853.9,4339.2,1008.3,1524.5,7725.9,-13.4,-3.7,0.4
2025-12-30 18:00:00,831.8,4341.7,987.6,1513.2,7674.3,-13.6,-4.2,0.3
2025-12-30 19:00:00,767.5,4225.4,962.1,1486.0,7441.0,-15.5,-4.9,-0.3
2025-12-30 20:00:00,739.0,4091.8,955.9,1435.8,7222.5,-16.0,-5.2,-0.3
2025-12-30 21:00:00,714.3,3945.1,900.1,1464.1,7023.6,-16.4,-5.5,-0.1
2025-12-30 22:00:00,670.7,3763.9,866.1,1452.3,6753.0,-16.5,-5.7,0.3
2025-12-30 23:00:00,715.3,3670.5,844.4,1436.4,6666.6,-16.7,-5.8,0.6
2025-12-31 00:00:00,778.9,3574.8,797.2,1420.5,6571.4,-16.7,-5.6,0.6
2025-12-31 01:00:00,732.9,3576.1,782.5,1408.9,6500.4,-16.5,-6.4,0.8
2025-12-31 02:00:00,719.8,3545.0,772.0,1408.5,6445.3,-17.3,-6.5,0.8
2025-12-31 03:00:00,749.4,3504.7,777.7,1424.0,6455.8,-17.5,-5.7,0.7
2025-12-31 04:00:00,752.9,3513.8,801.0,1440.3,6508.0,-17.7,-5.6,1.0
2025-12-31 05:00:00,763.6,3524.2,824.4,1490.7,6602.9,-17.6,-5.6,1.3
2025-12-31 06:00:00,826.9,3616.5,861.9,1530.0,6835.3,-17.5,-5.4,1.6
2025-12-31 07:00:00,863.0,3712.3,908.1,1550.9,7034.3,-18.3,-5.9,1.5
2025-12-31 08:00:00,851.8,3805.6,956.7,1568.4,7182.5,-18.8,-6.9,1.6
2025-12-31 09:00:00,798.9,3881.0,961.0,1597.0,7237.9,-19.0,-7.2,1.8
2025-12-31 10:00:00,818.8,3933.6,928.4,1606.5,7287.3,-19.0,-6.8,2.4
2025-12-31 11:00:00,805.2,3958.4,918.1,1615.6,7297.3,-19.2,-6.3,3.1
2025-12-31 12:00:00,810.4,3931.9,898.9,1596.9,7238.1,-19.2,-5.8,3.2
2025-12-31 13:00:00,799.2,3937.8,890.2,1589.9,7217.1,-19.1,-5.3,3.6
2025-12-31 14:00:00,810.4,4033.4,899.3,1578.9,7322.0,-19.4,-5.4,3.7
2025-12-31 15:00:00,786.4,4216.4,951.8,1569.7,7524.3,-19.6,-5.9,3.4
2025-12-31 16:00:00,,4303.2,1010.4,1557.2,6870.8,-19.7,-6.0,2.5
2025-12-31 17:00:00,666.9,4261.4,1018.1,1538.1,7484.5,-19.8,-6.3,1.6
2025-12-31 18:00:00,638.5,4149.3,997.9,1529.5,7315.2,-19.6,-6.7,0.5
2025-12-31 19:00:00,627.0,4000.3,987.6,1504.0,7118.9,-20.6,-7.5,-0.7
2025-12-31 20:00:00,624.8,3875.9,972.5,1472.6,6945.8,-21.0,-7.2,-0.8
2025-12-31 21:00:00,607.4,3760.1,938.6,1503.6,6809.7,-21.0,-7.1,-0.4
2025-12-31 22:00:00,636.9,3662.6,865.1,1496.1,6660.7,-21.1,-7.2,0.8
2025-12-31 23:00:00,640.0,3580.1,796.7,1481.6,6498.4,-21.3,-6.7,2.5
2026-01-01 00:00:00,621.1,3459.8,730.5,1460.6,6272.0,-21.1,-6.1,3.1
